scoutId,regio1,regio2,regio3,geo_plz,baseRent,totalRent,serviceCharge,heatingCosts,livingSpace,noRooms,yearConstructed,condition,typeOfFlat,energyEfficiencyClass,heatingType,pricetrend,newlyConst,balcony,lift,cellar,garden,hasKitchen,date
106173037,Bremen,Bremen,Sebaldsbrück,28329,770.0,990.0,110.0,110.0,107.0,4.0,1982.0,fully_renovated,apartment,NO_INFORMATION,oil_heating,2.78,False,True,False,True,False,False,Sep18
107317860,Nordrhein_Westfalen,Essen,Katernberg,45327,440.0,660.0,140.0,80.0,71.0,3.0,2011.0,well_kept,ground_floor,,district_heating,3.23,False,True,False,True,False,False,Sep18
114801617,Sachsen,Chemnitz,Bernsdorf,9126,375.0,535.0,160.0,,70.0,3.0,1959.0,well_kept,apartment,C,central_heating,0.38,False,True,False,False,True,True,Feb20
113912910,Sachsen,Leipzig,Altlindenau,4177,1195.0,1745.0,550.0,,175.0,4.0,1900.0,fully_renovated,apartment,B,,4.15,False,True,True,False,False,False,Feb20
113091086,Nordrhein_Westfalen,Heinsberg_Kreis,Wegberg,41844,450.0,540.0,90.0,,70.0,3.0,1986.0,fully_renovated,apartment,D,self_contained_central_heating,2.99,False,True,False,True,False,False,Oct19
107346228,Berlin,Berlin,Tiergarten_Tiergarten,10553,491.5,629.0,137.5,,67.42,2.0,,,roof_storey,,,11.22,False,False,False,True,False,True,Sep18
111325121,Hamburg,Hamburg,Lokstedt,22529,1390.0,1640.0,250.0,,102.0,3.0,1950.0,refurbished,roof_storey,,gas_heating,6.19,False,True,False,True,False,True,May19
115266862,Bayern,Würzburg_Kreis,Kürnach,97273,700.0,,200.0,,89.0,3.0,2011.0,well_kept,,,,4.4,False,True,True,False,False,True,Feb20
111049917,Nordrhein_Westfalen,Minden_Lübbecke_Kreis,Lübbecke,32312,409.0,,257.0,96.0,74.0,3.0,1968.0,,apartment,F,central_heating,3.35,False,True,False,True,False,False,May19
111419168,Nordrhein_Westfalen,Düsseldorf,Eller,40231,590.06,,160.0,,68.91,3.0,1926.0,well_kept,ground_floor,D,central_heating,4.79,False,False,False,False,True,False,May19
109360104,Sachsen,Chemnitz,Kaßberg,9112,280.0,405.0,125.0,,53.25,2.0,,well_kept,apartment,,district_heating,0.72,False,False,True,False,False,False,Feb20
113604221,Nordrhein_Westfalen,Hagen,Boele,58099,1800.0,2100.0,200.0,100.0,180.0,6.0,,mint_condition,,,,1.17,False,True,False,True,True,True,Oct19
111353119,Nordrhein_Westfalen,Düsseldorf,Pempelfort,40211,335.0,410.0,75.0,,28.0,1.0,1956.0,fully_renovated,apartment,E,self_contained_central_heating,5.1,False,False,False,False,False,True,May19
110962348,Nordrhein_Westfalen,Gelsenkirchen,Bulmke_Hüllen,45888,388.0,493.0,105.0,,69.8,2.0,1954.0,fully_renovated,apartment,,self_contained_central_heating,2.87,False,False,False,True,False,False,May19
111144731,Bayern,München_Kreis,Oberschleißheim,85764,1590.0,1890.0,300.0,,97.56,4.0,1993.0,,apartment,F,,6.76,False,True,True,True,False,False,May19
115225780,Nordrhein_Westfalen,Remscheid,Vieringhausen,42857,510.0,,200.0,,101.0,3.0,1900.0,,roof_storey,,self_contained_central_heating,3.03,False,False,False,False,False,False,Feb20
113826183,Nordrhein_Westfalen,Rhein_Erft_Kreis,Brühl,50321,650.0,840.0,95.0,95.0,75.23,3.0,1970.0,need_of_renovation,other,,central_heating,3.93,False,True,False,True,False,False,Oct19
89347388,Bayern,Ansbach_Kreis,Herrieden,91567,300.0,450.0,150.0,,35.0,1.0,2001.0,mint_condition,ground_floor,,oil_heating,5.08,False,True,False,False,False,True,Sep18
110949815,Nordrhein_Westfalen,Aachen,Verlautenheide,52080,447.75,,250.0,,92.51,4.0,1996.0,,maisonette,,central_heating,1.93,False,True,False,False,False,False,May19
109406300,Sachsen_Anhalt,Saalekreis,Merseburg,6217,290.0,417.6,69.6,58.0,58.0,3.0,1962.0,,,,,0.18,False,True,False,False,False,False,Feb20
108814964,Sachsen,Meißen_Kreis,Nossen,1683,310.1,435.1,125.0,,56.9,2.0,1920.0,fully_renovated,apartment,,gas_heating,0.0,False,False,False,True,True,False,May19
112451513,Berlin,Berlin,Tiergarten_Tiergarten,10557,1492.77,1731.27,162.7,75.8,81.35,3.0,2019.0,first_time_use,apartment,B,district_heating,8.22,True,True,True,True,False,True,Oct19
110413862,Nordrhein_Westfalen,Aachen,Kalkofen,52068,593.28,799.28,143.0,63.0,74.16,3.0,1966.0,,apartment,E,central_heating,6.58,False,True,False,True,False,False,May19
114177037,Sachsen_Anhalt,Magdeburg,Neustädter_See,39126,232.0,312.0,40.0,40.0,36.64,1.0,1977.0,,other,,,1.4,False,True,True,False,False,False,Feb20
107032159,Baden_Württemberg,Schwarzwald_Baar_Kreis,Villingen_Schwenningen,78052,700.0,900.0,200.0,,91.0,3.0,1989.0,well_kept,ground_floor,,gas_heating,4.11,False,True,False,True,True,True,Sep18
114390129,Nordrhein_Westfalen,Duisburg,Alt_Hamborn,47166,399.0,,100.0,70.0,64.0,3.0,1962.0,modernized,apartment,,central_heating,3.4,False,True,False,True,False,False,Feb20
111354342,Niedersachsen,Hannover_Kreis,Garbsen,30826,320.0,370.0,50.0,,38.0,1.0,,,other,,,5.29,False,True,False,True,False,True,May19
110636008,Mecklenburg_Vorpommern,Ludwigslust_Kreis,Boizenburg/Elbe,19258,394.0,599.0,71.0,134.0,78.7,4.0,1969.0,need_of_renovation,apartment,,central_heating,0.0,False,True,False,True,False,False,May19
106871882,Hamburg,Hamburg,Billstedt,22117,730.0,840.0,110.0,,69.7,2.5,1938.0,modernized,roof_storey,,self_contained_central_heating,5.88,False,False,False,True,True,True,Sep18
113346239,Thüringen,Gera,Lusan_Brüte,7549,190.0,260.0,70.0,,32.35,1.0,1977.0,mint_condition,apartment,C,central_heating,2.45,False,False,False,True,False,False,Oct19
113197251,Nordrhein_Westfalen,Düren_Kreis,Düren,52349,602.0,782.0,180.0,,86.0,3.0,1954.0,well_kept,apartment,,central_heating,3.7,False,True,False,True,False,True,Oct19
113015291,Sachsen,Zwickau,Marienthal_West,8060,264.6,390.6,36.4,43.1,49.0,2.0,1966.0,,other,,,0.51,False,True,False,True,False,False,Oct19
113832548,Bayern,Nürnberg,St._Leonhard,90439,644.43,748.43,104.0,,65.96,3.0,1963.0,well_kept,,C,,4.73,False,False,False,False,False,False,Oct19
109274425,Sachsen,Leipzig,Zentrum_Südost,4103,1045.5,1353.0,307.5,,123.0,4.0,2019.0,mint_condition,apartment,,,6.17,True,True,False,False,False,False,May19
115689664,Sachsen,Leipzig,Paunsdorf,4328,500.0,700.0,100.0,100.0,75.15,3.0,,refurbished,other,A,gas_heating,3.22,False,False,False,True,False,True,Feb20
114520281,Sachsen,Sächsische_Schweiz_Osterzgebirge_Kreis,Pirna,1796,855.0,1155.0,300.0,,114.87,4.0,1900.0,refurbished,,,,0.93,False,True,True,True,False,False,Feb20
113853452,Schleswig_Holstein,Lübeck,Innenstadt,23552,599.0,,180.0,,60.0,2.0,1960.0,modernized,apartment,,central_heating,4.23,False,False,False,False,False,True,Oct19
115657585,Bayern,Ingolstadt,Südwest,85053,960.0,1150.0,190.0,,96.0,3.0,2003.0,mint_condition,apartment,,gas_heating,2.2,False,True,False,True,False,False,Feb20
115708044,Hessen,Frankfurt_am_Main,Nordend_Ost,60316,500.0,665.0,165.0,,31.0,1.0,1968.0,first_time_use_after_refurbishment,,,central_heating,5.39,False,True,True,False,False,True,Feb20
106673097,Nordrhein_Westfalen,Duisburg,Aldenrade,47179,340.0,462.0,122.0,,54.73,3.5,1954.0,,roof_storey,,,3.28,False,False,False,True,False,False,Sep18
112925763,Rheinland_Pfalz,Zweibrücken,Zweibrücken_Stadt,66482,400.0,,,,92.0,3.0,1977.0,well_kept,apartment,,,1.03,False,False,False,False,False,False,Oct19
99044701,Nordrhein_Westfalen,Bochum,Wiemelhausen/Brenschede,44799,550.0,550.0,0.0,,32.0,1.0,1984.0,mint_condition,terraced_flat,,floor_heating,4.29,False,True,False,False,True,True,May19
90802935,Bayern,München,Ramersdorf,81549,745.0,937.0,132.0,,30.45,1.0,2015.0,mint_condition,apartment,,central_heating,5.93,False,True,True,False,True,True,Sep18
111515732,Sachsen_Anhalt,Börde_Kreis,Harbke,39365,346.86,446.86,50.0,50.0,50.45,2.0,1956.0,mint_condition,apartment,,central_heating,1.97,False,True,True,False,False,True,Oct19
107346054,Brandenburg,Barnim_Kreis,Eberswalde,16225,342.0,455.0,113.0,,57.0,2.0,1924.0,refurbished,roof_storey,D,gas_heating,3.23,False,False,False,True,False,False,Sep18
106223923,Baden_Württemberg,Mannheim,Innenstadt_/_Jungbusch,68159,950.0,1150.0,200.0,,56.0,1.0,,first_time_use,loft,,central_heating,5.05,False,True,True,False,False,True,Sep18
115495905,Nordrhein_Westfalen,Düsseldorf,Grafenberg,40235,1100.0,1350.0,250.0,,100.0,3.0,,,maisonette,,,3.88,False,True,True,True,False,True,Feb20
93183849,Baden_Württemberg,Lörrach_Kreis,Weil_am_Rhein,79576,1050.0,1050.0,0.0,,51.0,1.0,1983.0,,,F,,7.69,False,True,True,False,False,True,May19
84700034,Rheinland_Pfalz,Alzey_Worms_Kreis,Osthofen,67574,610.0,810.0,200.0,,90.0,3.0,1993.0,mint_condition,maisonette,,central_heating,4.29,False,True,False,True,False,False,Feb20
115185511,Baden_Württemberg,Ludwigsburg_Kreis,Ludwigsburg,71638,1500.0,,250.0,,120.0,4.0,1864.0,,roof_storey,,central_heating,6.83,False,True,False,True,False,True,Feb20
115391600,Nordrhein_Westfalen,Bochum,Gleisdreieck,44787,790.0,1030.0,240.0,,80.0,4.0,,well_kept,apartment,NO_INFORMATION,district_heating,4.86,False,False,False,True,False,False,Feb20
106660253,Bremen,Bremen,Fesenfeld,28203,685.0,,220.0,,70.0,2.0,,,,,gas_heating,4.44,False,False,False,False,False,True,Feb20
115091005,Sachsen,Mittelsachsen_Kreis,Freiberg,9599,294.0,,52.0,65.0,49.0,2.0,1970.0,,apartment,C,district_heating,1.01,False,True,False,True,False,False,Feb20
85873849,Schleswig_Holstein,Rendsburg_Eckernförde_Kreis,Rendsburg,24768,299.0,,59.0,37.0,28.0,1.0,1950.0,well_kept,apartment,,central_heating,3.45,False,True,False,True,False,True,Sep18
106768391,Sachsen,Leipzig,Stötteritz,4299,300.0,440.0,140.0,,59.0,2.0,,refurbished,apartment,,central_heating,4.48,False,False,False,True,True,False,Sep18
59984889,Sachsen_Anhalt,Magdeburg,Leipziger_Str.,39112,390.0,485.0,45.0,45.0,57.71,2.0,1998.0,fully_renovated,apartment,,central_heating,1.78,False,False,False,True,True,True,Oct19
115599881,Baden_Württemberg,Rottweil_Kreis,Villingendorf,78667,550.0,600.0,50.0,,60.0,2.0,1980.0,first_time_use_after_refurbishment,,D,self_contained_central_heating,5.42,False,True,False,True,True,True,Feb20
113796323,Sachsen,Bautzen_Kreis,Großröhrsdorf,1900,768.0,960.0,192.0,,96.0,3.0,1920.0,refurbished,ground_floor,,,2.81,False,True,True,True,True,False,Oct19
111318782,Bayern,Dillingen_an_der_Donau_Kreis,Wertingen,86637,750.0,880.0,130.0,,103.0,4.0,2016.0,mint_condition,other,,floor_heating,4.24,False,True,False,True,False,True,May19
111042246,Sachsen,Leipzig,Gohlis_Nord,4157,1550.0,2050.0,400.0,,143.87,4.0,,first_time_use,,,,4.16,False,True,True,True,False,False,May19
113644237,Sachsen,Chemnitz,Gablenz,9126,234.0,334.0,100.0,,41.7,2.0,1929.0,,apartment,,,0.19,False,True,False,True,False,False,Oct19
107750299,Niedersachsen,Ammerland_Kreis,Rastede,26180,620.0,,,,71.0,3.0,2019.0,first_time_use,apartment,B,combined_heat_and_power_plant,3.91,True,True,True,True,False,False,May19
105926383,Sachsen_Anhalt,Dessau_Roßlau,Siedlung,6846,1235.0,1352.0,117.0,,129.5,4.0,1932.0,first_time_use,,NO_INFORMATION,district_heating,0.0,False,True,False,False,False,False,Sep18
115628972,Niedersachsen,Hannover_Kreis,Seelze,30926,500.0,646.0,76.0,70.0,52.64,2.0,1969.0,well_kept,apartment,E,district_heating,4.56,False,True,False,True,False,False,Feb20
115403033,Niedersachsen,Goslar_Kreis,Goslar,38640,750.0,750.0,180.0,,120.0,4.0,,fully_renovated,penthouse,,central_heating,3.49,False,True,False,True,True,False,Feb20
111049898,Nordrhein_Westfalen,Solingen,Solingen_Mitte,42655,309.0,,95.0,,43.25,1.0,1953.0,,apartment,F,,3.06,False,False,False,True,False,False,May19
115350364,Bayern,Garmisch_Partenkirchen_Kreis,Murnau_am_Staffelsee,82418,960.0,1200.0,240.0,,80.0,3.0,1963.0,well_kept,apartment,,oil_heating,5.37,False,True,False,False,False,True,Feb20
113382027,Mecklenburg_Vorpommern,Neubrandenburg,Stadtgebiet_Ost,17036,307.0,,126.0,87.0,76.02,4.0,1972.0,,apartment,,district_heating,0.78,False,True,False,False,False,False,Feb20
106655156,Sachsen,Nordsachsen_Kreis,Oschatz,4758,289.48,429.48,140.0,,56.76,2.0,1995.0,fully_renovated,roof_storey,,central_heating,1.75,False,True,False,True,False,True,Sep18
111349239,Hessen,Marburg_Biedenkopf_Kreis,Marburg,35037,370.0,395.0,,,11.0,1.0,,,apartment,,,2.88,False,False,False,False,False,False,May19
112324441,Brandenburg,Uckermark_Kreis,Prenzlau,17291,250.0,360.0,110.0,45.0,59.85,3.0,1989.0,well_kept,apartment,C,gas_heating,0.35,False,False,False,True,False,False,Oct19
115230788,Baden_Württemberg,Main_Tauber_Kreis,Grünsfeld,97947,895.0,895.0,0.0,,96.0,4.0,1968.0,,ground_floor,,central_heating,2.84,False,True,False,False,False,True,Feb20
100172355,Berlin,Berlin,Wilmersdorf_Wilmersdorf,10707,606.0,676.0,37.0,33.0,30.62,1.0,1896.0,refurbished,apartment,,district_heating,6.81,False,False,True,False,False,False,Oct19
106468049,Sachsen_Anhalt,Magdeburg,Reform,39120,316.0,448.72,132.72,,63.2,3.0,1958.0,modernized,other,B,gas_heating,2.65,False,False,False,False,False,False,May19
73367357,Nordrhein_Westfalen,Gelsenkirchen,Buer,45894,428.8,548.8,70.0,50.0,53.6,2.0,1950.0,well_kept,apartment,,gas_heating,3.18,False,True,False,True,True,False,May19
83712659,Sachsen,Chemnitz,Kaßberg,9112,304.0,432.0,64.0,64.0,64.0,3.0,1931.0,,apartment,,self_contained_central_heating,1.89,False,True,False,True,False,False,May19
115409733,Bayern,München,Milbertshofen,80807,1190.0,1190.0,,,29.0,1.0,1973.0,modernized,apartment,,oil_heating,5.9,False,True,False,False,False,True,Feb20
111229391,Niedersachsen,Schaumburg_Kreis,Hagenburg,31558,885.0,1085.0,200.0,,104.0,3.0,2019.0,first_time_use,apartment,,combined_heat_and_power_plant,5.56,True,True,True,False,False,False,May19
102286162,Hessen,Wiesbaden,Mitte,65185,1990.0,2140.0,150.0,,165.0,5.0,1900.0,refurbished,apartment,,self_contained_central_heating,2.94,False,False,False,True,False,True,Sep18
100316086,Niedersachsen,Hannover_Kreis,Garbsen,30823,700.0,886.0,186.0,50.0,64.0,3.0,1997.0,mint_condition,maisonette,,district_heating,4.35,False,True,False,False,False,True,Sep18
115173703,Schleswig_Holstein,Pinneberg_Kreis,Wedel,22880,1130.0,1445.0,250.0,,94.0,3.0,2013.0,mint_condition,penthouse,,central_heating,3.85,False,True,True,False,False,False,Feb20
98919362,Rheinland_Pfalz,Worms,Innenstadt_West,67549,704.0,784.0,80.0,,86.0,3.0,1980.0,fully_renovated,roof_storey,,gas_heating,4.17,False,True,False,False,False,False,May19
110633263,Berlin,Berlin,Prenzlauer_Berg_Prenzlauer_Berg,10405,1305.0,1439.0,134.0,,47.44,2.0,1906.0,,apartment,C,,7.69,False,True,True,False,False,False,Oct19
111730953,Thüringen,Eichsfeld_Kreis,Heilbad_Heiligenstadt,37308,390.36,498.36,108.0,,48.77,2.0,1984.0,,maisonette,,,4.33,False,False,True,False,False,False,Oct19
110152184,Hessen,Kassel,Forstfeld,34123,314.74,,120.5,,49.8,2.0,,,apartment,,self_contained_central_heating,1.77,False,False,False,True,False,False,May19
109272774,Sachsen,Chemnitz,Hilbersdorf,9131,190.0,270.0,80.0,,36.0,2.0,,fully_renovated,raised_ground_floor,,,0.0,False,True,False,True,True,False,May19
113853835,Bayern,Landshut,Wolfgang,84032,640.0,860.0,220.0,,78.89,3.0,1976.0,modernized,apartment,E,gas_heating,2.3,False,True,False,True,False,True,Oct19
106055368,Sachsen,Mittelsachsen_Kreis,Freiberg,9599,400.0,540.0,70.0,70.0,70.21,2.0,1910.0,well_kept,apartment,,central_heating,1.69,False,False,False,False,False,True,May19
113793332,Hessen,Frankfurt_am_Main,Höchst,65929,550.0,610.0,60.0,,53.0,2.0,,well_kept,apartment,,self_contained_central_heating,4.91,False,False,False,True,False,True,Oct19
78109407,Sachsen,Bautzen_Kreis,Sohland_an_der_Spree,2689,230.0,,100.0,,40.0,1.5,1900.0,modernized,ground_floor,D,central_heating,3.77,False,False,False,True,True,False,Sep18
115230049,Baden_Württemberg,Pforzheim,Au,75175,415.0,495.0,80.0,,60.0,3.0,1952.0,,apartment,,electric_heating,4.67,False,False,False,True,False,True,Feb20
110532477,Nordrhein_Westfalen,Warendorf_Kreis,Warendorf,48231,1140.0,1390.0,250.0,,128.0,4.0,1778.0,first_time_use,ground_floor,,central_heating,4.33,False,True,False,False,True,False,May19
115522077,Bayern,München,Aubing,81243,1750.0,2050.0,300.0,,99.0,4.0,2015.0,mint_condition,apartment,,,4.85,False,True,False,True,True,True,Feb20
110855734,Nordrhein_Westfalen,Düsseldorf,Stadtmitte,40210,1725.0,2045.0,320.0,,127.77,4.0,1955.0,first_time_use_after_refurbishment,terraced_flat,NO_INFORMATION,floor_heating,5.14,False,True,True,True,False,False,May19
62655144,Rheinland_Pfalz,Koblenz,Metternich,56072,630.0,,55.0,,68.0,2.5,2000.0,mint_condition,maisonette,,,3.3,False,True,False,True,False,True,Oct19
112906121,Thüringen,Wartburgkreis,Moorgrund,36433,750.0,1000.0,250.0,,120.0,4.0,2001.0,fully_renovated,apartment,,central_heating,6.02,False,True,False,False,False,False,Oct19
113645307,Hessen,Frankfurt_am_Main,Westend_Süd,60325,1795.0,,250.0,,123.0,3.0,1910.0,fully_renovated,apartment,,central_heating,4.48,False,True,True,False,False,False,Oct19
103664099,Sachsen,Leipzig,Neulindenau,4179,1452.0,1735.0,293.0,,115.93,5.0,,first_time_use,apartment,,,3.08,False,True,True,True,False,False,Sep18
87495306,Bayern,München,Hadern,81375,1100.0,1320.0,220.0,,78.0,3.0,1972.0,mint_condition,apartment,NO_INFORMATION,central_heating,5.22,False,True,True,True,False,False,Sep18
110724274,Niedersachsen,Diepholz_Kreis,Weyhe,28844,880.0,,,,85.32,3.0,2019.0,first_time_use,apartment,A_PLUS,central_heating,4.03,True,True,True,False,False,False,May19
111141538,Sachsen_Anhalt,Saalekreis,Bad_Dürrenberg,6231,355.0,515.0,80.0,80.0,63.8,3.0,1962.0,,,B,,0.54,False,True,False,True,False,False,Oct19
115610140,Rheinland_Pfalz,Speyer,Kernstadt_Nord,67346,1300.0,1365.0,65.0,,147.0,4.0,,mint_condition,apartment,,self_contained_central_heating,3.26,False,True,False,True,False,False,Feb20
109903501,Nordrhein_Westfalen,Neuss_Rhein_Kreis,Neuss,41462,492.56,647.56,155.0,0.0,68.89,2.0,1967.0,,apartment,,self_contained_central_heating,4.0,False,True,False,False,False,False,May19
110842641,Sachsen,Leipzig,Möckern,4159,280.0,365.0,85.0,,42.47,2.0,1900.0,well_kept,roof_storey,,central_heating,4.69,False,False,False,True,True,False,May19
81512130,Nordrhein_Westfalen,Euskirchen_Kreis,Euskirchen,53879,330.0,,150.0,,53.0,2.0,,,,,,3.52,False,False,False,False,False,False,May19
106290758,Bayern,Kaufbeuren,Neugablonz,87600,420.0,560.0,70.0,70.0,57.0,2.0,1969.0,well_kept,apartment,,central_heating,5.63,False,True,False,True,False,False,Sep18
115691211,Brandenburg,Barnim_Kreis,Eberswalde,16225,390.0,510.0,60.0,60.0,50.26,2.0,1964.0,,,B,,3.19,False,True,False,True,False,False,Feb20
101620504,Nordrhein_Westfalen,Düsseldorf,Stadtmitte,40212,1150.0,1380.0,130.0,100.0,108.0,3.0,1957.0,well_kept,other,,central_heating,5.05,False,True,False,False,False,True,Oct19
111145810,Hessen,Fulda_Kreis,Fulda,36037,250.0,,50.0,,18.0,1.0,2015.0,,,NO_INFORMATION,central_heating,7.24,False,False,False,False,False,False,May19
98977552,Sachsen_Anhalt,Halle_Saale,Lutherplatz/Thüringer_Bahnhof,6112,360.0,,87.0,68.0,62.08,2.0,1954.0,,,,,4.05,False,False,True,True,False,False,May19
113475658,Sachsen,Nordsachsen_Kreis,Eilenburg,4838,325.0,465.0,140.0,,65.0,2.0,1920.0,first_time_use_after_refurbishment,raised_ground_floor,,central_heating,2.82,False,False,False,True,True,True,Feb20
43166277,Nordrhein_Westfalen,Recklinghausen_Kreis,Castrop_Rauxel,44579,280.0,400.0,120.0,,45.5,2.0,1950.0,well_kept,,NO_INFORMATION,central_heating,3.23,False,False,False,True,False,False,Sep18
115471268,Sachsen_Anhalt,Mansfeld_Südharz_Kreis,Lutherstadt_Eisleben,6295,312.0,363.0,51.0,,57.72,3.0,1975.0,refurbished,apartment,C,central_heating,1.81,False,True,False,True,False,False,Feb20
112796153,Hessen,Wiesbaden,Biebrich,65199,842.88,1069.2,150.88,75.44,75.97,3.0,2018.0,,apartment,C,central_heating,2.0,True,True,True,False,False,False,Oct19
107677055,Nordrhein_Westfalen,Essen,Altenessen_Süd,45326,559.0,,138.0,92.0,92.0,3.0,1951.0,negotiable,apartment,,central_heating,4.76,False,False,False,True,False,False,May19
106053419,Rheinland_Pfalz,Alzey_Worms_Kreis,Osthofen,67574,714.0,864.0,150.0,,119.0,4.0,,well_kept,roof_storey,,central_heating,4.29,False,True,False,False,False,False,Sep18
86670374,Baden_Württemberg,Lörrach_Kreis,Lörrach,79539,1310.0,1310.0,0.0,,55.0,2.0,1955.0,,ground_floor,G,,6.86,False,True,False,True,False,True,Sep18
111043949,Bayern,Garmisch_Partenkirchen_Kreis,Unterammergau,82497,900.0,,,,120.0,3.0,1800.0,well_kept,ground_floor,,central_heating,2.92,False,True,False,False,False,True,May19
40326246,Hessen,Offenbach_Kreis,Mühlheim_am_Main,63165,330.0,,150.0,,39.0,1.0,1970.0,,roof_storey,,central_heating,5.25,False,False,False,True,False,False,May19
111392864,Nordrhein_Westfalen,Solingen,Solingen_Mitte,42651,230.0,350.0,60.0,60.0,25.0,1.0,1977.0,modernized,ground_floor,,central_heating,3.06,False,False,False,True,False,False,May19
65809594,Sachsen_Anhalt,Magdeburg,Stadtfeld_Ost,39108,360.0,470.0,110.0,,52.75,2.0,1900.0,refurbished,roof_storey,,central_heating,2.62,False,True,False,True,False,True,May19
108982490,Bayern,Miltenberg_Kreis,Großwallstadt,63868,795.0,990.0,195.0,,55.0,2.0,2018.0,mint_condition,,,heat_pump,2.76,False,True,False,False,True,True,Feb20
114129470,Berlin,Berlin,Neukölln_Neukölln,12059,406.71,487.71,81.0,,38.03,1.0,1918.0,well_kept,ground_floor,F,self_contained_central_heating,9.65,False,False,False,True,False,False,Feb20
107363495,Nordrhein_Westfalen,Köln,Buchheim,51067,1595.0,1815.0,220.0,,145.0,5.0,2018.0,first_time_use,maisonette,A,combined_heat_and_power_plant,4.81,True,True,False,False,False,False,Sep18
113191508,Hamburg,Hamburg,Barmbek_Süd,22083,1580.0,1823.0,243.0,,81.0,3.0,2018.0,mint_condition,apartment,,district_heating,5.62,True,True,True,True,False,True,Oct19
67847549,Sachsen_Anhalt,Magdeburg,Sudenburg,39112,395.0,550.0,155.0,,70.0,2.0,1906.0,modernized,apartment,,central_heating,3.51,False,True,False,True,False,False,May19
111176428,Sachsen_Anhalt,Magdeburg,Sudenburg,39112,271.0,383.0,112.0,,46.0,2.0,1900.0,fully_renovated,ground_floor,,central_heating,1.66,False,False,False,False,False,True,Oct19
115601457,Sachsen,Chemnitz,Kaßberg,9112,252.0,372.0,120.0,,60.0,2.0,,well_kept,roof_storey,,central_heating,0.9,False,False,False,True,False,False,Feb20
114396341,Sachsen,Chemnitz,Sonnenberg,9130,140.0,195.0,55.0,,26.5,1.0,1997.0,fully_renovated,roof_storey,,central_heating,0.63,False,False,True,True,True,False,Feb20
111604642,Sachsen,Chemnitz,Schloßchemnitz,9113,286.0,414.0,128.0,,63.37,3.0,1920.0,well_kept,apartment,,central_heating,0.19,False,True,False,True,False,False,Oct19
111000630,Baden_Württemberg,Rhein_Neckar_Kreis,Schwetzingen,68723,1100.0,1350.0,250.0,,113.0,4.0,,,apartment,,,4.7,False,True,False,True,False,True,May19
114505959,Niedersachsen,Peine_Kreis,Peine,31226,670.0,910.0,240.0,,122.0,3.0,,well_kept,ground_floor,,central_heating,2.9,False,True,False,True,True,False,Feb20
111201818,Niedersachsen,Stade_Kreis,Buxtehude,21698,1300.0,1545.0,245.0,,98.24,4.0,2015.0,mint_condition,apartment,A_PLUS,heat_pump,4.19,False,True,False,False,False,True,May19
106840888,Sachsen,Meißen_Kreis,Weinböhla,1689,355.0,475.0,120.0,,53.5,2.5,1995.0,well_kept,roof_storey,D,central_heating,1.54,False,True,False,True,False,True,Sep18
111230784,Bayern,Nürnberg,Steinbühl,90443,1790.0,2280.0,490.0,,260.0,7.0,,first_time_use_after_refurbishment,apartment,NO_INFORMATION,central_heating,4.58,False,True,False,True,True,True,May19
111982887,Niedersachsen,Hannover,Groß_Buchholz,30659,1281.99,1684.33,226.1,96.24,113.05,4.0,2019.0,first_time_use,ground_floor,,,3.68,True,True,True,False,False,True,Oct19
107364584,Nordrhein_Westfalen,Köln,Kalk,51107,490.0,650.0,160.0,,46.0,2.0,,,other,,,5.38,False,False,False,True,False,False,Sep18
105576187,Sachsen,Mittelsachsen_Kreis,Hainichen,9661,220.0,340.0,120.0,65.0,48.0,2.0,1909.0,,,,central_heating,0.0,False,False,False,True,False,True,Sep18
54997763,Nordrhein_Westfalen,Duisburg,Neudorf_Süd,47057,413.0,577.0,164.0,,66.0,3.0,,fully_renovated,,,central_heating,4.62,False,False,False,True,False,False,Sep18
113633607,Bayern,Nürnberg,St._Leonhard,90439,750.0,900.0,,,75.0,3.0,1963.0,well_kept,apartment,,central_heating,4.73,False,True,False,False,False,False,Oct19
103760985,Nordrhein_Westfalen,Leverkusen,Lützenkirchen,51381,545.0,745.0,200.0,,77.39,3.0,1995.0,well_kept,ground_floor,,gas_heating,1.39,False,True,False,True,False,True,Feb20
106860722,Sachsen_Anhalt,Saalekreis,Salzmünde,6198,155.0,245.0,60.0,,25.0,1.0,1996.0,well_kept,roof_storey,,central_heating,1.74,False,False,False,False,False,False,May19
113146938,Sachsen_Anhalt,Halle_Saale,Heide_Nord/Blumenau,6120,320.15,,68.6,51.45,57.17,3.0,1987.0,refurbished,,B,district_heating,2.41,False,True,False,False,False,False,Oct19
111398089,Hessen,Frankfurt_am_Main,Innenstadt,60313,3200.0,3700.0,500.0,,152.0,3.5,2014.0,mint_condition,penthouse,NO_INFORMATION,gas_heating,5.99,False,True,True,True,False,True,May19
89267522,Nordrhein_Westfalen,Kleve_Kreis,Bedburg_Hau,47551,750.0,990.0,110.0,130.0,110.0,4.0,1900.0,well_kept,apartment,,central_heating,,False,True,False,False,False,True,Feb20
110344499,Niedersachsen,Leer_Kreis,Leer_Ostfriesland,26789,650.0,,,,61.35,2.0,2018.0,first_time_use,terraced_flat,,floor_heating,4.68,True,True,True,True,False,True,May19
107366404,Baden_Württemberg,Alb_Donau_Kreis,Dornstadt,89160,800.0,980.0,180.0,,113.0,4.0,1971.0,well_kept,apartment,D,central_heating,5.63,False,True,False,True,False,False,Sep18
54015078,Hessen,Frankfurt_am_Main,Westend_Süd,60325,1450.0,1700.0,250.0,,100.0,3.5,1900.0,modernized,roof_storey,NO_INFORMATION,central_heating,5.16,False,False,False,True,False,True,Sep18
113250567,Niedersachsen,Lüneburg_Kreis,Lüneburg,21335,1750.0,2000.0,170.0,80.0,156.0,5.0,1890.0,fully_renovated,maisonette,,central_heating,3.7,False,True,False,False,False,True,Oct19
106976436,Sachsen,Chemnitz,Bernsdorf,9126,170.0,238.0,68.0,,33.13,1.5,1912.0,well_kept,,,gas_heating,0.0,False,False,False,True,False,False,Sep18
108686579,Hessen,Main_Taunus_Kreis,Schwalbach_am_Taunus,65760,1150.0,1500.0,150.0,,82.08,2.0,2018.0,first_time_use,penthouse,,floor_heating,4.23,True,True,True,False,False,True,May19
113699173,Bayern,Passau,Heining,94036,460.0,655.0,150.0,,62.0,2.0,1994.0,,apartment,,central_heating,5.49,False,True,False,True,False,True,Oct19
110778700,Bayern,Ansbach,Stadt,91522,350.0,430.0,80.0,,56.0,2.0,1964.0,fully_renovated,roof_storey,,oil_heating,5.19,False,False,False,True,False,False,May19
115367569,Sachsen,Zwickau,Innenstadt,8056,215.0,290.0,75.0,,26.64,1.0,1600.0,refurbished,roof_storey,,central_heating,1.92,False,False,True,False,False,True,Feb20
107063610,Sachsen,Dresden,Striesen_Süd,1309,1800.0,2215.0,145.0,145.0,176.4,5.0,2016.0,mint_condition,,B,district_heating,2.25,False,True,True,True,True,False,Oct19
72351775,Schleswig_Holstein,Kiel,Gaarden_Ost,24143,660.0,750.0,90.0,,77.67,3.0,1906.0,modernized,roof_storey,NO_INFORMATION,central_heating,4.62,False,False,False,True,False,True,Feb20
104571734,Sachsen,Leipzig,Zentrum_Süd,4017,2625.0,3213.0,588.0,,210.0,6.0,2018.0,first_time_use,terraced_flat,,district_heating,5.84,True,True,True,True,True,True,Sep18
113697562,Baden_Württemberg,Ortenaukreis,Kehl,77694,565.0,695.0,130.0,,45.0,2.0,2018.0,mint_condition,apartment,B,central_heating,3.19,True,True,True,True,False,False,Oct19
107338576,Bayern,Nürnberg,Schweinau,90441,545.0,,90.0,,45.45,2.0,2018.0,first_time_use,apartment,A,,5.7,True,True,True,True,True,False,Sep18
115470777,Sachsen,Zwickau_Kreis,Crimmitschau,8451,670.0,869.0,199.0,,120.0,4.0,1898.0,fully_renovated,apartment,,gas_heating,0.97,False,True,False,True,True,False,Feb20
108165912,Thüringen,Erfurt,Andreasvorstadt,99089,380.0,497.0,117.0,,58.39,3.0,,,roof_storey,,central_heating,4.05,False,False,False,True,True,False,May19
97742950,Baden_Württemberg,Esslingen_Kreis,Filderstadt,70794,585.0,700.0,115.0,,47.3,1.0,1970.0,well_kept,raised_ground_floor,,central_heating,4.49,False,True,False,True,True,True,Oct19
82273475,Brandenburg,Teltow_Fläming_Kreis,Zossen,15806,455.76,575.76,120.0,,78.58,3.0,1999.0,well_kept,apartment,,central_heating,4.49,False,False,False,True,False,False,Oct19
115342234,Thüringen,Gera,Gera_Nord/Langenberg,7552,340.0,500.0,160.0,,65.92,2.0,,well_kept,,NO_INFORMATION,central_heating,1.97,False,True,False,True,False,False,Feb20
115496710,Nordrhein_Westfalen,Wuppertal,Barmen,42285,425.0,,90.0,,60.0,2.0,1914.0,,apartment,G,self_contained_central_heating,3.08,False,True,False,False,False,False,Feb20
111274471,Nordrhein_Westfalen,Dortmund,Körne,44141,1750.0,2000.0,250.0,,196.0,3.5,2004.0,well_kept,maisonette,,floor_heating,3.92,False,True,True,False,False,True,May19
111350022,Sachsen,Dresden,Prohlis_Süd,1239,417.82,590.6,172.78,81.66,64.28,2.0,1978.0,modernized,apartment,,district_heating,1.78,False,True,False,True,False,False,May19
110365140,Sachsen,Chemnitz,Kaßberg,9112,250.0,345.0,95.0,,45.99,1.0,1928.0,refurbished,,,central_heating,0.0,False,True,True,True,False,False,May19
115669465,Brandenburg,Oberspreewald_Lausitz_Kreis,Altdöbern,3229,235.6,,60.0,60.0,58.9,3.0,1963.0,refurbished,apartment,D,,0.0,False,True,False,False,False,False,Feb20
110532730,Nordrhein_Westfalen,Unna_Kreis,Unna,59425,895.0,1165.0,270.0,,113.0,3.0,1993.0,well_kept,raised_ground_floor,,gas_heating,3.17,False,True,True,False,False,True,May19
115457873,Nordrhein_Westfalen,Recklinghausen_Kreis,Oer_Erkenschwick,45739,560.0,795.0,135.0,100.0,92.71,4.5,1998.0,,apartment,,central_heating,3.02,False,True,False,True,False,False,Feb20
95502437,Sachsen,Chemnitz,Sonnenberg,9130,238.0,348.0,110.0,,47.65,2.0,,first_time_use_after_refurbishment,ground_floor,,central_heating,2.17,False,True,False,True,False,False,Feb20
115614608,Hessen,Frankfurt_am_Main,Sindlingen,65931,700.0,880.0,180.0,,54.0,2.0,1953.0,,apartment,E,gas_heating,5.2,False,False,False,True,False,False,Feb20
115119093,Sachsen,Hoyerswerda,Zeißig,2977,269.56,399.56,80.0,50.0,60.32,3.0,1963.0,,,,,0.19,False,True,False,False,False,False,Feb20
115625729,Bayern,Regensburg,Westenviertel,93049,995.0,1217.0,222.0,111.0,73.78,3.0,1962.0,first_time_use_after_refurbishment,,,,4.09,False,False,False,False,False,False,Feb20
114438291,Sachsen,Chemnitz,Sonnenberg,9130,270.0,,103.5,,45.0,2.0,1900.0,first_time_use_after_refurbishment,raised_ground_floor,,central_heating,0.63,False,True,True,True,False,False,Feb20
115539246,Hessen,Kassel,Oberzwehren,34132,347.0,497.0,150.0,77.5,57.79,3.0,1939.0,modernized,ground_floor,,central_heating,1.89,False,True,False,False,False,False,Feb20
107974371,Schleswig_Holstein,Pinneberg_Kreis,Quickborn,25451,617.5,869.0,121.0,98.0,65.0,2.5,2013.0,well_kept,raised_ground_floor,,gas_heating,2.98,False,True,False,True,True,True,Oct19
110236126,Sachsen_Anhalt,Halle_Saale,Lutherplatz/Thüringer_Bahnhof,6110,630.0,765.0,135.0,,67.0,2.0,,,ground_floor,,central_heating,4.05,False,True,False,True,False,False,May19
105752413,Hessen,Main_Kinzig_Kreis,Gründau,63584,950.0,1245.0,295.0,,158.0,5.5,1965.0,refurbished,ground_floor,,self_contained_central_heating,4.35,False,False,False,True,False,False,Sep18
113779922,Berlin,Berlin,Hellersdorf_Hellersdorf,12627,583.56,818.0,234.44,81.09,72.99,4.0,1990.0,first_time_use_after_refurbishment,apartment,,gas_heating,7.0,False,True,False,True,False,False,Oct19
106048531,Sachsen,Chemnitz,Hilbersdorf,9131,195.0,273.0,78.0,,35.5,2.0,,fully_renovated,raised_ground_floor,,central_heating,0.0,False,False,False,True,True,False,Sep18
110181560,Sachsen,Bautzen_Kreis,Bautzen,2625,324.0,464.0,80.0,60.0,57.7,2.0,1976.0,refurbished,apartment,B,district_heating,1.76,False,True,True,False,False,False,May19
106148721,Sachsen,Mittelsachsen_Kreis,Hartmannsdorf,9232,240.26,373.73,133.48,,53.39,2.0,,well_kept,,,,0.0,False,False,False,False,False,False,Sep18
115065277,Berlin,Berlin,Tiergarten_Tiergarten,10785,3900.0,4400.0,500.0,,124.0,3.0,,mint_condition,other,,,7.78,False,True,True,True,False,True,Feb20
115390072,Sachsen,Mittelsachsen_Kreis,Döbeln,4720,235.0,367.0,132.85,,58.79,2.0,,,apartment,,central_heating,0.98,False,False,False,False,False,False,Feb20
113111236,Hessen,Main_Kinzig_Kreis,Hanau,63450,1100.0,1200.0,100.0,,106.0,4.0,1921.0,first_time_use_after_refurbishment,apartment,,gas_heating,4.6,False,False,False,True,False,False,Oct19
112312082,Bayern,Cham_Kreis,Traitsching,93455,650.0,720.0,70.0,,100.0,4.0,1980.0,well_kept,apartment,NO_INFORMATION,electric_heating,2.56,False,True,False,True,True,True,Oct19
112930538,Sachsen,Chemnitz,Zentrum,9111,231.77,364.21,66.22,66.22,66.22,2.0,,refurbished,apartment,,central_heating,0.55,False,False,False,True,False,True,Oct19
113469749,Nordrhein_Westfalen,Bielefeld,Innenstadt,33604,980.0,,250.0,,96.0,3.0,2016.0,,ground_floor,A,floor_heating,3.82,False,True,True,True,False,False,Oct19
111140735,Nordrhein_Westfalen,Märkischer_Kreis,Lüdenscheid,58515,999.0,1269.0,270.0,,88.55,3.0,2000.0,well_kept,apartment,,gas_heating,3.67,False,True,True,True,False,True,May19
111422874,Rheinland_Pfalz,Kaiserslautern,Innenstadt,67657,535.0,,110.0,,67.0,2.0,,well_kept,ground_floor,D,stove_heating,3.99,False,True,False,False,False,False,May19
115399563,Rheinland_Pfalz,Bitburg_Prüm_Kreis,Nattenheim,54636,550.0,700.0,150.0,,110.0,4.0,1900.0,well_kept,apartment,D,central_heating,,False,False,False,False,False,True,Feb20
79510201,Thüringen,Greiz_Kreis,Greiz,7973,315.0,,130.0,,63.0,2.0,1900.0,,apartment,,central_heating,0.0,False,True,False,False,False,False,Sep18
115523543,Niedersachsen,Harburg_Kreis,Stelle,21435,620.0,825.0,155.0,,60.0,2.0,2015.0,mint_condition,apartment,NO_INFORMATION,central_heating,3.61,False,True,True,True,False,True,Feb20
110286445,Schleswig_Holstein,Lübeck,St._Jürgen,23560,650.0,760.0,110.0,,50.0,1.0,,first_time_use_after_refurbishment,apartment,,,4.86,False,False,False,True,False,True,May19
91411322,Sachsen_Anhalt,Magdeburg,Werder,39114,1085.0,1472.0,387.0,,155.0,3.0,1890.0,first_time_use_after_refurbishment,roof_storey,,central_heating,2.78,False,True,True,False,True,False,Feb20
115070463,Bayern,München,Hasenbergl,80935,950.0,1030.0,80.0,,36.0,1.0,1976.0,modernized,apartment,,central_heating,5.74,False,True,True,True,False,True,Feb20
32355321,Hamburg,Hamburg,Winterhude,22303,912.0,1036.0,78.0,46.0,65.09,2.5,1952.0,refurbished,apartment,,central_heating,6.26,False,False,False,True,True,True,May19
105476319,Hessen,Wiesbaden,Sonnenberg,65191,980.0,,210.0,100.0,105.8,3.0,1953.0,fully_renovated,ground_floor,F,central_heating,3.33,False,True,False,False,False,False,Sep18
115338721,Nordrhein_Westfalen,Bochum,Grumme,44791,1115.0,,222.0,147.0,116.75,3.0,2016.0,fully_renovated,ground_floor,,,4.09,False,True,False,True,True,False,Feb20
111396084,Berlin,Berlin,Neu_Hohenschönhausen_Hohenschönhausen,13057,228.41,290.08,41.11,20.56,32.63,1.0,1989.0,refurbished,apartment,,central_heating,8.24,False,False,False,False,False,False,May19
107801436,Bayern,Würzburg,Mainviertel,97082,1370.0,1370.0,0.0,,65.0,2.0,1950.0,,,,central_heating,6.02,False,True,False,False,False,True,Oct19
68594818,Nordrhein_Westfalen,Rheinisch_Bergischer_Kreis,Bergisch_Gladbach,51429,1610.0,1950.0,340.0,,65.1,2.0,2002.0,fully_renovated,apartment,,floor_heating,3.9,False,True,True,True,False,True,Sep18
106986573,Nordrhein_Westfalen,Mönchengladbach,Schmölderpark,41239,419.0,,215.0,80.0,69.64,2.0,1974.0,well_kept,apartment,F,central_heating,3.23,False,True,True,True,True,False,Sep18
110368049,Niedersachsen,Goslar_Kreis,Seesen,38723,395.0,,75.0,100.0,67.94,3.0,1965.0,well_kept,ground_floor,,district_heating,2.14,False,True,False,True,False,False,Feb20
111331176,Berlin,Berlin,Friedenau_Schöneberg,12159,840.0,965.0,125.0,,60.0,2.0,,,apartment,,gas_heating,8.93,False,True,False,False,False,False,May19
106919154,Saarland,Stadtverband_Saarbrücken_Kreis,Saarbrücken,66129,555.0,675.0,120.0,,90.0,3.0,,fully_renovated,other,,,2.99,False,False,False,False,False,False,Sep18
108834750,Sachsen,Chemnitz,Sonnenberg,9130,224.1,328.68,104.58,54.78,49.8,2.0,1900.0,well_kept,roof_storey,,central_heating,0.0,False,True,False,False,False,False,May19
109945747,Sachsen,Leipzig_Kreis,Borna,4552,230.0,330.0,100.0,,47.52,3.0,1997.0,modernized,apartment,,central_heating,2.5,False,False,False,True,False,False,May19
106152474,Bremen,Bremen,Gete,28213,1180.0,1560.0,380.0,,134.2,3.0,,mint_condition,apartment,NO_INFORMATION,,4.49,False,True,True,True,True,True,Sep18
115165819,Berlin,Berlin,Kreuzberg_Kreuzberg,10965,1156.44,1534.62,217.49,160.69,93.01,3.0,1964.0,first_time_use,apartment,NO_INFORMATION,central_heating,7.88,False,True,True,False,False,False,Feb20
110215841,Sachsen_Anhalt,Stendal_Kreis,Stendal,39576,286.39,378.92,92.53,44.06,44.06,2.0,1971.0,,apartment,,central_heating,2.01,False,True,False,False,False,False,May19
114218847,Sachsen,Chemnitz,Kaßberg,9116,305.0,425.0,120.0,,61.0,2.0,1905.0,,roof_storey,,central_heating,0.72,False,False,False,True,False,True,Feb20
110806347,Sachsen,Chemnitz,Rottluff,9116,320.0,430.0,110.0,,64.0,2.0,1926.0,modernized,,,central_heating,0.53,False,True,False,True,True,True,Oct19
104135389,Sachsen_Anhalt,Mansfeld_Südharz_Kreis,Sangerhausen,6526,313.0,372.06,59.06,,59.06,3.0,1960.0,well_kept,ground_floor,E,gas_heating,2.34,False,False,False,True,False,False,May19
112160708,Sachsen_Anhalt,Burgenlandkreis,Weißenfels,6667,156.0,225.0,69.0,,31.0,2.0,1981.0,refurbished,,,central_heating,0.19,False,False,False,True,False,False,Oct19
113850771,Baden_Württemberg,Rems_Murr_Kreis,Fellbach,70736,386.0,426.0,40.0,,35.0,2.0,1959.0,modernized,roof_storey,,oil_heating,6.44,False,False,False,False,False,True,Oct19
112486291,Nordrhein_Westfalen,Köln,Mülheim,51063,899.0,998.0,99.0,,61.0,2.0,,refurbished,apartment,,self_contained_central_heating,5.3,False,True,False,True,False,True,Feb20
115460720,Sachsen_Anhalt,Halle_Saale,Westliche_Neustadt,6126,316.0,405.0,51.0,38.0,37.58,1.0,1979.0,refurbished,apartment,C,,1.86,False,True,True,False,False,False,Feb20
111263838,Nordrhein_Westfalen,Aachen,Innenstadt,52062,775.0,995.0,220.0,,83.0,3.0,1967.0,first_time_use_after_refurbishment,roof_storey,,central_heating,3.7,False,False,True,True,False,False,May19
91567868,Schleswig_Holstein,Lübeck,St._Jürgen,23560,420.0,520.0,100.0,,54.0,3.0,,,roof_storey,,,5.13,False,False,False,True,False,True,May19
114513789,Sachsen,Leipzig,Möckern,4159,320.0,450.0,130.0,,60.0,2.0,,refurbished,apartment,,central_heating,3.62,False,False,False,True,True,False,Feb20
110943252,Sachsen,Chemnitz,Hilbersdorf,9131,250.0,378.0,128.0,,58.05,3.0,1894.0,well_kept,ground_floor,,central_heating,0.0,False,True,False,True,False,False,May19
113761672,Nordrhein_Westfalen,Bottrop,Altstadt,46236,350.0,560.0,150.0,60.0,53.43,2.5,1957.0,well_kept,apartment,E,district_heating,3.67,False,False,True,True,False,False,Oct19
106321504,Sachsen,Leipzig,Mockau_Süd,4357,732.5,996.0,263.5,,97.68,3.0,,first_time_use_after_refurbishment,roof_storey,,floor_heating,5.0,False,False,False,True,True,False,Sep18
109001185,Sachsen_Anhalt,Altmarkkreis_Salzwedel,Kalbe_Milde,39624,243.0,374.0,55.0,76.0,60.68,3.0,1966.0,fully_renovated,apartment,,central_heating,2.13,False,True,False,False,False,False,May19
110416581,Sachsen,Nordsachsen_Kreis,Taucha,4425,295.0,370.0,75.0,,36.74,1.0,1939.0,refurbished,roof_storey,,central_heating,3.91,False,True,False,True,False,False,Feb20
115573874,Berlin,Berlin,Spandau_Spandau,13597,720.0,798.0,78.0,,60.0,2.0,,,,,,6.07,False,False,False,False,False,True,Feb20
111151484,Niedersachsen,Diepholz_Kreis,Syke,28857,760.0,,180.0,,91.0,3.0,2015.0,mint_condition,apartment,,gas_heating,3.7,False,True,True,True,False,True,May19
115307070,Sachsen_Anhalt,Dessau_Roßlau,Innerstädtischer_Bereich_Nord,6844,325.0,435.0,110.0,,54.0,2.0,,fully_renovated,apartment,,gas_heating,2.27,False,False,False,True,True,False,Feb20
94949579,Sachsen,Plauen,Obere_Aue,8523,350.0,470.0,120.0,90.0,54.0,2.0,,mint_condition,apartment,,central_heating,3.5,False,False,True,False,True,False,May19
115307803,Nordrhein_Westfalen,Düsseldorf,Stadtmitte,40210,930.0,930.0,150.0,,67.0,3.0,,first_time_use_after_refurbishment,apartment,NO_INFORMATION,district_heating,4.99,False,False,True,True,False,False,Feb20
105723453,Nordrhein_Westfalen,Lippe_Kreis,Detmold,32758,231.7,291.7,60.0,0.0,45.57,1.0,1984.0,,apartment,,electric_heating,3.23,False,True,True,False,False,False,Sep18
110605220,Niedersachsen,Hannover_Kreis,Ronnenberg,30952,950.0,1210.0,260.0,,145.0,4.0,1907.0,refurbished,ground_floor,,oil_heating,5.71,False,False,False,True,False,True,May19
106940153,Sachsen,Bautzen_Kreis,Bautzen,2625,415.0,485.0,70.0,,64.11,2.0,1900.0,,ground_floor,C,central_heating,1.76,False,False,False,False,False,False,May19
115563641,Nordrhein_Westfalen,Gelsenkirchen,Hassel,45896,409.0,,100.0,80.0,72.2,3.0,1960.0,fully_renovated,apartment,,,2.6,False,True,True,True,False,False,Feb20
111419637,Nordrhein_Westfalen,Wuppertal,Elberfeld_West,42117,240.0,360.0,60.0,60.0,38.0,1.0,,first_time_use_after_refurbishment,raised_ground_floor,,central_heating,3.37,False,True,False,False,False,False,May19
111602661,Nordrhein_Westfalen,Dortmund,Asseln,44319,650.0,750.0,100.0,,20.0,11.0,2019.0,first_time_use,ground_floor,,,2.88,True,True,True,False,True,False,Oct19
64882538,Nordrhein_Westfalen,Mönchengladbach,Gladbach,41061,490.0,,,,87.0,3.5,1956.0,well_kept,apartment,,self_contained_central_heating,3.3,False,False,False,True,False,False,Oct19
110363298,Sachsen,Vogtlandkreis,Netzschkau,8491,190.0,,95.0,,46.0,1.0,1920.0,,raised_ground_floor,D,central_heating,4.08,False,True,False,True,True,False,May19
107710460,Sachsen,Vogtlandkreis,Elsterberg,7985,250.0,360.0,110.0,,58.0,3.0,1986.0,well_kept,apartment,C,gas_heating,1.76,False,False,False,True,True,True,Oct19
89195784,Nordrhein_Westfalen,Hagen,Mittelstadt,58095,300.0,350.0,50.0,,22.0,1.0,1969.0,,roof_storey,,central_heating,3.57,False,False,False,False,False,True,Feb20
94326251,Sachsen_Anhalt,Burgenlandkreis,Zeitz,6712,220.0,,100.0,,57.0,2.0,1915.0,,roof_storey,,central_heating,2.08,False,False,False,False,False,False,Sep18
106316416,Nordrhein_Westfalen,Köln,Neuehrenfeld,50823,1125.0,,140.0,,90.0,2.5,1914.0,fully_renovated,apartment,D,self_contained_central_heating,5.45,False,False,False,False,False,True,Sep18
111246416,Saarland,Stadtverband_Saarbrücken_Kreis,Saarbrücken,66123,460.0,,150.0,,59.0,2.0,1995.0,mint_condition,apartment,,central_heating,2.82,False,False,True,True,False,True,May19
113852158,Nordrhein_Westfalen,Bonn,Venusberg,53127,950.0,1350.0,350.0,50.0,72.0,3.0,,well_kept,raised_ground_floor,,gas_heating,2.97,False,True,False,True,True,True,Oct19
114724659,Sachsen,Leipzig,Zentrum,4109,780.0,780.0,0.0,,37.0,1.0,,,,,,5.59,False,False,True,False,False,True,Feb20
112434876,Bayern,München,Maxvorstadt,80799,2100.0,2209.2,109.2,,91.0,3.0,1893.0,first_time_use_after_refurbishment,apartment,,self_contained_central_heating,5.74,False,True,False,False,False,False,Feb20
115511995,Sachsen_Anhalt,Magdeburg,Cracau,39114,326.96,505.72,178.76,97.2,51.49,2.0,1928.0,modernized,ground_floor,,gas_heating,0.77,False,True,False,True,False,False,Feb20
111394955,Baden_Württemberg,Zollernalbkreis,Hechingen,72379,790.0,1090.0,300.0,,108.0,4.5,1995.0,well_kept,apartment,,central_heating,5.52,False,False,False,True,False,True,May19
105897980,Nordrhein_Westfalen,Solingen,Solingen_Mitte,42651,350.0,459.0,109.0,,60.0,2.5,,well_kept,apartment,,self_contained_central_heating,1.54,False,False,False,True,False,False,Sep18
89228468,Sachsen,Bautzen_Kreis,Schönteichen,1917,200.0,310.0,55.0,55.0,35.49,1.0,1988.0,refurbished,,B,oil_heating,2.62,False,False,False,True,False,False,Feb20
113233699,Nordrhein_Westfalen,Gelsenkirchen,Ückendorf,45886,324.0,500.0,100.0,76.0,60.0,2.0,,,roof_storey,,central_heating,2.07,False,False,False,False,False,False,Oct19
108969408,Thüringen,Suhl,Suhl_Mitte,98527,375.97,511.97,136.0,,65.81,3.0,1959.0,,,,,4.29,False,False,False,False,False,False,Feb20
90422095,Rheinland_Pfalz,Bad_Kreuznach_Kreis,Bad_Kreuznach,55543,640.0,,170.0,,86.4,3.0,1965.0,well_kept,apartment,,central_heating,2.99,False,False,False,True,False,False,Sep18
114583479,Sachsen,Nordsachsen_Kreis,Delitzsch,4509,380.0,580.0,80.0,120.0,74.0,4.0,1980.0,well_kept,apartment,NO_INFORMATION,district_heating,3.51,False,True,False,True,False,False,Feb20
115492051,Hessen,Darmstadt,Darmstadt_West,64295,248.88,356.88,72.0,36.0,39.81,1.0,1951.0,,apartment,A,central_heating,4.4,False,False,False,True,False,False,Feb20
99543134,Bayern,Freising_Kreis,Freising,85354,1130.0,1380.0,250.0,,112.0,3.0,1983.0,well_kept,apartment,,central_heating,3.85,False,False,False,True,False,True,May19
115633884,Hessen,Frankfurt_am_Main,Westend_Süd,60323,4000.0,4400.0,400.0,,149.82,4.5,1889.0,mint_condition,apartment,,floor_heating,4.58,False,True,True,True,False,True,Feb20
111355023,Nordrhein_Westfalen,Bonn,Röttgen,53125,1000.0,1230.0,230.0,,100.0,4.0,1969.0,,apartment,,central_heating,3.95,False,True,False,False,False,False,May19
109528297,Sachsen,Mittelsachsen_Kreis,Freiberg,9599,518.0,,94.22,141.33,94.22,4.0,1987.0,,other,,district_heating,1.69,False,True,False,False,False,False,May19
114546136,Sachsen_Anhalt,Halle_Saale,Westliche_Neustadt,6126,590.0,710.7,120.7,,71.0,3.0,1975.0,first_time_use,apartment,C,district_heating,1.85,False,True,False,False,True,True,Feb20
97283316,Nordrhein_Westfalen,Rhein_Sieg_Kreis,Königswinter,53639,1575.0,,440.0,,210.0,4.0,1990.0,well_kept,ground_floor,,central_heating,4.23,False,True,False,False,True,False,Sep18
104290654,Nordrhein_Westfalen,Bielefeld,Gellershagen,33613,250.0,375.0,100.0,,23.0,1.0,1994.0,well_kept,apartment,H,central_heating,2.78,False,False,False,False,True,True,Oct19
113596531,Sachsen,Görlitz_Kreis,Kodersdorf,2923,300.0,420.0,120.0,,58.0,3.0,,well_kept,other,,central_heating,0.22,False,True,False,True,True,False,Oct19
111264782,Sachsen_Anhalt,Magdeburg,Werder,39114,444.0,608.0,164.0,,68.35,2.0,1997.0,refurbished,,,central_heating,3.58,False,True,False,True,False,False,May19
113842315,Nordrhein_Westfalen,Duisburg,Dellviertel,47053,280.0,427.0,106.0,41.0,45.06,2.0,1953.0,,apartment,,central_heating,2.64,False,False,False,True,True,False,Oct19
93002250,Thüringen,Greiz_Kreis,Wünschendorf/Elster,7570,250.08,369.08,59.5,59.5,52.1,2.0,1955.0,well_kept,apartment,NO_INFORMATION,central_heating,1.92,False,False,False,True,True,False,May19
111066549,Baden_Württemberg,Rhein_Neckar_Kreis,Hirschberg_an_der_Bergstraße,69493,990.0,1265.0,275.0,,98.0,4.0,1969.0,mint_condition,apartment,,oil_heating,4.06,False,True,False,True,True,False,May19
111331397,Sachsen_Anhalt,Halle_Saale,Südliche_Innenstadt,6110,304.0,448.0,144.0,75.0,57.22,3.0,1985.0,modernized,apartment,,district_heating,4.06,False,True,True,False,False,False,May19
103109394,Sachsen,Chemnitz,Sonnenberg,9130,187.2,295.2,108.0,,48.0,2.0,1900.0,well_kept,roof_storey,,central_heating,0.0,False,False,False,True,False,True,May19
109894807,Sachsen,Mittelsachsen_Kreis,Hainichen,9661,223.0,315.8,92.8,,46.8,2.0,1929.0,well_kept,apartment,,central_heating,0.81,False,False,False,True,True,False,May19
103007455,Nordrhein_Westfalen,Essen,Holsterhausen,45147,650.0,816.7,166.7,,66.6,3.0,1952.0,mint_condition,ground_floor,,district_heating,3.74,False,True,False,True,False,True,Oct19
115651985,Nordrhein_Westfalen,Gelsenkirchen,Heßler,45883,470.0,550.0,80.0,,68.0,2.5,1904.0,,ground_floor,E,,3.08,False,False,False,True,False,False,Feb20
110777785,Bayern,Aschaffenburg,Schweinheim,63743,830.0,,180.0,,72.0,3.0,2018.0,,apartment,,floor_heating,3.91,True,True,True,True,False,False,May19
106178339,Niedersachsen,Lüneburg_Kreis,Lüneburg,21339,250.0,349.0,50.0,49.0,24.47,1.0,1990.0,,apartment,,,3.57,False,False,False,False,False,False,Sep18
113377684,Thüringen,Altenburger_Land_Kreis,Schmölln,4626,200.0,,50.0,50.0,35.0,1.0,1998.0,,,,,1.9,False,False,False,False,False,False,Oct19
106617777,Sachsen,Dresden,Innere_Neustadt,1099,804.0,1044.0,240.0,,94.7,3.0,1910.0,,,,central_heating,2.38,False,True,False,True,False,False,Sep18
108624636,Niedersachsen,Salzgitter,Lebenstedt,38226,310.0,464.0,154.0,,58.96,3.0,1944.0,well_kept,ground_floor,,central_heating,0.0,False,False,False,True,False,False,Oct19
111817187,Schleswig_Holstein,Lübeck,Travemünde,23570,852.0,,200.0,,56.8,2.0,1890.0,,maisonette,,,3.8,False,True,False,False,False,False,Oct19
114903768,Nordrhein_Westfalen,Düsseldorf,Golzheim,40474,1090.0,1365.0,200.0,,96.0,4.0,1960.0,well_kept,apartment,E,central_heating,4.81,False,True,False,False,False,True,Feb20
81094537,Sachsen,Chemnitz,Hilbersdorf,9131,231.0,338.0,107.0,,48.8,2.0,,,raised_ground_floor,,central_heating,0.2,False,True,False,True,True,False,Feb20
105904720,Sachsen,Leipzig,Stötteritz,4299,1044.0,1294.0,249.0,,118.61,4.0,1900.0,first_time_use_after_refurbishment,apartment,,central_heating,4.48,False,True,False,False,False,True,Sep18
115074423,Hessen,Offenbach_Kreis,Rodgau,63110,800.0,960.0,160.0,,72.0,2.0,2019.0,first_time_use,ground_floor,A,floor_heating,4.57,True,True,False,True,False,False,Feb20
111371698,Baden_Württemberg,Stuttgart,Degerloch,70597,990.0,1090.0,100.0,,58.0,3.5,1938.0,modernized,roof_storey,F,self_contained_central_heating,8.19,False,False,False,True,False,True,May19
113825891,Bayern,Fürstenfeldbruck_Kreis,Fürstenfeldbruck,82256,808.0,1080.0,272.0,177.0,69.65,2.5,1970.0,first_time_use_after_refurbishment,,,,5.22,False,True,False,False,False,False,Oct19
106222485,Sachsen,Leipzig,Böhlitz_Ehrenberg,4178,325.0,486.0,161.0,,56.0,2.0,1920.0,refurbished,ground_floor,E,central_heating,4.69,False,False,False,True,False,False,Sep18
111395687,Schleswig_Holstein,Rendsburg_Eckernförde_Kreis,Eckernförde,24340,932.8,1262.8,280.0,,84.8,2.0,2017.0,mint_condition,maisonette,A,district_heating,3.38,False,True,True,False,True,True,Feb20
115168558,Thüringen,Eisenach,Stadtmitte,99817,280.0,424.0,104.0,,40.63,2.0,,,,,central_heating,0.48,False,False,True,True,False,False,Feb20
106035023,Hessen,Fulda_Kreis,Petersberg,36100,1290.0,,200.0,,142.5,3.0,2016.0,mint_condition,maisonette,A_PLUS,heat_pump,7.35,False,True,True,True,False,False,Sep18
111818556,Nordrhein_Westfalen,Gelsenkirchen,Schalke,45881,304.84,475.84,115.0,56.0,64.85,3.5,1980.0,,apartment,C,,2.24,False,False,False,False,False,False,Feb20
106786198,Sachsen,Chemnitz,Ebersdorf,9131,230.0,354.0,124.0,,54.0,2.0,1900.0,well_kept,,,central_heating,0.0,False,False,False,True,True,False,Sep18
112605629,Sachsen,Dresden,Tolkewitz/Seidnitz_Nord,1279,878.0,1186.0,308.0,,102.9,3.0,1900.0,refurbished,,,,2.02,False,False,True,True,False,True,Oct19
106214004,Sachsen_Anhalt,Magdeburg,Stadtfeld_West,39110,390.0,550.0,160.0,,75.0,2.0,1995.0,fully_renovated,,,central_heating,1.61,False,True,False,True,False,False,Sep18
100758049,Niedersachsen,Diepholz_Kreis,Stuhr,28816,580.0,680.0,100.0,,82.2,3.0,1996.0,well_kept,apartment,,,2.78,False,True,False,True,False,True,May19
111852298,Sachsen,Leipzig,Paunsdorf,4329,271.99,364.27,48.57,43.71,48.57,2.0,1988.0,refurbished,apartment,C,central_heating,3.47,False,True,False,False,False,False,Oct19
95094696,Baden_Württemberg,Rhein_Neckar_Kreis,Weinheim,69469,1390.0,1650.0,260.0,,107.0,4.0,2003.0,well_kept,apartment,,floor_heating,4.5,False,True,True,True,False,True,Oct19
98977078,Bayern,Passau,Haidenhof_Nord,94032,715.0,895.0,180.0,,64.75,2.0,2017.0,first_time_use,apartment,,central_heating,7.43,False,True,True,False,False,True,Feb20
110807369,Sachsen,Chemnitz,Hilbersdorf,9131,199.0,292.0,93.0,,42.2,2.0,1904.0,well_kept,apartment,,central_heating,0.0,False,False,False,True,False,False,May19
103508469,Bayern,Passau,Haidenhof_Süd,94036,445.0,540.0,95.0,,37.0,1.0,1981.0,well_kept,apartment,,central_heating,3.9,False,True,True,True,False,True,Feb20
111077193,Nordrhein_Westfalen,Oberhausen,Lirich_Nord,46049,280.0,,60.0,60.0,42.0,2.0,,,,,central_heating,4.31,False,False,False,False,False,False,May19
115569439,Thüringen,Gera,Stadtmitte,7754,275.0,,110.0,,53.0,2.0,,fully_renovated,,,central_heating,2.14,False,True,False,True,False,False,Feb20
115223269,Schleswig_Holstein,Ostholstein_Kreis,Eutin,23701,680.0,840.0,160.0,80.0,120.0,3.0,1954.0,,apartment,,,4.88,False,True,False,False,False,True,Feb20
111329443,Baden_Württemberg,Schwarzwald_Baar_Kreis,Villingen_Schwenningen,78050,460.0,620.0,160.0,,48.0,1.5,,well_kept,maisonette,,central_heating,4.91,False,True,False,True,False,True,May19
110687454,Sachsen_Anhalt,Halle_Saale,Südliche_Innenstadt,6110,430.0,555.0,125.0,,58.18,2.0,1900.0,refurbished,half_basement,,central_heating,4.06,False,False,False,False,True,False,May19
113778420,Nordrhein_Westfalen,Steinfurt_Kreis,Mettingen,49497,525.0,575.0,50.0,0.0,61.0,2.0,2019.0,first_time_use,apartment,A,gas_heating,3.26,True,False,False,False,False,True,Oct19
115389023,Baden_Württemberg,Mannheim,Schwetzingerstadt_/_Oststadt,68161,1850.0,2070.0,220.0,,135.0,3.5,,mint_condition,maisonette,,central_heating,3.93,False,True,True,True,False,True,Feb20
110486628,Thüringen,Gera,Gera_Ost,7545,210.0,300.0,30.0,60.0,44.1,2.0,1910.0,refurbished,ground_floor,D,gas_heating,2.4,False,False,False,True,False,False,Oct19
106792630,Hessen,Frankfurt_am_Main,Berkersheim,60435,1680.0,2080.0,400.0,,134.5,4.0,2018.0,first_time_use,roof_storey,A_PLUS,floor_heating,5.37,True,True,True,True,False,True,Sep18
58396001,Baden_Württemberg,Mannheim,Schwetzingerstadt_/_Oststadt,68161,540.0,690.0,50.0,100.0,40.0,1.0,1952.0,mint_condition,,,central_heating,4.42,False,True,True,False,False,True,Oct19
113641091,Nordrhein_Westfalen,Unna_Kreis,Lünen,44536,370.0,573.0,114.0,89.0,61.55,2.5,1995.0,,roof_storey,D,,2.93,False,True,False,True,False,False,Oct19
111180736,Baden_Württemberg,Breisgau_Hochschwarzwald_Kreis,March,79232,970.0,1240.0,180.0,,84.0,3.0,2012.0,well_kept,apartment,C,floor_heating,4.49,False,True,True,True,False,True,May19
110721163,Sachsen_Anhalt,Dessau_Roßlau,Roßlau,6862,468.0,638.0,80.0,90.0,78.0,3.0,1930.0,well_kept,roof_storey,D,central_heating,0.0,False,True,False,True,False,True,May19
109597718,Nordrhein_Westfalen,Bochum,Leithe,44866,516.43,675.43,118.0,41.0,61.48,3.0,1960.0,,apartment,,central_heating,3.33,False,True,False,True,False,False,May19
115614967,Nordrhein_Westfalen,Duisburg,Aldenrade,47179,369.0,,139.0,124.0,67.09,3.0,1973.0,well_kept,apartment,E,district_heating,3.28,False,True,True,True,False,False,Feb20
114792731,Nordrhein_Westfalen,Herne,Herne_Mitte,44625,259.45,376.45,64.0,53.0,39.31,1.0,1952.0,,apartment,,central_heating,2.78,False,True,False,True,False,False,Feb20
107378475,Sachsen,Chemnitz,Sonnenberg,9130,227.44,347.44,120.0,,56.86,2.5,1903.0,,other,,district_heating,0.0,False,False,False,True,True,False,Sep18
106436451,Hessen,Rheingau_Taunus_Kreis,Idstein,65510,950.0,,235.0,,94.91,3.0,2018.0,first_time_use,apartment,A,central_heating,4.18,True,True,True,True,False,False,Sep18
115197898,Schleswig_Holstein,Nordfriesland_Kreis,Husum,25813,482.0,712.0,110.0,120.0,80.21,4.0,,,apartment,,central_heating,5.56,False,True,False,True,False,False,Feb20
110218096,Nordrhein_Westfalen,Ennepe_Ruhr_Kreis,Witten,58456,351.44,503.44,120.0,32.0,61.97,2.5,1996.0,,roof_storey,C,,3.35,False,True,False,True,False,False,May19
110273191,Nordrhein_Westfalen,Recklinghausen_Kreis,Dorsten,46282,375.0,495.0,120.0,,42.0,2.0,1953.0,,other,,central_heating,2.98,False,False,False,True,False,False,May19
113145832,Niedersachsen,Hannover_Kreis,Wennigsen_Deister,30974,305.51,497.51,192.0,78.0,51.87,2.0,1970.0,modernized,ground_floor,,,3.77,False,True,False,False,False,False,Oct19
112412918,Sachsen,Chemnitz,Kaßberg,9112,350.0,490.0,140.0,,65.1,2.0,1897.0,well_kept,roof_storey,,central_heating,0.54,False,False,False,True,True,True,Oct19
115559149,Nordrhein_Westfalen,Bonn,Endenich,53121,640.0,820.0,180.0,,64.0,3.0,,well_kept,roof_storey,,gas_heating,3.74,False,True,False,True,True,True,Feb20
109418233,Sachsen,Leipzig,Neulindenau,4179,780.0,980.0,200.0,,82.12,3.0,2018.0,first_time_use,ground_floor,B,central_heating,4.19,True,True,True,True,False,False,May19
115649550,Sachsen,Meißen_Kreis,Klipphausen,1665,490.0,725.0,135.0,100.0,93.0,2.5,,refurbished,ground_floor,,,2.19,False,False,False,True,True,False,Feb20
110809056,Berlin,Berlin,Wilmersdorf_Wilmersdorf,10719,1390.0,1550.0,160.0,,54.0,2.0,1960.0,modernized,apartment,,central_heating,8.41,False,True,True,False,False,True,May19
74257222,Sachsen,Bautzen_Kreis,Bautzen,2625,523.0,723.0,200.0,,104.6,4.0,1918.0,well_kept,,,central_heating,1.75,False,False,False,True,True,False,Sep18
98588441,Sachsen,Mittelsachsen_Kreis,Hainichen,9661,288.0,415.0,127.0,,57.64,2.0,1994.0,well_kept,apartment,E,central_heating,0.59,False,True,False,True,False,False,Oct19
110435206,Sachsen,Leipzig,Gohlis_Mitte,4157,443.0,587.0,144.0,,65.21,2.0,,,other,,central_heating,5.71,False,False,False,False,False,False,May19
113445131,Sachsen,Leipzig,Mockau_Süd,4357,583.65,797.66,214.01,,77.82,3.0,1912.0,,apartment,,central_heating,3.21,False,True,False,True,True,False,Oct19
114789296,Sachsen,Plauen,Haselbrunn,8525,282.08,388.37,106.29,,57.45,3.0,1961.0,,apartment,,,1.46,False,True,False,True,False,False,Feb20
106865050,Nordrhein_Westfalen,Dortmund,Kirchlinde,44379,360.0,,140.0,,68.0,3.5,,well_kept,roof_storey,,,3.23,False,False,False,True,False,False,Sep18
112372408,Nordrhein_Westfalen,Lippe_Kreis,Lage,32791,1170.0,1516.0,346.0,,138.0,4.0,1905.0,first_time_use_after_refurbishment,apartment,B,central_heating,3.25,False,True,True,False,False,False,Oct19
111166963,Nordrhein_Westfalen,Bochum,Dahlhausen,44879,595.0,,100.0,,84.0,3.0,1994.0,well_kept,apartment,NO_INFORMATION,self_contained_central_heating,4.1,False,True,False,True,False,False,May19
110039887,Sachsen_Anhalt,Halle_Saale,Nördliche_Neustadt,6122,317.0,462.0,77.0,68.0,48.78,2.0,1971.0,first_time_use_after_refurbishment,ground_floor,,district_heating,3.14,False,True,True,True,False,False,May19
110003007,Nordrhein_Westfalen,Soest_Kreis,Werl,59457,286.0,451.0,82.5,82.5,55.0,2.0,,,ground_floor,,central_heating,3.42,False,False,False,False,False,False,May19
106434955,Nordrhein_Westfalen,Recklinghausen_Kreis,Oer_Erkenschwick,45739,468.0,670.0,89.0,98.0,71.0,2.0,1992.0,well_kept,roof_storey,D,central_heating,1.72,False,True,False,True,False,False,Sep18
106842436,Schleswig_Holstein,Kiel,Altstadt,24103,1250.0,1645.0,200.0,75.0,100.66,3.0,2018.0,first_time_use,apartment,,,6.92,True,True,True,True,False,True,Sep18
104899966,Sachsen_Anhalt,Halle_Saale,Heide_Nord/Blumenau,6120,282.6,,60.0,60.0,56.52,2.0,1988.0,modernized,apartment,C,central_heating,4.65,False,True,False,True,False,False,Oct19
52529335,Brandenburg,Ostprignitz_Ruppin_Kreis,Neuruppin,16816,546.75,715.75,169.0,,81.0,3.0,1996.0,fully_renovated,,B,central_heating,4.48,False,False,False,False,False,False,Feb20
92746861,Hessen,Darmstadt,Darmstadt_Mitte,64283,995.0,1190.0,95.0,100.0,90.5,3.0,1958.0,refurbished,apartment,C,floor_heating,3.13,False,False,True,True,False,True,Sep18
111263870,Sachsen_Anhalt,Dessau_Roßlau,Zoberberg,6847,360.0,428.0,68.0,,67.93,3.0,1984.0,well_kept,,C,district_heating,0.0,False,True,True,False,False,False,May19
61939492,Niedersachsen,Hildesheim_Kreis,Bockenem,31167,450.0,630.0,180.0,,95.0,4.0,1987.0,modernized,roof_storey,,gas_heating,,False,True,False,True,True,False,Oct19
106365112,Berlin,Berlin,Mitte_Mitte,10115,2242.64,2638.4,395.76,,131.92,5.0,2018.0,,,,floor_heating,8.72,True,True,False,False,False,False,Sep18
113806117,Hessen,Offenbach_am_Main,Stadtmitte,63069,550.0,670.0,120.0,,50.0,2.0,1952.0,fully_renovated,raised_ground_floor,,central_heating,5.68,False,False,False,True,False,False,Oct19
109766963,Sachsen,Chemnitz,Sonnenberg,9130,650.0,900.0,250.0,,103.0,4.0,1905.0,refurbished,apartment,,,0.0,False,True,False,False,False,False,May19
111201738,Sachsen,Dresden,Löbtau_Nord,1159,425.0,,125.0,,49.65,2.0,1900.0,first_time_use,ground_floor,,central_heating,2.79,False,False,False,True,True,True,May19
107336830,Nordrhein_Westfalen,Duisburg,Obermarxloh,47166,330.0,540.0,110.0,100.0,72.38,3.0,1964.0,refurbished,apartment,D,central_heating,3.7,False,False,False,True,False,False,Sep18
112924996,Sachsen_Anhalt,Dessau_Roßlau,Innerstädtischer_Bereich_Mitte,6844,220.0,315.0,95.0,,34.0,1.0,1910.0,well_kept,apartment,C,central_heating,3.0,False,False,False,True,False,False,Oct19
115621556,Sachsen,Mittelsachsen_Kreis,Niederwiesa,9577,299.0,419.0,60.0,60.0,57.0,3.0,,refurbished,ground_floor,,central_heating,0.38,False,False,False,False,False,True,Feb20
107202181,Hessen,Bergstraße_Kreis,Lorsch,64653,1399.0,,260.0,,135.0,4.0,2018.0,first_time_use,penthouse,A_PLUS,floor_heating,5.66,True,True,True,True,False,False,May19
107384759,Baden_Württemberg,Ravensburg_Kreis,Horgenzell,88263,420.0,,100.0,,50.0,2.0,1995.0,modernized,,C,central_heating,2.82,False,True,False,False,False,True,Sep18
115550864,Bayern,Landsberg_am_Lech_Kreis,Egling_an_der_Paar,86492,890.0,1070.0,180.0,,125.0,5.0,1980.0,well_kept,apartment,,wood_pellet_heating,3.75,False,True,False,True,False,True,Feb20
83449200,Baden_Württemberg,Heilbronn_Kreis,Neckarsulm,74172,1865.0,2165.0,250.0,,178.0,5.0,2015.0,mint_condition,maisonette,,heat_pump,6.75,False,True,True,True,False,False,Feb20
113645173,Bayern,Ingolstadt,Mitte,85049,700.0,900.0,200.0,,61.0,2.0,,,apartment,,central_heating,2.87,False,False,False,True,False,True,Oct19
114880116,Bayern,Regensburg,Westenviertel,93049,1200.0,1540.0,275.0,,98.0,4.0,2014.0,well_kept,ground_floor,,floor_heating,4.51,False,True,True,True,False,True,Feb20
106740018,Nordrhein_Westfalen,Hagen,Mittelstadt,58095,330.0,,77.0,,53.0,2.0,1954.0,first_time_use_after_refurbishment,apartment,,self_contained_central_heating,3.45,False,False,False,True,False,False,Sep18
106766157,Hamburg,Hamburg,Bramfeld,22177,700.0,,197.0,,65.0,2.0,1964.0,well_kept,roof_storey,,district_heating,5.05,False,True,False,False,False,True,Sep18
106236546,Niedersachsen,Hannover_Kreis,Lehrte,31275,400.0,520.0,120.0,,45.0,1.0,,modernized,apartment,,central_heating,4.55,False,True,False,True,True,True,May19
102690512,Sachsen_Anhalt,Burgenlandkreis,Zeitz,6712,222.0,304.0,82.0,,36.0,2.0,,first_time_use_after_refurbishment,apartment,,central_heating,0.0,False,False,False,False,False,False,May19
88504105,Nordrhein_Westfalen,Dortmund,Innenstadt,44139,1040.0,1330.0,145.0,145.0,130.0,3.0,,modernized,apartment,,district_heating,,False,True,False,True,False,False,Oct19
111630123,Nordrhein_Westfalen,Aachen_Kreis,Stolberg_Rheinland,52223,465.0,765.0,255.0,,81.0,3.0,1974.0,,roof_storey,,,2.34,False,False,False,False,False,False,Feb20
111276833,Rheinland_Pfalz,Bitburg_Prüm_Kreis,Bitburg,54634,500.0,620.0,120.0,,67.0,3.0,,well_kept,terraced_flat,NO_INFORMATION,oil_heating,3.25,False,True,False,True,True,True,May19
113594194,Sachsen,Plauen,Altstadt,8523,249.0,340.0,91.0,,45.58,2.0,,fully_renovated,apartment,,central_heating,,False,False,True,True,False,False,Oct19
113626350,Nordrhein_Westfalen,Mülheim_an_der_Ruhr,Mitte,45473,700.0,850.0,150.0,,95.0,4.0,1968.0,fully_renovated,apartment,,night_storage_heater,2.96,False,True,False,True,False,False,Oct19
115533909,Bayern,Amberg_Sulzbach_Kreis,Ursensollen,92289,1050.0,1350.0,300.0,,140.0,7.0,2019.0,first_time_use,ground_floor,,heat_pump,8.14,True,True,False,True,True,True,Feb20
110606871,Sachsen,Bautzen_Kreis,Bautzen,2625,300.0,427.0,66.0,61.0,60.85,3.0,1978.0,fully_renovated,raised_ground_floor,,district_heating,1.75,False,True,False,True,False,False,May19
100404950,Thüringen,Greiz_Kreis,Greiz,7973,186.0,261.0,75.0,,37.0,1.0,1977.0,fully_renovated,ground_floor,,central_heating,1.03,False,True,False,True,False,False,Feb20
112293470,Berlin,Berlin,Spandau_Spandau,13583,515.72,749.32,233.6,99.66,57.71,2.0,1961.0,modernized,ground_floor,,district_heating,6.82,False,True,False,True,False,False,Oct19
115574066,Hamburg,Hamburg,Neustadt,20355,1488.0,1588.0,100.0,,93.0,3.5,1900.0,first_time_use_after_refurbishment,apartment,,,5.47,False,False,False,False,False,True,Feb20
111857567,Mecklenburg_Vorpommern,Parchim_Kreis,Barkhagen,19395,313.6,486.6,173.0,,62.72,3.0,1996.0,,apartment,,central_heating,3.92,False,True,False,True,False,False,Oct19
68542489,Schleswig_Holstein,Pinneberg_Kreis,Wedel,22880,630.0,760.0,130.0,30.0,66.0,3.0,1963.0,refurbished,apartment,,central_heating,4.44,False,True,False,True,False,True,May19
113788481,Thüringen,Erfurt,Rieth,99089,468.0,668.0,100.0,100.0,72.0,2.5,1994.0,,maisonette,NO_INFORMATION,central_heating,1.09,False,False,True,False,False,False,Feb20
90407408,Nordrhein_Westfalen,Recklinghausen_Kreis,Datteln,45711,430.0,650.0,110.0,110.0,78.7,3.0,1985.0,well_kept,apartment,,district_heating,1.85,False,True,False,True,False,False,Sep18
113683397,Sachsen,Dresden,Gorbitz_Ost,1159,315.0,383.0,34.0,34.0,26.21,1.0,1983.0,,apartment,,central_heating,1.8,False,True,True,False,False,False,Oct19
106828189,Nordrhein_Westfalen,Wuppertal,Barmen,42283,459.0,599.0,140.0,,74.1,3.0,1958.0,well_kept,apartment,,gas_heating,3.23,False,True,False,True,False,False,Sep18
114508475,Sachsen_Anhalt,Halle_Saale,Südliche_Neustadt,6124,543.0,812.0,130.0,139.0,106.75,6.0,1984.0,fully_renovated,apartment,,,1.89,False,True,False,True,False,False,Feb20
110743284,Schleswig_Holstein,Kiel,Neumühlen_Dietrichsdorf,24149,355.02,485.02,70.0,60.0,40.76,2.0,1937.0,,apartment,,central_heating,4.35,False,False,False,True,False,False,May19
114436974,Sachsen,Leipzig,Gohlis_Mitte,4157,315.0,410.0,95.0,,43.0,2.0,1900.0,fully_renovated,apartment,,central_heating,3.89,False,False,False,True,True,True,Feb20
104053785,Sachsen_Anhalt,Saalekreis,Merseburg,6217,150.0,200.0,25.0,25.0,19.0,1.0,,,,,,1.85,False,False,False,False,False,False,Sep18
110664731,Rheinland_Pfalz,Germersheim_Kreis,Wörth_am_Rhein,76744,280.0,340.0,60.0,,12.0,1.0,2016.0,mint_condition,roof_storey,,central_heating,4.24,False,True,True,False,False,True,May19
111191291,Nordrhein_Westfalen,Mönchengladbach,Windberg,41063,390.0,475.0,85.0,,49.0,2.0,1960.0,well_kept,apartment,E,self_contained_central_heating,3.59,False,True,False,True,False,False,May19
109728718,Sachsen,Chemnitz,Ebersdorf,9131,273.0,397.0,61.0,63.0,50.51,2.0,1928.0,modernized,apartment,,central_heating,0.0,False,False,False,False,True,False,May19
115625250,Sachsen,Leipzig,Paunsdorf,4329,231.7,370.0,71.92,66.38,55.32,2.0,1988.0,,,,central_heating,3.22,False,True,False,False,False,False,Feb20
102468132,Brandenburg,Oberspreewald_Lausitz_Kreis,Senftenberg,1968,520.0,690.45,150.0,,78.0,3.0,1997.0,fully_renovated,roof_storey,,,3.33,False,True,False,True,True,True,Oct19
107359005,Brandenburg,Oberhavel_Kreis,Oranienburg,16515,450.66,648.66,111.0,87.0,58.15,3.5,1974.0,,apartment,D,central_heating,7.79,False,True,False,True,False,False,Sep18
110977488,Rheinland_Pfalz,Kaiserslautern,Innenstadt,67663,380.0,,170.0,,61.22,2.0,,well_kept,apartment,,central_heating,3.99,False,True,False,False,True,True,May19
113556008,Hessen,Hochtaunuskreis,Königstein_im_Taunus,61462,2330.0,2800.0,400.0,,243.0,5.0,1983.0,refurbished,maisonette,,self_contained_central_heating,4.19,False,True,False,True,False,True,Oct19
43579852,Sachsen_Anhalt,Magdeburg,Alte_Neustadt,39106,360.0,518.0,158.0,,75.38,2.0,,well_kept,roof_storey,,central_heating,3.33,False,False,False,True,False,True,Sep18
115133682,Schleswig_Holstein,Schleswig_Flensburg_Kreis,Schleswig,24837,475.0,,80.0,40.0,50.0,2.0,1886.0,well_kept,ground_floor,E,central_heating,3.37,False,False,False,True,False,True,Feb20
109807804,Schleswig_Holstein,Herzogtum_Lauenburg_Kreis,Breitenfelde,23881,900.0,1150.0,,,124.0,4.0,,,roof_storey,,,4.51,False,True,False,True,False,True,Feb20
109360097,Nordrhein_Westfalen,Bielefeld,Hillegossen,33699,780.0,1020.0,210.0,,96.36,2.0,2018.0,,,A_PLUS,floor_heating,2.84,True,True,True,False,False,False,May19
109984652,Nordrhein_Westfalen,Viersen_Kreis,Viersen,41747,550.0,,200.0,,85.0,2.0,,well_kept,apartment,,,2.52,False,True,False,True,False,True,May19
108333681,Bremen,Bremerhaven,Leherheide,27578,342.0,524.0,91.0,91.0,65.4,3.0,,,,,central_heating,3.57,False,False,False,False,False,False,May19
113464959,Hessen,Frankfurt_am_Main,Bahnhofsviertel,60329,1434.0,1673.0,239.0,,79.64,2.5,2019.0,first_time_use,apartment,,gas_heating,4.81,True,False,True,True,False,True,Feb20
114949287,Nordrhein_Westfalen,Aachen_Kreis,Würselen,52146,592.0,746.0,154.0,,70.0,2.0,1980.0,fully_renovated,apartment,,central_heating,2.33,False,False,False,False,False,False,Feb20
113861128,Nordrhein_Westfalen,Recklinghausen_Kreis,Recklinghausen,45665,341.0,519.0,131.0,47.0,61.88,3.5,1959.0,,apartment,,,3.09,False,True,False,True,False,False,Oct19
110219879,Sachsen,Leipzig,Südvorstadt,4275,976.95,1170.66,193.71,,84.22,3.0,2016.0,first_time_use,apartment,B,floor_heating,5.53,False,True,True,True,False,True,May19
109001081,Nordrhein_Westfalen,Duisburg,Marxloh,47169,298.45,488.39,121.45,68.49,57.56,3.0,1957.0,fully_renovated,apartment,,,3.58,False,False,False,False,False,False,May19
115521308,Brandenburg,Frankfurt_Oder,Süd,15236,297.42,421.35,49.57,74.36,49.57,2.0,1989.0,refurbished,roof_storey,B,central_heating,3.31,False,True,True,False,False,False,Feb20
106147378,Thüringen,Gotha_Kreis,Gotha,99867,350.0,490.0,140.0,,59.21,3.0,1980.0,negotiable,apartment,,district_heating,5.0,False,False,False,True,False,False,Feb20
104291098,Nordrhein_Westfalen,Düsseldorf,Derendorf,40476,550.0,650.0,100.0,,49.2,1.0,1930.0,first_time_use_after_refurbishment,half_basement,,gas_heating,4.9,False,True,False,False,True,True,Sep18
64274944,Nordrhein_Westfalen,Rhein_Sieg_Kreis,Bornheim,53332,749.0,899.0,150.0,,90.0,3.0,1993.0,mint_condition,apartment,C,central_heating,4.17,False,True,False,True,True,False,Feb20
115365087,Sachsen,Leipzig,Schleußig,4229,499.0,644.0,145.0,,63.0,2.0,,well_kept,apartment,,central_heating,4.28,False,True,True,True,True,False,Feb20
111407295,Nordrhein_Westfalen,Recklinghausen_Kreis,Gladbeck,45964,414.0,554.0,140.0,,69.0,3.0,1997.0,well_kept,apartment,,central_heating,3.34,False,True,False,True,False,False,May19
111419560,Nordrhein_Westfalen,Bonn,Beuel,53229,500.0,630.0,130.0,,55.0,2.0,1962.0,well_kept,roof_storey,,oil_heating,4.33,False,False,False,True,True,True,May19
115463120,Brandenburg,Uckermark_Kreis,Prenzlau,17291,325.0,465.0,140.0,75.0,60.8,3.0,1970.0,negotiable,apartment,B,district_heating,0.69,False,True,False,True,False,False,Feb20
102147068,Nordrhein_Westfalen,Aachen,Adalbertsteinweg,52070,525.0,725.0,200.0,,75.0,3.0,1958.0,refurbished,apartment,,self_contained_central_heating,3.84,False,True,False,True,False,False,May19
111039476,Sachsen,Leipzig,Südvorstadt,4275,620.0,820.0,200.0,,86.43,3.0,1912.0,well_kept,apartment,,central_heating,5.6,False,True,True,True,False,False,May19
115545272,Nordrhein_Westfalen,Minden_Lübbecke_Kreis,Lübbecke,32312,379.0,,89.0,77.0,67.0,3.0,1967.0,well_kept,ground_floor,D,central_heating,3.98,False,True,False,True,False,False,Feb20
115386456,Brandenburg,Potsdam,Nördliche_Innenstadt,14467,1250.0,,270.0,,88.0,2.0,2016.0,fully_renovated,,NO_INFORMATION,district_heating,6.49,False,True,True,True,False,True,Feb20
113762095,Nordrhein_Westfalen,Duisburg,Neuenkamp,47059,415.0,595.0,125.0,55.0,70.93,3.0,1970.0,first_time_use_after_refurbishment,apartment,D,central_heating,1.75,False,True,True,True,False,False,Oct19
110307401,Schleswig_Holstein,Lübeck,St._Jürgen,23560,590.0,700.0,110.0,,54.0,1.0,1969.0,first_time_use_after_refurbishment,apartment,,central_heating,3.79,False,False,False,False,False,False,Oct19
106832400,Bayern,München,Maxvorstadt,80333,2300.0,2300.0,0.0,,73.0,2.0,1973.0,,,,,7.43,False,False,True,False,False,False,Sep18
106938033,Nordrhein_Westfalen,Unna_Kreis,Schwerte,58239,750.0,995.0,245.0,,100.0,3.0,,modernized,roof_storey,,,3.23,False,False,False,False,False,True,Sep18
115673588,Nordrhein_Westfalen,Düsseldorf,Bilk,40225,880.0,1100.0,220.0,,80.0,3.0,,fully_renovated,apartment,,oil_heating,4.78,False,True,False,True,True,False,Feb20
115599851,Nordrhein_Westfalen,Gelsenkirchen,Hassel,45896,309.0,,108.0,60.0,51.54,2.0,1953.0,well_kept,apartment,,central_heating,2.6,False,True,False,True,False,False,Feb20
86714248,Bayern,Erlangen,Tennenlohe,91058,392.0,448.0,56.0,,28.03,1.0,2012.0,mint_condition,terraced_flat,NO_INFORMATION,floor_heating,2.2,False,True,True,True,False,True,Oct19
113394899,Nordrhein_Westfalen,Essen,Südviertel,45128,479.0,699.0,220.0,,70.0,2.0,1956.0,first_time_use_after_refurbishment,ground_floor,E,central_heating,3.66,False,False,False,True,False,False,Oct19
110398798,Nordrhein_Westfalen,Bonn,Dottendorf,53129,645.0,860.0,160.0,,61.0,2.0,1994.0,well_kept,apartment,,gas_heating,4.12,False,True,False,False,False,False,May19
111304608,Nordrhein_Westfalen,Gelsenkirchen,Bulmke_Hüllen,45888,325.0,436.0,109.0,,58.0,2.0,1955.0,well_kept,apartment,,central_heating,2.87,False,False,False,True,True,False,May19
109371506,Nordrhein_Westfalen,Köln,Bocklemünd/Mengenich,50829,839.0,,,,65.0,1.5,1874.0,well_kept,ground_floor,,central_heating,4.99,False,False,False,True,False,True,Oct19
104362247,Sachsen_Anhalt,Burgenlandkreis,Weißenfels,6667,250.0,400.0,150.0,,50.0,2.0,,well_kept,apartment,,central_heating,0.58,False,False,False,True,False,True,Feb20
105005123,Sachsen,Sächsische_Schweiz_Osterzgebirge_Kreis,Pirna,1796,534.0,772.0,238.0,,95.0,4.0,1995.0,well_kept,,,,1.59,False,False,False,False,False,False,Sep18
106420647,Niedersachsen,Hameln_Pyrmont_Kreis,Coppenbrügge,31863,450.0,,,,100.0,3.0,1996.0,modernized,apartment,,central_heating,3.92,False,False,False,False,False,False,Sep18
109242975,Sachsen_Anhalt,Halle_Saale,Paulusviertel,6114,367.2,486.0,118.8,,54.0,2.0,1900.0,well_kept,apartment,G,central_heating,2.1,False,False,False,False,False,False,Oct19
85440736,Sachsen,Chemnitz,Kappel,9119,200.0,270.0,70.0,,34.9,1.0,1972.0,well_kept,apartment,,district_heating,0.0,False,True,False,False,False,True,Oct19
109419707,Sachsen,Sächsische_Schweiz_Osterzgebirge_Kreis,Glashütte,1768,130.0,230.0,100.0,,16.0,1.0,,well_kept,apartment,F,central_heating,0.0,False,False,False,False,False,True,May19
107298504,Brandenburg,Uckermark_Kreis,Mark_Landin,16278,250.0,380.0,40.0,90.0,62.2,3.0,1967.0,first_time_use_after_refurbishment,apartment,D,central_heating,2.08,False,False,False,True,False,False,May19
69901017,Nordrhein_Westfalen,Paderborn_Kreis,Paderborn,33098,350.0,415.0,65.0,,35.0,2.0,1949.0,modernized,apartment,F,central_heating,3.17,False,False,False,False,False,True,Feb20
112789800,Nordrhein_Westfalen,Bochum,Langendreer,44894,399.72,590.72,97.0,94.0,59.66,3.0,1955.0,,roof_storey,D,central_heating,3.77,False,False,False,True,False,False,Feb20
108057013,Hessen,Limburg_Weilburg_Kreis,Selters_Taunus,65618,695.0,895.0,200.0,,100.0,3.0,2004.0,well_kept,roof_storey,C,central_heating,4.0,False,True,True,True,False,True,May19
107894066,Sachsen,Leipzig,Südvorstadt,4275,917.73,1179.09,162.27,99.09,108.18,3.0,2018.0,first_time_use,apartment,,,4.47,False,False,True,False,False,True,Feb20
106891204,Sachsen,Chemnitz,Kaßberg,9112,300.0,425.0,125.0,62.5,67.0,2.0,,well_kept,ground_floor,NO_INFORMATION,central_heating,0.0,False,False,False,True,True,False,Sep18
112942795,Sachsen,Bautzen_Kreis,Haselbachtal,1920,240.0,340.0,100.0,,37.52,2.0,,modernized,apartment,,floor_heating,2.4,False,False,False,True,True,True,Feb20
104924758,Mecklenburg_Vorpommern,Rostock,Südstadt,18055,350.0,460.0,110.0,,35.0,2.0,,refurbished,,,central_heating,2.41,False,True,True,True,True,True,May19
112718500,Nordrhein_Westfalen,Wuppertal,Elberfeld,42105,365.0,705.0,340.0,,65.0,3.0,1963.0,,apartment,,,3.02,False,False,False,False,False,False,Oct19
107059315,Nordrhein_Westfalen,Münster,Gievenbeck,48161,790.0,1030.0,210.0,,79.0,3.0,1982.0,modernized,ground_floor,,central_heating,6.02,False,True,False,True,False,True,Sep18
102767323,Hessen,Hochtaunuskreis,Usingen,61250,1480.0,1795.0,315.0,,144.0,5.0,2009.0,mint_condition,maisonette,,floor_heating,4.05,False,True,False,True,True,True,Sep18
111375221,Niedersachsen,Harburg_Kreis,Winsen_Luhe,21423,725.0,985.0,180.0,,69.0,2.0,2017.0,first_time_use,roof_storey,NO_INFORMATION,central_heating,3.7,False,True,True,True,False,True,May19
85410471,Hessen,Groß_Gerau_Kreis,Raunheim,65479,850.0,850.0,0.0,,23.0,1.0,1993.0,,,F,,3.57,False,False,False,False,False,False,Oct19
110748865,Sachsen,Leipzig,Südvorstadt,4275,780.0,938.0,158.0,,71.92,3.0,2018.0,mint_condition,apartment,,floor_heating,5.53,True,False,False,False,False,True,May19
113668083,Nordrhein_Westfalen,Duisburg,Neudorf_Nord,47057,300.0,420.0,120.0,40.0,50.0,2.0,1956.0,well_kept,roof_storey,D,central_heating,2.55,False,False,False,False,False,False,Oct19
115436064,Rheinland_Pfalz,Mainz,Altstadt,55116,1021.0,1131.0,110.0,0.0,88.8,3.0,,fully_renovated,apartment,,self_contained_central_heating,3.81,False,False,False,True,False,True,Feb20
114798648,Hessen,Kassel,Mitte,34117,749.0,,200.0,,105.0,3.0,,first_time_use_after_refurbishment,roof_storey,,central_heating,2.69,False,False,False,False,False,False,Feb20
70638715,Schleswig_Holstein,Steinburg_Kreis,Itzehoe,25524,566.93,,250.0,,85.5,3.5,1996.0,well_kept,apartment,,central_heating,3.57,False,True,False,True,False,True,Oct19
102535453,Sachsen,Erzgebirgskreis,Thum,9430,360.0,425.0,65.0,,65.0,3.0,1956.0,well_kept,ground_floor,E,self_contained_central_heating,1.92,False,False,False,True,True,False,Sep18
65038029,Niedersachsen,Celle_Kreis,Faßberg,29328,400.0,580.0,90.0,90.0,82.62,4.0,1975.0,modernized,apartment,C,central_heating,1.89,False,True,False,True,False,True,Feb20
106004574,Sachsen,Leipzig,Stötteritz,4299,386.0,556.0,,,64.35,3.0,1912.0,well_kept,apartment,,central_heating,4.48,False,True,False,True,False,False,Sep18
88273761,Sachsen,Sächsische_Schweiz_Osterzgebirge_Kreis,Heidenau,1809,500.0,,200.0,,87.5,3.0,1897.0,fully_renovated,roof_storey,,central_heating,1.61,False,False,False,True,True,False,Oct19
89091774,Hessen,Groß_Gerau_Kreis,Kelsterbach,65451,550.0,600.0,50.0,,32.0,1.0,,mint_condition,half_basement,,floor_heating,2.2,False,True,False,False,False,True,Sep18
115573053,Nordrhein_Westfalen,Rhein_Sieg_Kreis,Bornheim,53332,770.0,,220.0,,81.0,2.0,2004.0,,maisonette,,wood_pellet_heating,4.09,False,True,False,False,False,False,Feb20
99487059,Niedersachsen,Göttingen_Kreis,Göttingen,37081,670.0,,130.0,,67.0,2.0,2017.0,mint_condition,ground_floor,,gas_heating,4.85,False,True,False,False,False,True,Feb20
112605549,Sachsen,Dresden,Tolkewitz/Seidnitz_Nord,1279,726.0,982.0,256.0,,85.33,3.0,1900.0,refurbished,,,,2.02,False,False,True,True,False,True,Oct19
113681404,Berlin,Berlin,Lichterfelde_Steglitz,12203,459.0,559.0,60.0,40.0,38.0,1.0,2000.0,well_kept,apartment,,central_heating,5.92,False,False,False,False,False,False,Oct19
109977625,Saarland,Stadtverband_Saarbrücken_Kreis,Saarbrücken,66121,400.0,670.0,270.0,,57.0,2.0,1936.0,,apartment,C,district_heating,2.82,False,False,False,True,False,False,May19
109666037,Sachsen,Chemnitz,Sonnenberg,9130,304.4,450.0,145.6,,76.1,3.0,1920.0,refurbished,apartment,,central_heating,0.0,False,True,False,True,False,False,May19
115601875,Rheinland_Pfalz,Südwestpfalz_Kreis,Lemberg,66969,2000.0,,,,370.0,3.0,,,maisonette,,,2.56,False,True,False,False,False,True,Feb20
111359229,Bayern,Aschaffenburg_Kreis,Laufach,63846,440.0,590.0,150.0,,72.0,2.0,1970.0,fully_renovated,apartment,,central_heating,3.99,False,True,False,True,True,False,May19
115513205,Nordrhein_Westfalen,Mettmann_Kreis,Velbert,42555,382.0,,97.0,48.0,62.58,2.0,1968.0,,apartment,,central_heating,3.6,False,False,False,True,False,False,Feb20
111618838,Sachsen,Leipzig_Kreis,Bennewitz,4828,240.0,341.0,46.0,55.0,46.0,2.0,1910.0,refurbished,apartment,,central_heating,4.31,False,False,False,False,True,True,Oct19
103462415,Hamburg,Hamburg,Harvestehude,20144,850.0,990.0,140.0,,54.5,1.0,2002.0,fully_renovated,loft,,central_heating,5.3,False,True,False,True,True,True,Feb20
109003157,Sachsen_Anhalt,Saalekreis,Bad_Dürrenberg,6231,305.73,469.26,71.1,92.43,71.1,3.0,1990.0,fully_renovated,ground_floor,,central_heating,1.81,False,True,False,True,False,False,May19
106519517,Berlin,Berlin,Lichterfelde_Steglitz,12209,1979.64,2080.35,73.85,26.86,67.14,2.0,2018.0,first_time_use,roof_storey,,heat_pump,8.15,True,True,True,True,True,True,Sep18
110387906,Hessen,Wiesbaden,Dotzheim,65199,950.0,,250.0,,86.0,3.0,2001.0,well_kept,ground_floor,,central_heating,2.97,False,True,True,True,False,False,May19
115399493,Niedersachsen,Northeim_Kreis,Northeim,37154,350.0,,120.0,,67.0,4.0,,,roof_storey,,,2.19,False,True,False,True,False,False,Feb20
109635825,Sachsen_Anhalt,Magdeburg,Sudenburg,39112,435.0,595.0,160.0,,72.41,3.0,1950.0,well_kept,apartment,,central_heating,3.39,False,True,False,True,True,False,May19
96221309,Bayern,Memmingen,Innenstadt,87700,650.0,900.0,250.0,,98.0,3.5,1936.0,modernized,apartment,,central_heating,6.58,False,False,False,True,True,False,May19
115673269,Baden_Württemberg,Reutlingen_Kreis,Pfullingen,72793,600.0,,,,62.0,2.0,,,roof_storey,,central_heating,4.41,False,False,False,False,False,True,Feb20
109065088,Bayern,Nürnberg,Galgenhof,90459,740.0,900.0,160.0,,95.0,3.0,1911.0,fully_renovated,apartment,NO_INFORMATION,self_contained_central_heating,4.44,False,False,False,True,False,False,Oct19
113647355,Nordrhein_Westfalen,Rheinisch_Bergischer_Kreis,Burscheid,51399,1012.0,1312.0,250.0,,101.0,4.0,2018.0,mint_condition,ground_floor,A_PLUS,heat_pump,2.97,True,True,True,True,True,False,Oct19
115664118,Hamburg,Hamburg,Rotherbaum,20146,1740.8,1998.8,258.0,,110.0,3.0,,fully_renovated,other,,,3.55,False,True,True,True,True,True,Feb20
82676600,Berlin,Berlin,Spandau_Spandau,13585,696.0,879.0,183.0,46.0,86.1,3.0,1900.0,modernized,roof_storey,,central_heating,8.75,False,True,False,False,False,False,May19
106327421,Bayern,München,Bogenhausen,81927,2176.0,2499.21,210.53,112.68,108.24,4.0,2019.0,first_time_use,apartment,,floor_heating,5.56,True,True,True,True,False,True,Oct19
113830223,Sachsen,Meißen_Kreis,Weinböhla,1689,352.0,482.0,130.0,,64.0,2.0,,well_kept,other,,gas_heating,1.93,False,False,False,True,False,False,Oct19
113844234,Nordrhein_Westfalen,Wesel_Kreis,Dinslaken,46535,400.0,,125.0,,60.0,2.0,1972.0,well_kept,,,central_heating,2.29,False,True,False,False,False,False,Oct19
115614944,Nordrhein_Westfalen,Rheinisch_Bergischer_Kreis,Rösrath,51503,640.0,,160.0,100.0,82.0,3.0,1960.0,well_kept,apartment,E,oil_heating,3.85,False,True,False,True,True,True,Feb20
115368556,Hessen,Frankfurt_am_Main,Riedberg,60438,1600.0,1950.0,250.0,,100.0,3.0,2004.0,well_kept,penthouse,,central_heating,,False,True,True,True,False,True,Feb20
111307542,Nordrhein_Westfalen,Bielefeld,Theesen,33739,620.0,890.0,140.0,130.0,81.0,4.0,1994.0,well_kept,maisonette,,floor_heating,3.59,False,True,False,True,True,True,May19
113507792,Hessen,Marburg_Biedenkopf_Kreis,Marburg,35043,680.0,900.0,,,94.0,4.5,1979.0,well_kept,roof_storey,,floor_heating,1.52,False,False,False,False,False,False,Oct19
113863569,Nordrhein_Westfalen,Wuppertal,Ronsdorf,42369,354.7,587.7,141.0,92.0,70.84,3.0,1971.0,fully_renovated,apartment,,central_heating,2.54,False,True,True,False,False,False,Oct19
114808433,Berlin,Berlin,Friedrichsfelde_Lichtenberg,10315,1776.53,2138.68,236.87,125.28,118.44,4.0,2020.0,first_time_use,roof_storey,,,6.16,True,False,True,False,False,True,Feb20
115190884,Berlin,Berlin,Charlottenburg_Charlottenburg,10587,850.0,1015.0,75.0,90.0,60.0,2.0,,well_kept,apartment,,,6.38,False,False,True,False,False,False,Feb20
111055189,Niedersachsen,Oldenburg_Oldenburg,Ohmstede,26125,800.0,1000.0,200.0,,84.0,2.0,,modernized,roof_storey,,central_heating,5.69,False,True,True,True,False,True,May19
113788412,Bayern,Kempten_Allgäu,Thingers,87439,1300.0,1550.0,250.0,,103.0,3.0,2018.0,first_time_use,penthouse,A_PLUS,floor_heating,2.38,True,True,True,True,False,False,Oct19
115286137,Thüringen,Gotha_Kreis,Waltershausen,99880,183.0,253.0,70.0,,33.2,1.0,1994.0,,apartment,,central_heating,2.14,False,False,False,True,False,False,Feb20
111288696,Nordrhein_Westfalen,Leverkusen,Hitdorf,51371,650.0,800.0,150.0,,75.0,3.0,,first_time_use_after_refurbishment,apartment,,gas_heating,3.5,False,False,False,True,False,False,May19
110928060,Sachsen,Leipzig,Engelsdorf,4103,1056.39,1364.57,142.76,90.42,95.17,3.0,2018.0,,apartment,,,3.7,True,True,True,False,False,True,May19
88244562,Baden_Württemberg,Mannheim,Innenstadt_/_Jungbusch,68159,450.0,600.0,150.0,,37.25,1.0,1986.0,well_kept,apartment,,district_heating,5.43,False,True,True,True,True,True,Oct19
115526571,Sachsen,Zwickau,Mitte_Nord,8056,350.0,495.0,145.0,,66.0,3.0,,well_kept,apartment,,central_heating,1.05,False,False,False,True,False,True,Feb20
90127836,Thüringen,Altenburger_Land_Kreis,Altenburg,4600,320.0,460.0,140.0,90.0,67.0,2.0,1998.0,well_kept,apartment,D,gas_heating,0.0,False,False,False,True,False,False,Oct19
107298736,Saarland,Saarlouis_Kreis,Saarlouis,66740,690.0,870.0,180.0,,70.0,3.0,,refurbished,maisonette,,district_heating,2.86,False,True,False,False,False,False,Sep18
109697099,Nordrhein_Westfalen,Wesel_Kreis,Moers,47443,418.8,568.8,100.0,50.0,56.0,2.0,,,ground_floor,,district_heating,1.56,False,False,False,True,True,False,May19
107371587,Brandenburg,Cottbus,Sachsendorf,3050,256.0,396.0,140.0,0.0,55.55,2.0,1983.0,,apartment,B,district_heating,0.0,False,True,False,True,False,False,Sep18
113559832,Sachsen,Chemnitz,Bernsdorf,9126,700.0,900.0,200.0,,99.0,4.0,1910.0,first_time_use_after_refurbishment,,,central_heating,0.0,False,True,False,False,False,True,Oct19
109899104,Sachsen,Chemnitz,Sonnenberg,9130,300.0,430.0,130.0,,65.0,3.0,,,other,,central_heating,0.21,False,False,False,True,False,False,May19
113283470,Nordrhein_Westfalen,Märkischer_Kreis,Iserlohn,58640,337.5,506.5,169.0,81.0,62.0,3.0,1961.0,well_kept,ground_floor,,central_heating,2.97,False,False,False,True,False,False,Oct19
111196855,Nordrhein_Westfalen,Düsseldorf,Gerresheim,40625,600.0,700.0,100.0,100.0,40.0,2.0,,well_kept,roof_storey,,central_heating,4.32,False,True,False,False,False,True,May19
109146803,Hessen,Wiesbaden,Nordost,65193,1950.0,2350.0,400.0,,120.0,3.0,2004.0,well_kept,terraced_flat,,central_heating,2.75,False,True,True,True,False,True,Oct19
111424297,Rheinland_Pfalz,Westerwaldkreis,Montabaur,56410,580.0,,195.0,,77.0,3.0,,mint_condition,ground_floor,,gas_heating,5.6,False,True,True,True,True,True,May19
107341627,Sachsen_Anhalt,Dessau_Roßlau,Innerstädtischer_Bereich_Süd,6842,323.0,370.0,47.0,,56.14,3.0,1978.0,first_time_use,,NO_INFORMATION,district_heating,0.0,False,True,True,False,False,False,Sep18
112331544,Nordrhein_Westfalen,Gelsenkirchen,Buer,45897,300.0,430.0,130.0,,53.0,2.0,1920.0,well_kept,apartment,,central_heating,2.04,False,False,False,False,False,False,Feb20
114880151,Sachsen,Chemnitz,Kapellenberg,9119,350.0,449.0,63.0,36.0,60.28,3.0,1961.0,refurbished,apartment,C,central_heating,0.36,False,True,False,False,False,False,Feb20
115227407,Sachsen,Zwickau,Brand,8060,230.0,340.0,110.0,,46.8,1.5,1925.0,refurbished,,,self_contained_central_heating,0.37,False,True,False,True,True,False,Feb20
67248651,Berlin,Berlin,Tiergarten_Tiergarten,10557,1103.3,1266.3,163.0,45.0,64.9,2.0,1964.0,modernized,apartment,,central_heating,8.28,False,True,True,True,True,True,Feb20
115303534,Sachsen,Chemnitz,Grüna,9224,350.0,480.0,65.0,65.0,65.0,3.0,,mint_condition,apartment,NO_INFORMATION,central_heating,0.52,False,False,False,True,True,False,Feb20
115658638,Thüringen,Erfurt,Krämpfervorstadt,99085,450.0,580.0,130.0,,52.92,2.0,1900.0,refurbished,ground_floor,,central_heating,2.28,False,False,True,True,False,False,Feb20
113477022,Sachsen,Dresden,Löbtau_Nord,1159,598.0,822.0,224.0,,74.78,2.5,,refurbished,roof_storey,,central_heating,2.47,False,True,True,True,False,True,Oct19
111349256,Nordrhein_Westfalen,Krefeld,Stadtmitte,47798,450.0,600.0,150.0,,56.0,2.0,1954.0,,,,central_heating,3.3,False,False,False,True,False,False,May19
110684764,Rheinland_Pfalz,Neustadt_an_der_Weinstraße,Kernstadt,67433,540.0,660.0,120.0,,58.9,2.0,1967.0,,apartment,C,district_heating,4.11,False,True,True,True,False,False,May19
115674915,Hessen,Main_Taunus_Kreis,Hattersheim_am_Main,65795,1240.0,1540.0,300.0,,121.0,3.0,1976.0,fully_renovated,other,E,central_heating,4.12,False,True,False,True,True,True,Feb20
113609517,Sachsen,Sächsische_Schweiz_Osterzgebirge_Kreis,Heidenau,1809,360.0,,80.0,100.0,65.0,3.0,1987.0,,,,district_heating,1.11,False,True,False,True,True,False,Oct19
111424507,Bayern,Nürnberg,Sündersbühl,90439,457.16,584.16,127.0,0.0,66.38,3.0,1963.0,,apartment,,,2.96,False,False,False,False,False,False,May19
104611501,Nordrhein_Westfalen,Märkischer_Kreis,Meinerzhagen,58540,325.5,535.5,126.0,84.0,70.0,2.0,1955.0,first_time_use_after_refurbishment,ground_floor,,combined_heat_and_power_plant,1.69,False,True,True,True,False,False,Sep18
107373984,Nordrhein_Westfalen,Ennepe_Ruhr_Kreis,Witten,58455,527.12,755.12,171.0,57.0,75.69,3.0,1973.0,,ground_floor,,central_heating,3.23,False,True,False,True,False,False,Sep18
104873443,Rheinland_Pfalz,Pirmasens,Stadtmitte,66953,300.0,380.0,80.0,,65.0,2.0,,well_kept,roof_storey,,self_contained_central_heating,-1.96,False,False,False,True,False,False,May19
114834609,Schleswig_Holstein,Segeberg_Kreis,Kaltenkirchen,24568,950.0,1090.0,80.0,60.0,97.0,3.0,2013.0,,,,central_heating,3.81,False,False,False,False,False,True,Feb20
115538301,Nordrhein_Westfalen,Bochum,Hamme,44809,399.1,571.1,111.0,61.0,50.97,2.0,1952.0,,ground_floor,,central_heating,4.56,False,False,False,True,False,False,Feb20
111203742,Baden_Württemberg,Stuttgart,Mitte,70173,1470.0,,210.0,,64.0,2.0,,,roof_storey,,,7.44,False,False,False,True,False,True,May19
107357392,Nordrhein_Westfalen,Bielefeld,Sennestadt,33689,469.0,,118.0,91.0,72.0,3.0,1971.0,,apartment,E,central_heating,3.17,False,True,False,False,False,False,Sep18
112961100,Bayern,Hof_Kreis,Konradsreuth,95176,470.0,690.0,220.0,,124.5,5.0,1968.0,well_kept,apartment,,central_heating,4.95,False,True,False,False,True,False,Oct19
31921418,Nordrhein_Westfalen,Heinsberg_Kreis,Wegberg,41844,250.0,,120.0,,33.26,1.0,1997.0,mint_condition,apartment,C,central_heating,2.99,False,True,True,True,False,False,Oct19
101619094,Rheinland_Pfalz,Trier_Saarburg_Kreis,Waldrach,54320,260.0,350.0,90.0,,38.0,1.0,,well_kept,ground_floor,,central_heating,1.54,False,False,False,False,False,True,May19
110786834,Sachsen,Dresden,Wilsdruffer_Vorstadt/Seevorstadt_West,1067,1089.0,1331.14,242.14,,86.48,3.0,2018.0,first_time_use,apartment,B,floor_heating,4.25,True,True,True,True,False,True,May19
107032392,Nordrhein_Westfalen,Herne,Baukau_Ost,44629,440.0,540.0,100.0,,74.0,3.0,1900.0,well_kept,apartment,,gas_heating,3.45,False,False,False,True,False,False,Sep18
111044340,Mecklenburg_Vorpommern,Neubrandenburg,Industrieviertel,17034,280.0,400.0,120.0,,57.56,2.0,1970.0,refurbished,apartment,,district_heating,0.35,False,True,False,True,False,False,May19
109290913,Hamburg,Hamburg,Billstedt,22117,595.0,785.0,160.0,,62.5,2.0,1978.0,,roof_storey,D,central_heating,4.65,False,False,False,False,False,False,May19
115231663,Sachsen,Zwickau_Kreis,Glauchau,8371,210.0,315.0,85.0,,38.0,2.0,,well_kept,apartment,B,,0.56,False,False,False,True,False,True,Feb20
113586183,Sachsen,Dresden,Plauen,1187,643.0,799.0,156.0,,77.95,2.0,1885.0,refurbished,roof_storey,,central_heating,2.15,False,False,False,False,False,False,Oct19
101296214,Nordrhein_Westfalen,Gelsenkirchen,Buer,45894,978.0,1378.0,400.0,150.0,146.0,3.0,1996.0,mint_condition,maisonette,,central_heating,1.64,False,True,True,True,False,False,Feb20
106748884,Sachsen,Dresden,Pieschen_Nord/Trachenberge,1127,394.0,549.0,155.0,,63.0,3.0,1914.0,,apartment,F,district_heating,2.67,False,False,False,True,False,False,Sep18
115311407,Bayern,Regensburg_Kreis,Wenzenbach,93173,480.0,610.0,130.0,,70.0,3.0,2020.0,first_time_use,ground_floor,,wood_pellet_heating,3.49,True,True,True,True,True,True,Feb20
113766576,Nordrhein_Westfalen,Krefeld,Inrath/Kliedbruch,47803,440.0,580.0,140.0,,64.0,2.0,1963.0,,apartment,NO_INFORMATION,central_heating,2.51,False,False,False,False,False,False,Oct19
115376664,Baden_Württemberg,Baden_Baden,Innenstadt,76530,1290.0,1550.0,260.0,,129.0,3.5,1993.0,refurbished,apartment,E,central_heating,3.37,False,True,False,True,False,False,Feb20
115473195,Nordrhein_Westfalen,Unna_Kreis,Lünen,44532,389.0,557.0,90.0,78.0,52.0,2.0,1985.0,well_kept,roof_storey,D,central_heating,3.51,False,True,False,True,False,False,Feb20
115660864,Baden_Württemberg,Heilbronn_Kreis,Beilstein,71717,500.0,550.0,50.0,,105.0,3.0,2020.0,first_time_use,maisonette,,floor_heating,5.58,True,True,False,False,True,True,Feb20
115689814,Nordrhein_Westfalen,Wesel_Kreis,Wesel,46485,580.0,,120.0,,90.0,3.5,1910.0,well_kept,maisonette,,gas_heating,2.48,False,True,False,False,False,True,Feb20
111335159,Bayern,Würzburg_Kreis,Theilheim,97288,650.0,850.0,200.0,,72.38,2.0,1986.0,fully_renovated,ground_floor,,oil_heating,6.33,False,True,False,True,True,False,May19
107324834,Hessen,Hochtaunuskreis,Weilrod,61276,180.0,250.0,70.0,,16.0,1.0,1974.0,fully_renovated,roof_storey,E,central_heating,3.28,False,False,False,False,False,False,Sep18
109001510,Sachsen_Anhalt,Halle_Saale,Südliche_Neustadt,6124,338.0,501.0,78.0,85.0,70.51,4.0,1969.0,well_kept,apartment,,central_heating,3.42,False,False,True,False,False,True,May19
115301062,Sachsen,Nordsachsen_Kreis,Delitzsch,4509,220.0,325.0,105.0,,29.9,1.0,2004.0,mint_condition,apartment,B,,3.38,False,True,True,False,False,False,Feb20
113324380,Rheinland_Pfalz,Worms,Innenstadt_West,67549,1000.0,1300.0,300.0,,140.0,3.0,1900.0,refurbished,raised_ground_floor,,gas_heating,4.05,False,True,False,False,False,False,Oct19
107496644,Sachsen,Zwickau,Neuplanitz,8062,304.0,,106.0,70.0,70.0,3.0,1978.0,mint_condition,apartment,,central_heating,-2.22,False,True,False,True,True,False,May19
110645962,Sachsen,Dresden,Johannstadt_Süd,1307,720.0,,109.0,,49.1,2.0,2018.0,first_time_use,apartment,,,1.71,False,True,True,False,True,True,Feb20
113852864,Baden_Württemberg,Rems_Murr_Kreis,Fellbach,70734,860.0,860.0,0.0,0.0,30.0,1.0,,well_kept,,,central_heating,6.44,False,False,False,False,False,True,Oct19
85643341,Thüringen,Gera,Stadtmitte,7545,160.0,235.0,75.0,,30.0,1.0,1885.0,fully_renovated,,E,central_heating,1.89,False,False,False,True,False,False,Oct19
110792418,Sachsen_Anhalt,Anhalt_Bitterfeld_Kreis,Bitterfeld_Wolfen,6766,280.0,400.0,120.0,50.0,46.9,2.0,,refurbished,roof_storey,,central_heating,1.69,False,False,True,True,False,False,May19
77399012,Nordrhein_Westfalen,Rhein_Erft_Kreis,Brühl,50321,842.0,1072.0,230.0,,102.73,4.0,1958.0,,apartment,,central_heating,3.93,False,True,False,True,False,False,Oct19
110914052,Nordrhein_Westfalen,Köln,Lindenthal,50935,369.0,459.0,90.0,,23.1,1.0,,well_kept,ground_floor,,central_heating,4.17,False,False,False,True,False,True,May19
114327905,Nordrhein_Westfalen,Rhein_Erft_Kreis,Hürth,50354,820.0,,110.0,,90.0,3.0,,modernized,apartment,F,electric_heating,3.83,False,False,False,True,False,False,Feb20
110697393,Sachsen_Anhalt,Harz_Kreis,Wernigerode,38855,295.0,420.0,125.0,,50.0,1.5,,well_kept,roof_storey,,gas_heating,3.08,False,False,False,False,False,True,May19
111290107,Sachsen,Zwickau,Pölbitz,8058,265.0,365.0,100.0,,57.0,2.0,1920.0,negotiable,roof_storey,,central_heating,0.37,False,True,False,False,False,False,Oct19
111360373,Sachsen,Leipzig,Gohlis_Mitte,4157,340.0,,65.0,65.0,56.99,3.0,1960.0,,ground_floor,,,4.99,False,True,False,True,False,False,May19
110769953,Niedersachsen,Osterode_am_Harz_Kreis,Osterode_am_Harz,37520,455.0,,160.0,,91.0,3.0,1900.0,well_kept,,,self_contained_central_heating,2.08,False,True,False,False,False,False,May19
112203547,Schleswig_Holstein,Flensburg,Nordstadt,24939,587.0,760.0,90.0,83.0,69.0,3.0,1920.0,well_kept,ground_floor,G,district_heating,3.68,False,False,False,False,False,True,Oct19
112364692,Mecklenburg_Vorpommern,Nordwestmecklenburg_Kreis,Bad_Kleinen,23996,450.0,570.0,120.0,,63.0,2.0,1995.0,well_kept,apartment,,gas_heating,1.05,False,True,False,True,False,True,Oct19
113233031,Hessen,Schwalm_Eder_Kreis,Borken_Hessen,34582,325.0,385.0,60.0,,66.0,1.5,,first_time_use_after_refurbishment,apartment,,electric_heating,2.38,False,False,False,False,True,True,Oct19
113463336,Nordrhein_Westfalen,Essen,Altendorf,45143,290.0,400.0,110.0,,55.0,2.0,1957.0,well_kept,apartment,,self_contained_central_heating,3.43,False,False,False,False,False,False,Feb20
58100948,Hamburg,Hamburg,Billstedt,22115,362.0,525.0,110.0,53.0,57.77,2.0,1995.0,fully_renovated,apartment,,central_heating,1.25,False,True,False,True,False,True,Feb20
105637377,Niedersachsen,Emden,Borßum/Hilmarsum,26725,425.0,,100.0,,68.58,3.0,,well_kept,,,self_contained_central_heating,5.17,False,True,True,True,False,False,Sep18
109417213,Brandenburg,Cottbus,Sachsendorf,3048,297.54,446.31,68.66,80.11,57.22,3.0,1979.0,well_kept,apartment,C,central_heating,1.92,False,True,False,True,False,False,May19
114355625,Thüringen,Eisenach,Stadtmitte,99817,950.0,1060.0,110.0,,120.0,4.0,1904.0,well_kept,apartment,C,self_contained_central_heating,0.48,False,True,False,True,True,False,Feb20
106587834,Sachsen,Nordsachsen_Kreis,Oschatz,4758,335.0,470.0,110.0,,53.29,2.0,1998.0,refurbished,roof_storey,,central_heating,1.75,False,True,False,True,False,True,Feb20
112192375,Sachsen_Anhalt,Halle_Saale,Südstadt,6130,323.0,463.0,140.0,65.0,55.8,3.0,1978.0,,,NO_INFORMATION,,1.98,False,True,False,True,False,False,Oct19
103878214,Bayern,Wunsiedel_im_Fichtelgebirge_Kreis,Marktredwitz,95615,290.0,430.0,40.0,100.0,54.0,3.0,1930.0,well_kept,roof_storey,E,central_heating,3.92,False,False,False,True,False,False,Sep18
114137418,Nordrhein_Westfalen,Recklinghausen_Kreis,Recklinghausen,45659,883.0,1149.0,155.0,111.0,103.85,4.0,1952.0,,roof_storey,B,central_heating,2.9,False,True,False,True,True,False,Feb20
113784737,Nordrhein_Westfalen,Duisburg,Kaßlerfeld,47059,360.0,570.0,120.0,90.0,61.0,2.5,,well_kept,apartment,,central_heating,3.01,False,True,False,True,False,False,Oct19
113563244,Niedersachsen,Emden,Stadtzentrum,26725,570.0,,200.0,,95.0,4.0,,,apartment,,,-0.55,False,False,False,False,False,True,Oct19
113773147,Baden_Württemberg,Karlsruhe_Kreis,Ettlingen,76275,1150.0,1400.0,250.0,60.0,108.0,3.5,1976.0,fully_renovated,raised_ground_floor,,central_heating,4.38,False,True,False,True,False,True,Oct19
107352845,Sachsen,Dresden,Strehlen,1219,320.0,420.0,100.0,,43.32,1.0,1910.0,,ground_floor,,central_heating,4.05,False,False,False,True,False,True,Sep18
109754527,Bayern,Aichach_Friedberg_Kreis,Mering,86415,1700.0,0.0,300.0,,180.0,5.0,1982.0,,apartment,,floor_heating,6.82,False,True,True,True,False,False,May19
111619124,Nordrhein_Westfalen,Gütersloh_Kreis,Herzebrock_Clarholz,33442,580.0,580.0,0.0,0.0,60.0,2.0,,,,,,2.19,False,False,False,False,True,True,Feb20
110019889,Sachsen,Leipzig,Wahren,4159,255.0,315.0,60.0,,42.27,2.0,1930.0,refurbished,apartment,,self_contained_central_heating,4.5,False,False,False,True,True,False,May19
108057114,Sachsen,Chemnitz,Kappel,9119,545.0,767.0,225.0,,111.0,5.0,1900.0,well_kept,apartment,,central_heating,0.0,False,False,False,True,True,False,May19
113649760,Sachsen,Dresden,Pieschen_Süd,1127,395.0,520.0,125.0,,51.49,1.5,,,roof_storey,,,2.58,False,False,False,True,False,True,Oct19
112409875,Sachsen,Leipzig,Connewitz,4277,995.0,1220.0,225.0,,92.23,4.0,2018.0,first_time_use,roof_storey,B,district_heating,4.32,True,True,True,False,False,True,Oct19
66701423,Niedersachsen,Hannover_Kreis,Burgdorf,31303,560.0,725.0,100.0,65.0,80.0,3.0,1973.0,well_kept,raised_ground_floor,D,central_heating,3.17,False,True,False,True,True,False,Sep18
111363122,Hessen,Marburg_Biedenkopf_Kreis,Marburg,35041,800.0,1100.0,300.0,,95.0,3.0,,first_time_use_after_refurbishment,half_basement,,gas_heating,2.88,False,True,False,False,True,False,May19
115180181,Niedersachsen,Salzgitter,Bad,38259,260.0,360.0,100.0,,43.37,1.0,1993.0,well_kept,roof_storey,,,1.35,False,True,False,True,False,False,Feb20
94118880,Sachsen,Vogtlandkreis,Mylau,8499,260.0,380.0,120.0,,59.4,2.0,1906.0,,,,central_heating,4.26,False,False,False,False,False,False,May19
115333957,Nordrhein_Westfalen,Düsseldorf,Mörsenbroich,40470,670.0,920.0,200.0,,76.0,3.0,1994.0,well_kept,apartment,F,central_heating,4.17,False,True,False,True,True,False,Feb20
115307759,Nordrhein_Westfalen,Leverkusen,Schlebusch,51375,1190.0,,100.0,100.0,93.0,3.0,2017.0,well_kept,apartment,A,floor_heating,3.72,False,False,True,False,False,False,Feb20
114287357,Thüringen,Gera,Stadtmitte,7545,245.0,345.0,100.0,,47.43,1.0,1920.0,fully_renovated,,,central_heating,2.16,False,True,False,True,False,False,Feb20
112812106,Nordrhein_Westfalen,Viersen_Kreis,Viersen,41747,448.05,672.05,178.0,46.0,79.3,4.0,1960.0,well_kept,apartment,D,central_heating,2.79,False,False,False,False,False,False,Oct19
111853210,Sachsen,Chemnitz,Schloßchemnitz,9113,190.0,250.0,75.0,,25.84,1.0,1992.0,well_kept,,NO_INFORMATION,central_heating,0.19,False,False,True,True,False,True,Feb20
113517211,Sachsen,Leipzig,Zentrum_West,4109,1099.0,1319.0,220.0,,103.38,3.0,2008.0,well_kept,roof_storey,,floor_heating,4.77,False,True,True,False,False,True,Oct19
115091770,Berlin,Berlin,Tiergarten_Tiergarten,10785,2646.13,3593.17,598.86,348.18,139.22,3.0,1995.0,well_kept,apartment,NO_INFORMATION,central_heating,7.78,False,False,True,False,False,True,Feb20
115644898,Bayern,München,Berg_am_Laim,81673,1430.0,1630.0,120.0,80.0,96.8,4.0,1980.0,well_kept,apartment,,central_heating,5.34,False,True,True,True,False,True,Feb20
110088600,Bayern,Ostallgäu_Kreis,Irsee,87660,1070.0,1230.0,160.0,,102.0,3.5,2019.0,first_time_use,other,,floor_heating,6.78,True,True,False,True,False,False,May19
113469787,Nordrhein_Westfalen,Leverkusen,Opladen,51379,500.0,,195.0,60.0,71.0,2.0,1938.0,fully_renovated,ground_floor,NO_INFORMATION,gas_heating,3.66,False,False,False,True,True,False,Oct19
111411000,Nordrhein_Westfalen,Düsseldorf,Flingern_Nord,40235,875.0,1073.0,198.0,,61.8,2.0,2017.0,mint_condition,apartment,B,floor_heating,5.18,False,True,True,True,False,True,May19
113132473,Nordrhein_Westfalen,Mettmann_Kreis,Mettmann,40822,590.0,,110.0,90.0,66.0,3.0,1964.0,fully_renovated,apartment,,central_heating,4.15,False,False,False,True,False,False,Oct19
107314013,Nordrhein_Westfalen,Rhein_Sieg_Kreis,Hennef_Sieg,53773,750.0,910.0,160.0,,118.0,3.0,2000.0,well_kept,roof_storey,,self_contained_central_heating,4.23,False,True,False,False,False,False,Sep18
111368954,Nordrhein_Westfalen,Bochum,Weitmar_Mitte,44795,594.97,771.97,126.0,51.0,70.83,4.0,1959.0,,apartment,,central_heating,4.92,False,True,False,True,False,False,May19
106029872,Bayern,Coburg,Zentrum,96450,440.0,590.0,80.0,70.0,56.0,2.0,1939.0,modernized,apartment,,central_heating,1.54,False,True,False,True,True,False,Feb20
99870648,Bayern,Hof,Innenstadt,95028,650.0,880.0,230.0,,125.0,4.0,,first_time_use_after_refurbishment,apartment,,oil_heating,5.56,False,True,False,False,False,False,May19
97902902,Nordrhein_Westfalen,Dortmund,Persebeck,44227,300.0,440.0,140.0,,35.0,2.5,,fully_renovated,roof_storey,,central_heating,4.0,False,False,False,False,False,True,Oct19
113374015,Nordrhein_Westfalen,Lippe_Kreis,Bad_Salzuflen,32105,750.0,950.0,200.0,,85.0,2.0,2015.0,first_time_use,terraced_flat,B,floor_heating,3.18,False,True,False,True,False,True,Oct19
105252055,Niedersachsen,Wilhelmshaven,Heppens,26384,480.0,700.0,220.0,140.0,80.69,3.0,1992.0,well_kept,apartment,,central_heating,5.08,False,True,False,False,False,False,May19
63720893,Schleswig_Holstein,Flensburg,Friesischer_Berg,24937,410.0,615.0,95.0,110.0,57.03,2.0,1960.0,well_kept,apartment,,central_heating,4.41,False,True,False,False,False,True,Oct19
110735741,Sachsen,Chemnitz,Kaßberg,9113,460.0,590.0,130.0,,81.64,3.0,1937.0,mint_condition,,,central_heating,0.0,False,True,False,True,True,False,May19
115693477,Baden_Württemberg,Mannheim,Innenstadt_/_Jungbusch,68161,470.0,600.0,130.0,,42.0,1.0,,,apartment,,central_heating,4.47,False,True,True,True,False,True,Feb20
115202106,Sachsen,Zwickau,Bockwa,8056,300.0,447.0,147.0,77.0,64.07,2.0,2000.0,well_kept,roof_storey,,,2.27,False,False,False,False,False,False,Feb20
112796398,Rheinland_Pfalz,Mainz_Bingen_Kreis,Bingen_am_Rhein,55411,880.0,1100.0,220.0,,100.0,3.0,2017.0,mint_condition,apartment,C,central_heating,3.11,False,True,True,True,False,False,Oct19
114567672,Baden_Württemberg,Ludwigsburg_Kreis,Pleidelsheim,74385,860.0,1000.0,,,50.0,2.0,,,apartment,,,5.94,False,False,False,False,False,False,Feb20
113681156,Sachsen,Bautzen_Kreis,Großröhrsdorf,1900,725.0,977.0,252.0,,125.92,6.0,1886.0,modernized,apartment,D,central_heating,2.81,False,False,False,True,False,True,Oct19
113764408,Baden_Württemberg,Mannheim,Lindenhof,68163,580.22,706.22,75.0,51.0,55.47,2.0,1957.0,,apartment,,central_heating,4.48,False,True,False,True,False,False,Oct19
115614286,Nordrhein_Westfalen,Dortmund,Innenstadt,44143,470.0,626.4,69.1,87.3,45.0,1.0,,,,,central_heating,4.05,False,False,False,True,False,False,Feb20
115599038,Nordrhein_Westfalen,Rhein_Erft_Kreis,Frechen,50226,1130.0,,200.0,,87.0,3.0,2012.0,mint_condition,penthouse,,central_heating,3.66,False,True,True,True,False,False,Feb20
106531706,Niedersachsen,Hildesheim_Kreis,Alfeld_Leine,31061,370.0,555.0,185.0,,74.0,3.0,2017.0,fully_renovated,roof_storey,,oil_heating,4.14,True,False,False,True,True,False,Sep18
97763185,Bayern,Nürnberg,Maxfeld,90409,2880.0,3380.0,250.0,250.0,309.68,6.0,1922.0,,maisonette,,central_heating,5.15,False,True,False,True,False,True,Sep18
106248338,Sachsen_Anhalt,Halle_Saale,Silberhöhe,6132,290.0,413.0,58.0,65.0,57.76,3.0,1980.0,,,,,4.08,False,True,False,True,False,False,Sep18
107077096,Niedersachsen,Emsland_Kreis,Meppen,49716,415.0,,60.0,,52.0,2.0,1982.0,fully_renovated,apartment,,,3.57,False,True,False,False,False,False,Sep18
75080886,Nordrhein_Westfalen,Rhein_Erft_Kreis,Bergheim,50129,910.0,1143.0,132.0,101.0,101.0,3.5,2014.0,mint_condition,maisonette,,floor_heating,3.1,False,True,False,False,False,False,May19
106821020,Bayern,Erding_Kreis,Kirchberg,84434,1680.0,,320.0,,315.0,7.0,2009.0,well_kept,,,heat_pump,4.05,False,True,False,False,True,False,Sep18
109606366,Bayern,Nürnberg,Himpfelshof,90429,1080.0,,200.0,,108.0,3.0,1991.0,first_time_use_after_refurbishment,raised_ground_floor,F,central_heating,4.9,False,False,False,True,False,False,May19
81617067,Niedersachsen,Diepholz_Kreis,Syke,28857,495.0,625.0,130.0,,66.0,2.0,1996.0,well_kept,roof_storey,,gas_heating,3.7,False,True,False,True,True,False,May19
111342252,Hessen,Gießen_Kreis,Allendorf_Lumda,35469,360.0,440.0,80.0,,70.0,2.0,,well_kept,other,,oil_heating,1.04,False,True,False,False,False,False,May19
106345939,Bayern,München,Untergiesing,81547,995.0,1245.0,250.0,0.0,37.0,1.0,,mint_condition,apartment,,central_heating,8.23,False,True,True,True,False,True,May19
107667947,Rheinland_Pfalz,Mainz,Oberstadt,55131,790.0,790.0,0.0,,50.0,1.0,1959.0,,,C,central_heating,3.7,False,True,True,False,False,True,Oct19
105475650,Sachsen,Leipzig_Kreis,Zwenkau,4442,372.0,552.0,180.0,,63.03,3.0,1930.0,,apartment,,central_heating,3.23,False,False,False,True,False,False,Sep18
110055124,Sachsen_Anhalt,Burgenlandkreis,Naumburg_Saale,6618,260.0,400.0,140.0,,47.36,2.0,1920.0,modernized,apartment,,central_heating,2.91,False,False,False,True,False,False,May19
111147045,Nordrhein_Westfalen,Paderborn_Kreis,Paderborn,33100,539.0,694.0,130.0,,77.0,3.0,,well_kept,ground_floor,,,5.48,False,True,False,True,False,False,May19
106960511,Bayern,Augsburg_Kreis,Stadtbergen,86391,824.0,999.0,175.0,,71.0,3.0,1972.0,first_time_use_after_refurbishment,apartment,,central_heating,5.68,False,True,False,True,False,False,Sep18
107378243,Sachsen,Chemnitz,Hilbersdorf,9131,379.0,513.0,134.0,,73.0,3.0,1923.0,well_kept,other,,gas_heating,0.0,False,True,False,False,True,False,Sep18
106772014,Sachsen,Chemnitz,Sonnenberg,9130,375.87,505.87,130.0,,67.12,2.0,1997.0,negotiable,,,central_heating,0.0,False,True,True,True,False,True,Sep18
109769100,Bayern,Bayreuth,Saas/Lerchenbühl/Pottaschhütte,95447,875.0,,250.0,,137.0,3.0,1972.0,,,,,3.75,False,False,False,False,False,False,May19
115360906,Nordrhein_Westfalen,Ennepe_Ruhr_Kreis,Witten,58453,290.0,355.0,65.0,,34.0,1.5,1915.0,,apartment,,self_contained_central_heating,2.91,False,False,False,True,False,False,Feb20
107106663,Nordrhein_Westfalen,Aachen_Kreis,Eschweiler,52249,285.0,420.0,100.0,35.0,50.0,2.0,,need_of_renovation,roof_storey,,gas_heating,3.17,False,False,False,False,False,False,Sep18
104919840,Sachsen,Chemnitz,Kaßberg,9112,360.0,500.0,140.0,,71.0,3.0,1998.0,refurbished,roof_storey,,,0.0,False,False,False,True,False,False,Sep18
108955349,Hessen,Rheingau_Taunus_Kreis,Taunusstein,65232,890.0,1140.0,250.0,,101.0,3.0,1969.0,first_time_use_after_refurbishment,ground_floor,F,oil_heating,4.2,False,False,False,False,True,False,May19
64688568,Nordrhein_Westfalen,Rhein_Erft_Kreis,Kerpen,50169,275.0,370.0,95.0,0.0,34.03,1.0,1950.0,,apartment,NO_INFORMATION,,4.29,False,False,False,True,True,True,Oct19
109916872,Nordrhein_Westfalen,Rhein_Sieg_Kreis,Königswinter,53639,435.0,635.0,200.0,,54.9,2.0,1993.0,fully_renovated,roof_storey,,central_heating,4.66,False,True,False,True,False,False,May19
112605546,Sachsen,Dresden,Tolkewitz/Seidnitz_Nord,1279,539.0,732.0,193.0,,64.52,2.0,1900.0,refurbished,,,,1.75,False,False,True,True,False,True,Feb20
106968398,Berlin,Berlin,Tiergarten_Tiergarten,10557,1045.0,1196.0,151.0,,58.0,2.0,2018.0,mint_condition,apartment,,central_heating,10.4,True,True,False,True,False,True,Sep18
107935462,Rheinland_Pfalz,Neuwied_Kreis,Linz_am_Rhein,53545,600.0,720.0,120.0,,110.0,4.0,,modernized,roof_storey,,self_contained_central_heating,4.62,False,False,False,False,False,True,May19
110743946,Niedersachsen,Lüneburg_Kreis,Lüneburg,21335,570.0,,126.0,126.0,84.29,3.0,1995.0,well_kept,roof_storey,,central_heating,2.35,False,True,False,True,False,True,May19
73093913,Sachsen_Anhalt,Börde_Kreis,Irxleben,39167,230.0,320.0,90.0,,41.0,1.0,1994.0,well_kept,roof_storey,NO_INFORMATION,central_heating,1.82,False,False,False,False,False,False,May19
112508421,Sachsen,Leipzig,Zentrum_Nord,4105,816.0,1051.0,91.0,144.0,95.98,3.0,1920.0,first_time_use_after_refurbishment,apartment,,,4.84,False,False,True,False,False,False,Oct19
70389310,Hessen,Main_Taunus_Kreis,Liederbach_am_Taunus,65835,740.0,895.0,155.0,,78.0,2.0,1992.0,well_kept,roof_storey,E,central_heating,4.17,False,True,False,True,True,True,Sep18
102119999,Sachsen,Chemnitz,Kaßberg,9112,235.0,345.0,46.24,63.76,47.98,2.0,1910.0,refurbished,,NO_INFORMATION,central_heating,1.85,False,False,False,True,True,False,May19
111371737,Nordrhein_Westfalen,Dortmund,Innenstadt,44135,350.0,470.0,60.0,60.0,33.0,1.5,1971.0,well_kept,apartment,,central_heating,4.51,False,True,True,False,False,True,May19
102102346,Rheinland_Pfalz,Koblenz,Rauental,56073,1050.0,1250.0,200.0,,98.0,4.0,2006.0,mint_condition,apartment,,gas_heating,3.95,False,True,False,True,False,True,Feb20
114763479,Hessen,Kassel,Mitte,34117,412.0,592.0,180.0,,46.0,2.0,1970.0,modernized,apartment,,district_heating,2.69,False,False,True,False,False,True,Feb20
109813237,Nordrhein_Westfalen,Viersen_Kreis,Brüggen,41379,1470.0,,294.0,,147.0,4.0,2019.0,first_time_use,apartment,B,central_heating,2.66,True,True,True,True,False,False,May19
113803361,Baden_Württemberg,Rhein_Neckar_Kreis,Walldorf,69190,700.0,950.0,250.0,,68.0,2.0,1968.0,fully_renovated,ground_floor,,central_heating,3.85,False,True,False,True,False,False,Oct19
106836222,Bayern,München,Solln,81479,2500.0,3000.0,500.0,,166.0,5.0,1998.0,,apartment,,gas_heating,7.38,False,True,False,False,True,True,Sep18
115506206,Hessen,Frankfurt_am_Main,Innenstadt,60312,1564.13,1758.13,194.0,,48.65,2.0,2017.0,first_time_use,apartment,B,district_heating,5.43,False,False,True,False,False,True,Feb20
111178230,Nordrhein_Westfalen,Bochum,Altenbochum,44803,530.49,743.49,146.0,67.0,67.15,3.0,1954.0,,apartment,C,central_heating,4.94,False,True,False,True,False,False,May19
114135581,Bayern,Günzburg_Kreis,Jettingen_Scheppach,89343,675.0,900.0,175.0,,84.42,3.0,1993.0,fully_renovated,apartment,,central_heating,4.39,False,True,False,True,False,False,Feb20
110751744,Baden_Württemberg,Heilbronn,Heilbronner_Kernstadt,74076,985.0,1180.0,195.0,,98.0,3.0,2016.0,mint_condition,apartment,A,combined_heat_and_power_plant,8.51,False,True,True,True,False,False,May19
109606495,Sachsen,Zwickau,Pölbitz,8058,330.0,450.0,120.0,,68.5,2.0,,well_kept,apartment,,central_heating,0.0,False,True,False,False,False,False,May19
115600880,Baden_Württemberg,Heilbronn,Sontheim,74081,1250.0,1500.0,250.0,,160.0,4.5,,modernized,roof_storey,,night_storage_heater,5.64,False,True,False,True,False,True,Feb20
61105791,Sachsen,Chemnitz,Schönau,9116,249.0,348.0,99.0,,44.4,2.0,,fully_renovated,roof_storey,,central_heating,0.0,False,True,False,True,False,False,Oct19
103353776,Baden_Württemberg,Heilbronn,Heilbronner_Kernstadt,74072,2100.0,2500.0,300.0,,166.79,5.5,1899.0,refurbished,raised_ground_floor,,central_heating,7.45,False,True,False,True,False,False,Sep18
113180224,Nordrhein_Westfalen,Gütersloh_Kreis,Gütersloh,33332,790.0,1030.0,180.0,,86.0,2.0,1936.0,,loft,C,central_heating,2.85,False,True,False,True,False,False,Oct19
111145104,Sachsen,Chemnitz,Ebersdorf,9131,359.0,500.0,141.0,,64.21,3.0,,,raised_ground_floor,,central_heating,-0.19,False,True,False,True,False,True,May19
109019867,Brandenburg,Cottbus,Sachsendorf,3048,209.83,308.79,98.96,,38.15,1.0,1976.0,,,,district_heating,1.92,False,True,True,False,False,False,May19
100698243,Baden_Württemberg,Baden_Baden,Lichtental,76530,650.0,,140.0,,74.5,3.0,1958.0,well_kept,apartment,,self_contained_central_heating,4.64,False,True,False,True,False,True,Oct19
105967982,Baden_Württemberg,Heilbronn_Kreis,Bad_Rappenau,74906,1250.0,1500.0,250.0,,123.0,4.5,2006.0,mint_condition,apartment,,central_heating,6.41,False,True,True,True,True,True,Sep18
115696343,Sachsen,Leipzig_Kreis,Wurzen,4808,380.0,550.0,170.0,,71.71,3.0,1994.0,,maisonette,,central_heating,2.83,False,True,False,False,False,False,Feb20
115522904,Nordrhein_Westfalen,Aachen,Innenstadt,52064,454.5,528.5,74.0,,23.0,1.0,2019.0,well_kept,,,district_heating,3.02,True,True,True,True,False,True,Feb20
104213182,Sachsen,Meißen_Kreis,Zabeltitz,1561,283.0,396.0,113.0,,62.0,2.0,,well_kept,ground_floor,,,0.59,False,True,False,False,False,False,Feb20
113392233,Schleswig_Holstein,Ostholstein_Kreis,Scharbeutz,23683,816.0,1026.0,130.0,80.0,68.0,2.0,1928.0,fully_renovated,apartment,,gas_heating,6.14,False,True,False,True,False,True,Feb20
113430218,Baden_Württemberg,Esslingen_Kreis,Bempflingen,72658,1250.0,1470.0,220.0,,95.0,4.0,2019.0,first_time_use,apartment,,,4.37,True,True,False,True,False,True,Oct19
113831189,Niedersachsen,Osnabrück,Westerberg,49076,840.0,940.0,100.0,,84.0,3.0,1992.0,well_kept,ground_floor,,self_contained_central_heating,3.61,False,False,False,True,True,False,Oct19
113432106,Bayern,Nürnberg,Glockenhof,90478,359.0,462.17,103.17,,21.81,1.0,2014.0,mint_condition,apartment,NO_INFORMATION,floor_heating,4.72,False,False,True,True,False,True,Oct19
71557005,Bremen,Bremerhaven,Mitte,27568,400.0,583.0,113.0,70.0,78.0,3.0,1928.0,modernized,apartment,,central_heating,2.64,False,True,False,True,False,False,Feb20
112956250,Berlin,Berlin,Karow_Weißensee,13125,899.0,1137.0,238.0,79.0,86.87,4.0,1997.0,,apartment,C,district_heating,6.91,False,True,False,True,False,False,Oct19
115358716,Sachsen,Leipzig,Lausen_Grünau,4207,549.51,717.91,88.63,79.77,88.63,3.0,1985.0,refurbished,apartment,C,central_heating,3.8,False,True,False,False,False,False,Feb20
60339321,Hessen,Wetteraukreis,Karben,61184,750.0,900.0,50.0,100.0,74.0,3.0,,modernized,ground_floor,,central_heating,4.65,False,True,False,True,False,True,Feb20
115309660,Rheinland_Pfalz,Bad_Dürkheim_Kreis,Meckenheim,67149,800.0,925.0,125.0,,111.8,3.0,1900.0,first_time_use_after_refurbishment,apartment,,gas_heating,4.33,False,False,False,False,False,False,Feb20
30036500,Schleswig_Holstein,Kiel,Ravensberg,24103,690.0,790.0,50.0,50.0,58.0,2.0,1920.0,fully_renovated,apartment,,central_heating,3.57,False,True,False,True,True,True,May19
112242833,Sachsen,Leipzig,Gohlis_Nord,4157,1800.0,2280.0,480.0,,187.0,5.0,1900.0,first_time_use_after_refurbishment,loft,,,3.52,False,True,False,False,False,True,Oct19
113820152,Baden_Württemberg,Stuttgart,Bad_Cannstatt,70374,750.0,950.0,200.0,,35.0,1.0,1990.0,,apartment,,,5.63,False,False,False,False,False,False,Oct19
79871624,Nordrhein_Westfalen,Neuss_Rhein_Kreis,Neuss,41464,620.0,800.0,180.0,,64.0,2.0,1950.0,refurbished,apartment,NO_INFORMATION,central_heating,3.95,False,False,False,True,False,False,Oct19
113872397,Nordrhein_Westfalen,Gelsenkirchen,Bulmke_Hüllen,45888,350.0,,40.0,40.0,40.0,1.5,1950.0,well_kept,ground_floor,,central_heating,1.92,False,True,False,False,False,True,Oct19
113857445,Nordrhein_Westfalen,Düsseldorf,Lörick,40547,675.0,775.0,100.0,,55.56,2.0,1999.0,,,,,4.62,False,True,True,False,False,False,Oct19
107310376,Berlin,Berlin,Spandau_Spandau,13589,850.73,1107.87,257.14,79.55,88.09,3.5,1964.0,modernized,apartment,,district_heating,7.59,False,True,True,False,False,False,Sep18
113781254,Hessen,Darmstadt,Arheilgen,64291,550.0,730.0,180.0,,55.0,3.0,1964.0,modernized,roof_storey,,central_heating,3.7,False,True,False,False,False,True,Oct19
113362874,Sachsen,Mittelsachsen_Kreis,Freiberg,9599,354.0,,75.0,80.0,59.0,3.0,1974.0,,apartment,C,,1.18,False,False,False,True,False,False,Oct19
101321943,Brandenburg,Teltow_Fläming_Kreis,Jüterbog,14913,450.0,570.0,120.0,0.0,74.0,3.0,,refurbished,apartment,,self_contained_central_heating,3.51,False,False,False,True,True,False,Sep18
106638678,Nordrhein_Westfalen,Düsseldorf,Kaiserswerth,40489,1750.0,,270.0,,125.0,4.0,1970.0,modernized,penthouse,E,central_heating,3.64,False,True,False,True,False,True,Sep18
112787248,Mecklenburg_Vorpommern,Stralsund,Knieper_West,18435,314.0,499.0,60.0,125.0,60.0,3.0,1971.0,well_kept,apartment,C,central_heating,1.44,False,True,False,True,False,False,Oct19
113826430,Berlin,Berlin,Adlershof_Treptow,12489,598.91,819.0,115.0,105.09,65.17,2.0,1996.0,negotiable,roof_storey,,central_heating,6.64,False,True,True,False,False,False,Oct19
68123874,Sachsen,Leipzig,Grünau_Nord,4205,318.0,438.0,120.0,60.0,63.7,3.0,1982.0,,apartment,,district_heating,3.07,False,True,False,False,False,False,Oct19
108655709,Baden_Württemberg,Karlsruhe,Südweststadt,76137,500.0,,70.0,40.0,33.0,1.0,1968.0,first_time_use_after_refurbishment,apartment,,district_heating,3.96,False,True,True,False,False,True,May19
106854681,Bremen,Bremen,Blumenthal,28779,371.51,511.51,140.0,,64.61,3.0,1958.0,,apartment,,,4.76,False,False,False,False,False,False,Sep18
113865777,Brandenburg,Barnim_Kreis,Eberswalde,16225,475.0,625.0,70.0,80.0,61.38,3.0,1964.0,,,,,4.2,False,True,False,True,False,False,Oct19
95078731,Nordrhein_Westfalen,Essen,Stoppenberg,45141,463.0,658.0,120.0,75.0,77.1,2.5,1922.0,well_kept,apartment,,central_heating,3.51,False,False,False,True,False,False,Oct19
115255308,Rheinland_Pfalz,Alzey_Worms_Kreis,Gau_Bickelheim,55599,875.0,1050.0,175.0,,120.0,3.0,1975.0,modernized,apartment,,central_heating,4.21,False,True,False,False,False,True,Feb20
115472307,Sachsen_Anhalt,Dessau_Roßlau,Innerstädtischer_Bereich_Süd,6842,350.0,514.0,164.0,,60.0,2.0,,refurbished,other,,district_heating,1.91,False,True,False,False,False,False,Feb20
110874243,Bayern,Pfaffenhofen_an_der_Ilm_Kreis,Baar_Ebenhausen,85107,880.0,,150.0,,80.0,3.0,2019.0,first_time_use,ground_floor,A,floor_heating,4.69,True,True,False,False,True,False,May19
93262534,Sachsen,Görlitz,Innenstadt,2826,200.0,,90.0,,47.0,2.0,1930.0,fully_renovated,apartment,C,central_heating,1.89,False,False,False,True,False,False,Oct19
111408089,Bayern,Neu_Ulm_Kreis,Senden,89250,780.0,960.0,180.0,,87.0,3.0,2007.0,mint_condition,other,NO_INFORMATION,central_heating,4.67,False,True,True,True,False,True,May19
106919328,Niedersachsen,Braunschweig,Westliches_Ringgebiet,38114,929.0,1129.0,200.0,,79.69,3.0,2018.0,first_time_use,,A,district_heating,1.44,True,True,True,True,False,True,Sep18
81136186,Nordrhein_Westfalen,Bochum,Langendreer/Alter_Bahnhof,44892,420.0,540.0,60.0,60.0,58.39,2.5,1917.0,well_kept,apartment,,self_contained_central_heating,,False,False,False,True,False,False,Oct19
97708167,Sachsen,Chemnitz,Schönau,9116,249.0,371.0,122.0,,55.4,2.0,1902.0,refurbished,,,central_heating,0.0,False,False,False,True,True,False,May19
59463687,Sachsen,Vogtlandkreis,Auerbach/Vogtland,8209,338.0,478.0,140.0,,63.0,2.0,1912.0,fully_renovated,apartment,,central_heating,0.0,False,True,False,True,True,False,Feb20
112253788,Berlin,Berlin,Kreuzberg_Kreuzberg,10969,978.0,1164.0,130.0,56.0,69.87,2.0,1968.0,mint_condition,apartment,,central_heating,8.63,False,True,True,False,False,True,Oct19
112683544,Sachsen,Nordsachsen_Kreis,Oschatz,4758,378.0,548.0,170.0,,68.61,3.0,1993.0,fully_renovated,apartment,D,central_heating,3.39,False,True,False,False,False,False,Oct19
113784291,Nordrhein_Westfalen,Düren_Kreis,Jülich,52428,665.0,845.0,120.0,60.0,95.22,2.0,2019.0,first_time_use_after_refurbishment,roof_storey,B,heat_pump,3.99,True,True,False,False,False,False,Feb20
110410986,Nordrhein_Westfalen,Essen,Altenessen_Nord,45329,409.0,,98.0,,65.0,2.0,1957.0,modernized,apartment,E,self_contained_central_heating,3.13,False,True,False,True,False,False,Oct19
108203830,Berlin,Berlin,Wilmersdorf_Wilmersdorf,10711,1100.0,1400.0,200.0,100.0,66.0,2.5,2000.0,modernized,apartment,C,,8.79,False,False,False,False,False,True,May19
114868388,Hessen,Darmstadt_Dieburg_Kreis,Weiterstadt,64331,790.0,950.0,160.0,,96.0,3.0,,fully_renovated,roof_storey,,gas_heating,4.31,False,True,False,False,False,True,Feb20
109400219,Berlin,Berlin,Spandau_Spandau,13587,660.0,890.0,150.0,,55.75,2.0,2018.0,first_time_use,apartment,NO_INFORMATION,combined_heat_and_power_plant,8.67,True,True,True,True,True,False,May19
98731557,Nordrhein_Westfalen,Krefeld,Stadtmitte,47798,380.0,580.0,140.0,80.0,68.0,2.0,1972.0,modernized,apartment,,electric_heating,4.55,False,False,False,True,False,False,Sep18
115271707,Sachsen_Anhalt,Magdeburg,Sudenburg,39112,400.0,577.0,177.0,,66.67,3.0,1920.0,first_time_use_after_refurbishment,apartment,,central_heating,1.49,False,False,False,False,False,True,Feb20
111121390,Sachsen,Plauen,Reißiger_Vorstadt,8525,639.0,851.0,212.0,,106.5,5.0,1906.0,modernized,apartment,,,1.94,False,False,False,False,False,False,May19
111370373,Berlin,Berlin,Schöneberg_Schöneberg,10825,720.0,866.0,146.0,,43.0,1.0,1956.0,first_time_use_after_refurbishment,ground_floor,,,9.7,False,True,False,True,True,True,May19
105269389,Bayern,Regensburg,Westenviertel,93049,1638.0,2024.0,256.0,,127.96,4.0,2018.0,mint_condition,penthouse,A_PLUS,central_heating,4.82,True,True,True,True,False,False,Oct19
115418449,Bremen,Bremen,Altstadt,28195,1025.0,1269.0,147.0,97.0,97.05,2.0,2015.0,mint_condition,apartment,,floor_heating,2.41,False,True,True,True,False,True,Feb20
110501499,Sachsen,Chemnitz,Schloßchemnitz,9113,275.0,385.0,110.0,,50.0,1.0,1912.0,fully_renovated,roof_storey,,central_heating,0.0,False,True,False,True,True,True,May19
106366081,Berlin,Berlin,Mitte_Mitte,10115,1961.46,2307.6,346.14,,115.38,4.0,2018.0,,,,floor_heating,8.75,True,True,False,False,False,False,Sep18
104696985,Bayern,Nürnberg,"Altstadt,_St._Sebald",90403,700.0,800.0,100.0,,53.81,2.0,,fully_renovated,other,,gas_heating,6.42,False,False,False,True,False,True,Feb20
110600144,Nordrhein_Westfalen,Bielefeld,Jöllenbeck,33739,483.0,599.0,116.0,,64.38,2.0,,,apartment,,,3.08,False,False,False,False,False,False,May19
113843673,Nordrhein_Westfalen,Märkischer_Kreis,Lüdenscheid,58509,485.0,635.0,150.0,,60.0,2.0,,,roof_storey,,,2.51,False,True,False,True,False,False,Oct19
111412216,Sachsen,Chemnitz,Kaßberg,9112,375.0,535.0,160.0,90.0,74.0,3.0,1999.0,,,,,0.36,False,True,False,False,False,False,May19
106559401,Thüringen,Weimar,Westvorstadt,99423,560.0,680.0,120.0,,70.0,3.5,1908.0,well_kept,raised_ground_floor,,self_contained_central_heating,3.7,False,False,False,True,False,False,Sep18
111183950,Sachsen,Leipzig,Schleußig,4229,1570.0,1910.0,340.0,,136.57,4.0,,,roof_storey,,floor_heating,5.45,False,True,True,True,False,False,May19
95237612,Niedersachsen,Celle_Kreis,Celle,29221,280.0,365.0,85.0,,39.0,2.0,,well_kept,apartment,,gas_heating,5.01,False,False,False,True,False,True,May19
93514731,Niedersachsen,Wesermarsch_Kreis,Nordenham,26954,250.0,,150.0,,45.0,1.5,1977.0,,ground_floor,,central_heating,1.92,False,False,False,False,False,True,Feb20
111366987,Nordrhein_Westfalen,Krefeld,Fischeln,47807,389.0,,139.0,45.0,62.0,2.5,1973.0,well_kept,ground_floor,,central_heating,3.17,False,True,True,True,False,False,May19
111278897,Baden_Württemberg,Schwäbisch_Hall_Kreis,Bühlertann,74424,500.0,600.0,100.0,,85.0,3.0,1973.0,fully_renovated,ground_floor,,electric_heating,3.15,False,True,False,False,False,True,May19
115469169,Sachsen,Dresden,Prohlis_Süd,1239,196.0,307.0,53.0,59.0,26.43,1.0,1979.0,fully_renovated,apartment,,,1.25,False,True,True,True,False,False,Feb20
113722739,Niedersachsen,Goslar_Kreis,Bad_Harzburg,38667,265.5,,92.7,64.0,51.12,2.0,1981.0,,,,central_heating,3.03,False,False,False,False,False,False,Oct19
106869423,Baden_Württemberg,Rhein_Neckar_Kreis,Sinsheim,74889,1580.0,1770.0,190.0,,121.0,2.5,2018.0,,apartment,,,4.77,True,False,False,True,False,False,Sep18
72094827,Sachsen,Leipzig,Zentrum_Süd,4107,425.0,615.0,125.0,,50.0,2.0,1998.0,well_kept,apartment,,gas_heating,4.99,False,False,True,True,True,False,Oct19
86784337,Nordrhein_Westfalen,Recklinghausen_Kreis,Castrop_Rauxel,44575,590.0,805.0,215.0,,89.35,3.0,1997.0,well_kept,,B,central_heating,3.3,False,True,False,True,False,False,Oct19
107374302,Thüringen,Gera,Bieblach_Ost,7552,558.0,808.0,250.0,,124.23,5.0,1987.0,well_kept,apartment,,district_heating,4.17,False,True,False,True,False,False,Sep18
102833328,Sachsen,Chemnitz,Sonnenberg,9130,308.0,458.0,150.0,,68.5,2.0,1997.0,well_kept,apartment,,central_heating,0.0,False,True,True,True,False,True,Sep18
110744619,Niedersachsen,Osnabrück,Schinkel,49084,579.88,736.88,103.0,54.0,61.04,3.0,1938.0,,roof_storey,E,central_heating,6.85,False,False,False,True,False,False,May19
115338179,Nordrhein_Westfalen,Duisburg,Großenbaum,47259,585.0,760.0,175.0,,70.0,3.0,1973.0,,apartment,,,2.78,False,True,False,True,False,True,Feb20
113850297,Sachsen,Chemnitz,Hutholz,9123,172.2,272.2,100.0,,41.0,2.0,,well_kept,apartment,,district_heating,-0.41,False,True,False,True,True,True,Oct19
106554369,Sachsen,Chemnitz,Morgenleite,9122,580.0,820.0,240.0,,103.8,4.0,1985.0,well_kept,apartment,,district_heating,0.0,False,True,True,False,False,False,Sep18
114339923,Sachsen,Leipzig,Heiterblick,4329,530.0,710.0,180.0,,68.0,3.0,1995.0,fully_renovated,maisonette,,central_heating,2.82,False,True,True,True,False,False,Feb20
111246170,Nordrhein_Westfalen,Essen,Kettwig,45219,1750.0,2036.0,286.0,,131.0,3.5,2019.0,first_time_use,penthouse,A,floor_heating,3.85,True,True,True,True,False,False,May19
113057797,Hamburg,Hamburg,Lohbrügge,21031,490.0,560.0,70.0,,34.44,1.0,1900.0,,ground_floor,,district_heating,4.84,False,True,False,False,False,True,Oct19
113861503,Niedersachsen,Hildesheim_Kreis,Hildesheim,31135,400.0,470.0,70.0,,55.0,1.0,1890.0,mint_condition,roof_storey,,gas_heating,5.28,False,False,False,True,False,True,Oct19
108141996,Sachsen,Leipzig,Südvorstadt,4275,1117.49,1413.72,143.76,92.47,93.76,4.0,2018.0,,apartment,,,5.53,True,True,True,False,False,True,May19
101556283,Sachsen_Anhalt,Dessau_Roßlau,Innerstädtischer_Bereich_Nord,6844,310.0,368.0,58.0,,51.42,2.0,,mint_condition,,,self_contained_central_heating,1.62,False,False,False,True,True,False,Feb20
113562615,Schleswig_Holstein,Flensburg,Westliche_Höhe,24939,620.0,830.0,210.0,105.0,93.0,4.0,1964.0,well_kept,apartment,E,central_heating,3.4,False,False,False,True,False,True,Oct19
109081985,Sachsen,Zwickau,Nordvorstadt,8058,320.0,440.0,100.0,,59.0,2.0,1924.0,fully_renovated,roof_storey,,central_heating,0.55,False,False,False,False,True,True,May19
105109585,Sachsen,Meißen_Kreis,Nünchritz,1612,315.0,422.94,107.95,47.25,52.5,2.0,1962.0,,apartment,D,,0.0,False,False,False,False,False,False,Sep18
114797206,Sachsen,Chemnitz,Bernsdorf,9126,275.0,399.0,124.0,,52.36,2.0,1929.0,well_kept,ground_floor,,district_heating,0.38,False,True,False,True,False,False,Feb20
110042533,Sachsen,Leipzig,Grünau_Mitte,4209,200.0,275.0,30.0,45.0,32.61,1.0,1978.0,first_time_use_after_refurbishment,apartment,,central_heating,4.12,False,False,False,True,False,False,May19
107247937,Hamburg,Hamburg,Othmarschen,22763,1300.0,1601.0,148.0,153.0,91.5,4.0,2012.0,mint_condition,ground_floor,,district_heating,4.48,False,True,True,True,True,True,Sep18
111421012,Sachsen,Dresden,Friedrichstadt,1067,411.0,530.0,120.0,,57.0,2.0,,well_kept,other,,central_heating,3.33,False,True,True,False,False,False,May19
82186452,Nordrhein_Westfalen,Oberhausen,Sterkrade_Mitte,46149,460.0,595.0,75.0,60.0,67.0,2.0,1930.0,first_time_use_after_refurbishment,apartment,,district_heating,3.28,False,True,False,True,False,True,Oct19
113226872,Sachsen_Anhalt,Magdeburg,Neue_Neustadt,39124,289.0,409.0,120.0,,47.0,2.0,1961.0,well_kept,ground_floor,,gas_heating,1.63,False,False,False,True,True,True,Oct19
113554672,Schleswig_Holstein,Stormarn_Kreis,Lasbek,23847,500.0,690.0,190.0,,65.0,3.0,1980.0,well_kept,roof_storey,,central_heating,4.55,False,False,False,False,True,True,Oct19
113700492,Bayern,München,Neuhausen,80639,776.0,919.0,78.0,65.0,60.0,2.0,1955.0,well_kept,apartment,,central_heating,5.88,False,False,False,True,False,True,Oct19
111445045,Hessen,Frankfurt_am_Main,Bockenheim,60487,1950.0,,300.0,,94.5,3.5,2011.0,mint_condition,penthouse,,floor_heating,5.42,False,True,True,False,False,True,Oct19
115702644,Nordrhein_Westfalen,Unna_Kreis,Lünen,44536,596.0,801.0,130.0,75.0,58.4,2.5,2020.0,first_time_use,apartment,,district_heating,3.47,True,True,True,True,False,False,Feb20
105598084,Bayern,Nürnberg,Hohe_Marter,90441,538.31,642.31,104.0,,51.81,3.0,1955.0,well_kept,,NO_INFORMATION,,5.75,False,True,False,False,False,False,Sep18
108757971,Sachsen,Zwickau,Mosel,8058,236.0,347.0,111.0,,67.0,3.0,,,apartment,NO_INFORMATION,central_heating,1.85,False,False,False,True,False,False,May19
111407408,Sachsen_Anhalt,Börde_Kreis,Oschersleben_Bode,39387,221.0,,43.0,42.0,34.8,1.0,1963.0,modernized,,D,central_heating,1.84,False,True,False,True,False,False,May19
106486626,Thüringen,Erfurt,Hohenwinden,99086,350.0,440.0,90.0,,56.0,2.0,1900.0,,apartment,,,2.86,False,False,False,True,False,False,Sep18
111391927,Sachsen,Leipzig,Gohlis_Nord,4157,369.0,509.0,140.0,,61.0,2.0,1900.0,refurbished,roof_storey,,central_heating,4.24,False,False,False,True,False,True,May19
113589845,Nordrhein_Westfalen,Recklinghausen_Kreis,Recklinghausen,45665,404.18,599.18,109.0,86.0,65.19,3.5,1965.0,,apartment,,central_heating,3.09,False,True,False,True,True,False,Oct19
115291913,Bayern,Ingolstadt,Mitte,85057,700.0,,200.0,,70.0,2.0,1960.0,well_kept,ground_floor,E,central_heating,2.39,False,True,False,True,False,False,Feb20
98942895,Baden_Württemberg,Esslingen_Kreis,Wernau_Neckar,73249,600.0,750.0,150.0,,52.0,2.5,1984.0,well_kept,ground_floor,,central_heating,3.49,False,True,False,False,False,True,Oct19
113798545,Baden_Württemberg,Sigmaringen_Kreis,Pfullendorf,88630,565.0,760.0,195.0,,75.0,3.0,1970.0,well_kept,apartment,,central_heating,6.49,False,False,False,False,False,True,Oct19
106170458,Nordrhein_Westfalen,Aachen_Kreis,Herzogenrath,52134,1696.64,2062.9,231.36,134.9,154.24,4.0,2018.0,first_time_use,ground_floor,,heat_pump,2.15,True,True,True,True,False,False,Sep18
106657229,Berlin,Berlin,Tiergarten_Tiergarten,10557,1142.0,1333.0,191.0,,70.0,3.0,2018.0,first_time_use,roof_storey,,central_heating,10.4,True,True,True,True,False,True,Sep18
115440991,Sachsen,Chemnitz,Zentrum,9111,163.0,,49.0,37.0,28.85,1.0,1986.0,refurbished,apartment,,district_heating,0.91,False,True,False,True,False,False,Feb20
110200046,Bayern,Bad_Tölz_Wolfratshausen_Kreis,Dietramszell,83623,750.0,825.0,75.0,,58.0,2.0,2000.0,mint_condition,ground_floor,,central_heating,3.24,False,False,False,True,True,False,Feb20
103532758,Sachsen,Zwickau,Nordvorstadt,8058,225.0,,112.0,,49.0,2.0,1928.0,,other,D,gas_heating,0.0,False,False,False,False,False,False,Feb20
113822420,Niedersachsen,Hannover,List,30177,1100.0,1100.0,0.0,,60.0,2.0,1936.0,refurbished,apartment,,central_heating,3.9,False,True,False,False,True,True,Oct19
107383183,Sachsen_Anhalt,Magdeburg,Stadtfeld_Ost,39108,380.0,510.0,65.0,65.0,61.07,3.0,1968.0,,,,,1.54,False,True,False,False,False,False,Sep18
104270622,Thüringen,Unstrut_Hainich_Kreis,Bad_Langensalza,99947,252.0,408.0,61.0,95.0,63.0,3.0,1982.0,first_time_use_after_refurbishment,,,central_heating,1.72,False,True,False,True,False,False,Sep18
110744352,Nordrhein_Westfalen,Duisburg,Friemersheim,47229,345.0,505.0,160.0,,78.0,3.0,1939.0,well_kept,roof_storey,,central_heating,3.28,False,False,False,False,False,False,May19
93954207,Brandenburg,Elbe_Elster_Kreis,Herzberg/Elster,4916,297.0,420.0,83.0,40.0,50.7,2.0,1965.0,refurbished,,,gas_heating,1.79,False,False,False,True,False,False,Oct19
113251493,Nordrhein_Westfalen,Recklinghausen_Kreis,Castrop_Rauxel,44575,410.62,591.62,130.0,51.0,59.51,3.0,1958.0,,apartment,,central_heating,3.3,False,False,False,True,False,False,Oct19
83233200,Sachsen,Leipzig,Gohlis_Süd,4155,396.0,522.0,126.0,68.0,68.3,3.0,1929.0,,apartment,,gas_heating,4.62,False,True,False,False,False,False,Feb20
113626730,Sachsen,Plauen,Neundorfer_Vorstadt,8523,205.0,305.0,100.0,,50.0,2.0,1905.0,well_kept,roof_storey,,central_heating,1.22,False,False,False,True,True,True,Oct19
101985618,Schleswig_Holstein,Neumünster,Innenstadt,24534,495.0,665.0,80.0,90.0,72.65,3.0,1996.0,well_kept,apartment,F,district_heating,3.28,False,False,False,True,False,True,May19
113744423,Bayern,Tirschenreuth_Kreis,Waldershof,95679,250.0,275.0,25.0,,44.0,2.0,,first_time_use_after_refurbishment,ground_floor,,self_contained_central_heating,5.96,False,False,False,False,False,True,Oct19
107399426,Niedersachsen,Salzgitter,Immendorf,38239,150.0,270.0,120.0,,37.0,1.0,1964.0,well_kept,roof_storey,,central_heating,1.72,False,False,False,False,False,True,May19
115215921,Sachsen,Chemnitz,Schloßchemnitz,9113,410.0,590.0,180.0,,78.0,3.0,,refurbished,apartment,,central_heating,0.56,False,True,False,True,False,False,Feb20
113239104,Sachsen,Leipzig,Kleinzschocher,4229,375.0,495.0,140.0,,63.0,2.0,,well_kept,apartment,,gas_heating,3.87,False,False,False,True,True,False,Oct19
115561441,Nordrhein_Westfalen,Aachen,Westpark,52074,410.0,510.0,100.0,,32.5,1.0,2013.0,mint_condition,apartment,,central_heating,3.62,False,True,True,True,True,True,Feb20
90848421,Baden_Württemberg,Main_Tauber_Kreis,Bad_Mergentheim,97980,510.0,656.0,146.0,,73.0,3.0,1927.0,fully_renovated,apartment,,,3.08,False,False,True,True,False,False,May19
110400394,Sachsen_Anhalt,Burgenlandkreis,Weißenfels,6667,295.0,420.0,125.0,,59.09,2.0,1998.0,fully_renovated,roof_storey,,central_heating,2.0,False,False,False,False,False,False,May19
109332485,Sachsen_Anhalt,Wittenberg_Kreis,Lutherstadt_Wittenberg,6886,316.0,448.0,132.0,,57.33,3.0,1975.0,first_time_use,apartment,C,central_heating,0.69,False,True,False,True,False,False,May19
113175394,Niedersachsen,Osnabrück,Dodesheide,49088,1054.31,1254.31,200.0,,100.41,3.0,2019.0,first_time_use,apartment,,combined_heat_and_power_plant,4.83,True,True,True,True,False,False,Oct19
115447676,Nordrhein_Westfalen,Herne,Unser_Fritz/Crange,44653,399.0,,112.0,96.0,49.97,3.0,1952.0,well_kept,ground_floor,,central_heating,3.02,False,False,False,True,False,False,Feb20
115619786,Nordrhein_Westfalen,Oberbergischer_Kreis,Gummersbach,51647,550.0,740.0,190.0,,95.0,3.5,1963.0,well_kept,ground_floor,,central_heating,3.76,False,True,False,True,True,False,Feb20
107333517,Sachsen,Sächsische_Schweiz_Osterzgebirge_Kreis,Pretzschendorf,1774,536.07,739.41,203.34,,73.94,3.0,1986.0,first_time_use_after_refurbishment,apartment,B,central_heating,1.89,False,True,False,True,False,False,Sep18
110625171,Sachsen,Dresden,Südvorstadt_Ost,1217,320.0,380.0,60.0,,27.0,1.0,1996.0,fully_renovated,roof_storey,,central_heating,2.47,False,True,False,True,False,False,May19
82945590,Nordrhein_Westfalen,Essen,Rüttenscheid,45131,390.0,540.0,150.0,,50.0,2.0,1975.0,well_kept,roof_storey,,district_heating,5.06,False,False,True,False,False,True,Sep18
112835068,Sachsen,Leipzig_Kreis,Colditz,4680,334.4,554.4,220.0,,88.0,4.0,1995.0,fully_renovated,roof_storey,,central_heating,1.81,False,True,False,True,False,False,Oct19
114327407,Sachsen,Leipzig_Kreis,Pegau,4523,225.0,325.0,50.0,50.0,47.0,2.0,1967.0,first_time_use,apartment,,central_heating,3.67,False,False,False,True,False,True,Feb20
113498090,Nordrhein_Westfalen,Dortmund,Persebeck,44227,415.79,564.04,135.0,,81.56,3.0,1983.0,well_kept,,G,central_heating,4.09,False,True,False,True,False,False,Feb20
111013952,Nordrhein_Westfalen,Essen,Horst,45279,780.0,0.0,140.0,0.0,130.0,3.5,1854.0,well_kept,apartment,NO_INFORMATION,self_contained_central_heating,3.3,False,True,False,True,False,False,May19
113787166,Sachsen_Anhalt,Jerichower_Land_Kreis,Gommern,39245,430.0,662.0,232.0,,93.0,4.0,1982.0,negotiable,ground_floor,F,central_heating,0.73,False,True,False,True,False,False,Oct19
104257111,Sachsen,Leipzig,Neustadt_Neuschönefeld,4315,550.0,760.0,210.0,,88.13,3.0,1914.0,refurbished,apartment,D,central_heating,6.15,False,False,False,True,False,True,May19
107375200,Niedersachsen,Celle_Kreis,Celle,29223,675.0,875.0,200.0,54.0,96.25,3.0,1982.0,well_kept,apartment,,central_heating,4.76,False,True,True,False,False,False,Sep18
111392633,Sachsen_Anhalt,Magdeburg,Stadtfeld_West,39110,697.5,929.5,232.0,,93.0,3.0,1920.0,refurbished,apartment,F,central_heating,2.43,False,False,False,False,False,False,May19
115699003,Berlin,Berlin,Tiergarten_Tiergarten,10557,1400.0,1800.0,400.0,,100.0,3.0,,,apartment,,,7.58,False,True,False,True,False,True,Feb20
78117725,Thüringen,Saale_Holzland_Kreis,Rothenstein,7751,656.0,850.0,180.0,,82.0,3.0,2002.0,mint_condition,roof_storey,,,0.0,False,True,False,False,True,False,May19
113856999,Nordrhein_Westfalen,Düsseldorf,Gerresheim,40625,520.0,620.0,100.0,,44.0,1.0,1902.0,fully_renovated,apartment,,central_heating,4.3,False,True,False,True,False,False,Oct19
115650981,Sachsen,Erzgebirgskreis,Zschopau,9405,450.0,610.0,160.0,,81.0,2.0,1860.0,modernized,apartment,,central_heating,1.31,False,False,False,False,False,False,Feb20
115089708,Hessen,Gießen_Kreis,Gießen,35394,589.0,619.0,70.0,,31.55,1.0,2017.0,first_time_use_after_refurbishment,apartment,A_PLUS,district_heating,3.24,False,True,True,False,True,True,Feb20
107302320,Bremen,Bremen,Oberneuland,28355,880.0,1190.0,270.0,,117.0,3.5,1974.0,modernized,apartment,E,central_heating,4.88,False,True,True,True,False,True,Sep18
110769588,Sachsen,Leipzig,Stötteritz,4299,450.7,597.59,146.89,,66.77,2.0,,refurbished,apartment,,central_heating,5.97,False,True,False,False,True,False,May19
106295471,Nordrhein_Westfalen,Recklinghausen_Kreis,Marl,45772,335.0,545.0,60.0,50.0,67.0,3.0,1955.0,mint_condition,roof_storey,,central_heating,1.69,False,False,False,True,False,True,Sep18
114834839,Sachsen_Anhalt,Halle_Saale,Altstadt,6108,495.0,645.0,150.0,,69.14,2.0,,,apartment,,central_heating,3.53,False,False,False,False,False,False,Feb20
113450820,Nordrhein_Westfalen,Lippe_Kreis,Bad_Salzuflen,32105,420.0,,170.0,,63.0,2.0,1980.0,,raised_ground_floor,,,3.03,False,False,False,False,False,False,Feb20
115293853,Bayern,Erlangen,Süd,91052,1400.0,1550.0,150.0,,79.0,2.0,,,apartment,,,2.18,False,True,False,True,False,True,Feb20
114796146,Sachsen,Leipzig,Stötteritz,4299,450.0,630.0,180.0,,64.4,3.0,1908.0,refurbished,apartment,,district_heating,3.81,False,False,False,True,False,False,Feb20
111420908,Sachsen,Dresden,Hellerau/Wilschdorf,1109,500.0,625.0,125.0,,66.0,2.0,,well_kept,other,,floor_heating,1.07,False,False,False,False,False,True,May19
115256886,Bayern,Unterallgäu_Kreis,Bad_Wörishofen,86825,1090.0,1440.0,350.0,,135.0,4.0,1962.0,modernized,apartment,E,central_heating,5.55,False,True,True,False,False,True,Feb20
113768863,Sachsen,Leipzig,Kleinzschocher,4229,449.0,593.69,144.69,,65.77,2.0,2018.0,first_time_use_after_refurbishment,apartment,C,gas_heating,3.95,True,True,False,False,False,False,Oct19
110583133,Sachsen,Leipzig,Knauthain_Knautkleeberg,4249,849.52,1097.49,247.97,,91.84,4.0,,first_time_use,apartment,,floor_heating,5.32,False,True,False,True,True,False,May19
85277395,Niedersachsen,Göttingen_Kreis,Göttingen,37075,350.0,430.0,80.0,,27.0,1.0,1984.0,well_kept,apartment,,central_heating,4.82,False,False,False,True,False,False,May19
107335556,Thüringen,Jena,Winzerla,7745,400.0,550.0,150.0,,78.0,4.0,,,apartment,,,0.0,False,True,False,True,False,True,Sep18
110950506,Nordrhein_Westfalen,Bochum,Wiemelhausen/Brenschede,44799,1295.0,1675.0,250.0,130.0,123.0,3.0,2017.0,mint_condition,penthouse,,central_heating,5.28,False,True,True,True,False,False,May19
114545702,Nordrhein_Westfalen,Duisburg,Vierlinden,47179,410.0,620.0,120.0,90.0,72.0,3.5,,,,,,3.32,False,True,False,False,False,False,Feb20
114700224,Thüringen,Erfurt,Johannesvorstadt,99086,476.27,593.27,68.0,49.0,61.06,2.0,1111.0,,apartment,,central_heating,2.2,False,False,False,True,False,False,Feb20
92710860,Baden_Württemberg,Ludwigsburg_Kreis,Erdmannhausen,71729,720.0,930.0,185.0,,86.0,3.0,1990.0,well_kept,roof_storey,,central_heating,5.13,False,True,False,False,False,False,May19
110814458,Mecklenburg_Vorpommern,Schwerin,Altstadt,19055,590.0,800.0,210.0,,82.94,2.5,1870.0,well_kept,apartment,D,central_heating,5.26,False,False,False,False,False,True,May19
113454088,Rheinland_Pfalz,Speyer,Im_Erlich,67346,750.0,,,,77.0,3.0,,,,,central_heating,3.69,False,True,False,False,False,False,Oct19
107354510,Hessen,Frankfurt_am_Main,Rödelheim,60489,700.0,960.0,130.0,100.0,65.0,3.0,2001.0,modernized,apartment,,central_heating,5.98,False,True,False,True,True,False,Sep18
94095467,Rheinland_Pfalz,Rhein_Pfalz_Kreis,Birkenheide,67134,690.0,865.0,175.0,,86.0,3.0,1996.0,well_kept,apartment,,central_heating,4.17,False,True,False,True,False,False,May19
112703802,Berlin,Berlin,Mitte_Mitte,10117,4970.0,,598.0,207.0,203.38,4.0,,first_time_use,apartment,NO_INFORMATION,,6.6,False,True,True,False,False,True,Oct19
108352315,Mecklenburg_Vorpommern,Nordwestmecklenburg_Kreis,Dragun,19205,280.0,397.0,52.0,65.0,52.0,2.0,1966.0,,apartment,,gas_heating,0.0,False,False,False,True,False,False,May19
107826273,Niedersachsen,Wilhelmshaven,Schaar,26389,452.1,768.1,316.0,,92.7,4.0,1977.0,well_kept,ground_floor,,central_heating,4.3,False,True,False,False,False,False,Oct19
104923943,Sachsen_Anhalt,Saalekreis,Merseburg,6217,288.0,414.0,126.0,,52.3,2.0,1940.0,refurbished,apartment,D,district_heating,1.85,False,False,False,False,False,False,Sep18
42530797,Hessen,Groß_Gerau_Kreis,Trebur,65468,700.0,950.0,250.0,0.0,93.0,3.5,,modernized,apartment,,central_heating,3.7,False,False,False,False,False,True,May19
112948274,Sachsen,Leipzig,Eutritzsch,4129,785.0,985.0,200.0,,86.62,3.0,1900.0,first_time_use_after_refurbishment,apartment,,central_heating,4.26,False,True,False,False,False,False,Oct19
105273217,Bayern,Nürnberg,Hohe_Marter,90441,790.0,990.0,200.0,,81.5,2.0,1974.0,,,C,,5.75,False,True,False,False,False,True,Sep18
113310160,Schleswig_Holstein,Herzogtum_Lauenburg_Kreis,Schwarzenbek,21493,850.0,1100.0,250.0,,110.0,3.0,1968.0,well_kept,,,central_heating,3.5,False,True,False,False,False,True,Oct19
105727662,Sachsen,Chemnitz,Kapellenberg,9119,298.0,408.0,110.0,,57.82,2.0,1974.0,,other,,district_heating,0.0,False,True,False,True,False,False,Sep18
115709402,Nordrhein_Westfalen,Recklinghausen_Kreis,Castrop_Rauxel,44581,440.0,565.0,125.0,,80.0,3.0,,,apartment,,gas_heating,3.27,False,False,False,True,False,False,Feb20
114633875,Rheinland_Pfalz,Bad_Kreuznach_Kreis,Bad_Kreuznach,55543,750.0,995.0,220.0,,93.75,3.0,,,ground_floor,,central_heating,5.13,False,True,True,False,True,False,Feb20
99653608,Sachsen,Leipzig,Gohlis_Mitte,4157,1382.03,1803.38,421.35,,168.54,5.0,1900.0,refurbished,roof_storey,,floor_heating,5.71,False,True,False,False,False,False,May19
115590738,Baden_Württemberg,Heidenheim_Kreis,Heidenheim_an_der_Brenz,89518,500.0,605.0,30.0,75.0,79.0,3.0,1936.0,well_kept,ground_floor,,self_contained_central_heating,4.29,False,True,False,True,False,True,Feb20
111277347,Nordrhein_Westfalen,Viersen_Kreis,Willich,47877,400.0,530.0,130.0,,51.0,2.0,,,ground_floor,,floor_heating,2.83,False,True,False,True,False,True,May19
115614404,Nordrhein_Westfalen,Gelsenkirchen,Horst,45899,435.0,405.0,70.0,,61.0,2.0,1955.0,,ground_floor,,,2.39,False,True,False,False,False,False,Feb20
107668693,Brandenburg,Spree_Neiße_Kreis,Forst_Lausitz,3149,190.0,379.6,189.6,,47.4,1.0,1909.0,well_kept,apartment,,central_heating,0.0,False,False,False,False,False,True,May19
110821709,Berlin,Berlin,Buckow_Neukölln,12349,642.39,947.85,154.17,91.29,67.62,2.0,1995.0,well_kept,ground_floor,,central_heating,7.5,False,True,False,True,True,True,May19
113807421,Bayern,Bad_Kissingen_Kreis,Bad_Kissingen,97688,590.0,,150.0,60.0,78.9,3.0,1987.0,,,,,5.02,False,False,False,False,False,False,Oct19
114450907,Sachsen,Sächsische_Schweiz_Osterzgebirge_Kreis,Pirna,1796,193.09,298.78,52.85,52.85,40.65,2.0,1981.0,refurbished,apartment,B,district_heating,0.78,False,False,False,True,False,False,Feb20
111305780,Sachsen,Zwickau,Marienthal_Ost,8060,340.0,494.0,154.0,,70.15,3.0,,modernized,apartment,,central_heating,0.38,False,True,False,True,True,False,May19
110817786,Thüringen,Unstrut_Hainich_Kreis,Mühlhausen/Thüringen,99974,440.0,520.0,80.0,,90.0,3.0,1920.0,mint_condition,,,central_heating,1.72,False,True,False,False,False,True,May19
95956736,Hamburg,Hamburg,Harvestehude,20149,1300.0,1685.0,385.0,,66.0,1.5,2016.0,mint_condition,apartment,,central_heating,3.57,False,True,True,True,True,True,Oct19
115487831,Hessen,Hochtaunuskreis,Wehrheim,61273,450.0,,100.0,,32.0,1.0,,modernized,roof_storey,D,central_heating,3.99,False,False,False,False,False,True,Feb20
110090374,Sachsen,Dresden,Tolkewitz/Seidnitz_Nord,1277,699.0,952.0,253.0,,82.0,2.5,,mint_condition,ground_floor,,central_heating,1.37,False,True,False,True,True,True,May19
104913092,Mecklenburg_Vorpommern,Rostock,Dierkow_Neu,18146,353.0,529.0,116.0,60.0,64.8,3.0,1987.0,,apartment,,district_heating,1.67,False,True,False,True,False,False,Oct19
115215419,Schleswig_Holstein,Pinneberg_Kreis,Quickborn,25451,665.0,860.0,120.0,75.0,69.96,1.5,2007.0,well_kept,,,central_heating,2.82,False,True,True,True,False,True,Feb20
113014158,Sachsen,Dresden,Friedrichstadt,1067,570.0,770.0,200.0,,77.09,3.0,1996.0,,apartment,,central_heating,3.17,False,False,True,False,False,False,Oct19
45643721,Niedersachsen,Hildesheim_Kreis,Hildesheim,31141,450.0,520.0,70.0,,60.0,2.0,1958.0,well_kept,apartment,,self_contained_central_heating,3.23,False,True,False,True,False,True,May19
67462985,Rheinland_Pfalz,Mainz,Lerchenberg,55127,375.0,510.0,135.0,0.0,27.0,1.0,1992.0,refurbished,apartment,,floor_heating,4.19,False,False,True,False,False,True,Oct19
113503202,Thüringen,Altenburger_Land_Kreis,Rositz,4617,370.0,510.0,140.0,,66.46,3.0,1954.0,,apartment,,,1.59,False,False,False,True,False,False,Oct19
111263289,Nordrhein_Westfalen,Herne,Wanne_Süd,44652,310.79,360.0,50.0,,60.0,2.0,,fully_renovated,roof_storey,NO_INFORMATION,self_contained_central_heating,2.91,False,False,False,True,False,False,May19
110744038,Sachsen,Dresden,Pirnaische_Vorstadt,1069,380.0,535.0,83.0,72.0,55.25,2.0,1969.0,,apartment,C,central_heating,2.6,False,True,True,False,False,False,May19
113358972,Nordrhein_Westfalen,Duisburg,Dellviertel,47051,475.0,690.0,121.0,94.0,86.0,3.0,1960.0,well_kept,apartment,,district_heating,2.64,False,True,False,True,False,False,Oct19
114768761,Nordrhein_Westfalen,Gelsenkirchen,Ückendorf,45866,375.0,459.0,84.0,,68.0,3.0,1958.0,modernized,apartment,NO_INFORMATION,self_contained_central_heating,2.05,False,False,False,True,True,False,Feb20
105554713,Hessen,Offenbach_am_Main,Stadtmitte,63067,1100.0,1400.0,300.0,,118.0,2.5,1952.0,fully_renovated,apartment,,district_heating,4.4,False,False,False,False,False,False,Sep18
115495952,Nordrhein_Westfalen,Bonn,Beuel,53225,680.0,800.0,120.0,,63.79,2.0,,first_time_use_after_refurbishment,ground_floor,,central_heating,3.81,False,True,False,True,True,False,Feb20
107884866,Bayern,Nürnberg,Wöhrd,90489,403.2,512.2,109.0,48.0,32.0,1.0,1985.0,well_kept,,,,4.69,False,True,True,False,False,False,May19
113830938,Nordrhein_Westfalen,Dortmund,Aplerbeck,44287,450.0,610.0,160.0,,75.0,3.0,1964.0,modernized,apartment,,central_heating,3.26,False,True,False,True,False,False,Oct19
114526412,Niedersachsen,Schaumburg_Kreis,Stadthagen,31655,485.0,,195.0,,90.0,3.0,1996.0,negotiable,apartment,,central_heating,4.85,False,True,False,False,False,False,Feb20
110828379,Hamburg,Hamburg,Neustadt,20354,995.0,1245.0,250.0,85.0,69.05,2.0,2010.0,well_kept,apartment,C,central_heating,6.45,False,True,True,True,False,True,May19
110978109,Niedersachsen,Osnabrück,Westerberg,49076,1030.0,1320.0,290.0,,113.0,4.0,,modernized,apartment,,central_heating,6.61,False,True,True,True,False,True,May19
111000833,Bayern,Starnberg_Kreis,Tutzing,82327,1500.0,1700.0,200.0,,110.0,4.0,1955.0,first_time_use_after_refurbishment,roof_storey,,gas_heating,4.83,False,False,False,True,True,True,May19
113372555,Baden_Württemberg,Stuttgart,Nord,70174,1400.0,1550.0,150.0,,72.0,3.0,,first_time_use_after_refurbishment,apartment,,central_heating,5.65,False,True,True,True,False,False,Oct19
114471482,Sachsen,Mittelsachsen_Kreis,Penig,9322,270.0,400.0,130.0,,54.0,2.0,1950.0,,ground_floor,F,central_heating,0.96,False,False,False,True,False,False,Feb20
113854606,Sachsen_Anhalt,Magdeburg,Neue_Neustadt,39124,250.0,325.0,75.0,,38.0,1.0,1995.0,well_kept,roof_storey,,central_heating,1.63,False,True,True,False,False,True,Oct19
114849062,Hamburg,Hamburg,Altona_Nord,22769,1250.0,1250.0,,,36.0,2.0,,modernized,raised_ground_floor,,central_heating,5.16,False,False,False,False,False,True,Feb20
113849501,Sachsen_Anhalt,Magdeburg,Stadtfeld_West,39110,414.78,568.25,153.47,69.13,69.13,3.0,1969.0,,apartment,B,central_heating,1.26,False,True,False,False,False,False,Oct19
113633665,Baden_Württemberg,Breisgau_Hochschwarzwald_Kreis,Breisach_am_Rhein,79206,960.0,1220.0,260.0,,104.56,3.0,2012.0,mint_condition,apartment,,floor_heating,1.56,False,True,True,True,False,False,Oct19
111355076,Schleswig_Holstein,Segeberg_Kreis,Norderstedt,22844,580.0,744.0,164.0,0.0,63.5,2.0,1996.0,well_kept,roof_storey,D,central_heating,4.82,False,True,False,False,False,True,May19
113271688,Sachsen,Leipzig_Kreis,Wurzen,4808,395.0,555.0,160.0,,78.59,3.0,,refurbished,apartment,,central_heating,3.21,False,True,False,True,False,False,Oct19
109658644,Bayern,Rottal_Inn_Kreis,Pfarrkirchen,84347,293.0,370.0,77.0,,27.19,1.0,2019.0,first_time_use,other,A,floor_heating,5.45,True,True,True,True,True,True,Oct19
113454022,Niedersachsen,Göttingen_Kreis,Göttingen,37085,660.0,820.0,160.0,,66.0,2.0,2004.0,fully_renovated,ground_floor,,central_heating,2.35,False,True,True,True,False,True,Oct19
105734665,Niedersachsen,Wilhelmshaven,Heppens,26384,230.0,305.0,75.0,0.0,38.56,2.0,1956.0,well_kept,apartment,,self_contained_central_heating,5.08,False,False,False,False,False,False,May19
105641593,Hessen,Frankfurt_am_Main,Nordend_Ost,60316,990.0,990.0,0.0,,30.0,1.0,1953.0,,,,,5.39,False,False,False,False,False,False,Oct19
112394288,Nordrhein_Westfalen,Minden_Lübbecke_Kreis,Lübbecke,32312,533.0,833.0,148.0,152.0,82.0,3.0,1971.0,first_time_use_after_refurbishment,apartment,,,4.24,False,True,True,True,False,True,Oct19
113374780,Sachsen_Anhalt,Burgenlandkreis,Naumburg_Saale,6618,345.0,,51.0,40.0,56.56,3.0,1976.0,,,,central_heating,1.02,False,False,False,True,False,False,Oct19
57098351,Sachsen,Leipzig,Grünau_Mitte,4209,334.0,481.0,147.0,80.0,66.9,3.0,1986.0,,apartment,,district_heating,3.62,False,False,True,False,False,False,Oct19
103936284,Nordrhein_Westfalen,Aachen_Kreis,Würselen,52146,765.0,1070.0,210.0,95.0,91.32,3.0,2018.0,first_time_use,apartment,A,floor_heating,2.34,True,True,True,True,False,False,Sep18
110366332,Niedersachsen,Salzgitter,Gebhardshagen,38229,117.1,,153.0,,22.09,1.0,1995.0,,,D,central_heating,0.0,False,False,False,False,False,False,May19
114708653,Nordrhein_Westfalen,Düsseldorf,Rath,40472,589.16,755.16,122.0,44.0,54.25,2.0,1928.0,,apartment,E,central_heating,4.79,False,True,False,True,False,False,Feb20
106533809,Nordrhein_Westfalen,Recklinghausen_Kreis,Marl,45768,350.0,530.0,90.0,90.0,81.0,2.0,1976.0,fully_renovated,apartment,C,central_heating,1.69,False,False,False,True,False,False,May19
108321246,Hessen,Frankfurt_am_Main,Sachsenhausen_Süd,60598,2900.0,2900.0,0.0,,204.0,5.0,1974.0,,,,,5.33,False,True,False,False,False,False,Feb20
113537225,Nordrhein_Westfalen,Düsseldorf,Unterbilk,40219,1145.0,,100.0,,100.0,3.0,1897.0,,,,night_storage_heater,5.26,False,False,False,True,True,False,Oct19
114594698,Nordrhein_Westfalen,Mülheim_an_der_Ruhr,Saarn,45481,1200.0,1450.0,250.0,,100.15,3.0,2019.0,first_time_use,apartment,A,central_heating,3.25,True,True,True,True,False,False,Feb20
83067631,Mecklenburg_Vorpommern,Rügen_Kreis,Dreschvitz,18573,338.0,498.0,90.0,70.0,63.2,3.0,,well_kept,apartment,,central_heating,2.66,False,False,False,True,False,False,May19
105776000,Sachsen,Hoyerswerda,Zeißig,2977,338.0,,150.0,105.0,75.1,4.0,,,apartment,,district_heating,0.0,False,True,True,True,False,False,Sep18
113384141,Baden_Württemberg,Ulm,Wiblingen,89079,950.0,1100.0,150.0,,112.0,4.0,1954.0,well_kept,apartment,,oil_heating,4.86,False,True,False,True,False,False,Oct19
113685794,Nordrhein_Westfalen,Remscheid,Hasenberg,42897,529.18,755.78,139.0,87.6,73.0,3.0,1962.0,,apartment,,central_heating,2.45,False,True,True,True,False,False,Oct19
113339183,Nordrhein_Westfalen,Bielefeld,Innenstadt,33602,495.0,795.0,190.0,110.0,73.4,3.0,1996.0,well_kept,apartment,D,district_heating,3.82,False,False,False,False,False,False,Oct19
113809933,Baden_Württemberg,Mannheim,Lindenhof,68163,900.0,,140.0,,67.0,2.0,,well_kept,apartment,D,district_heating,4.48,False,True,True,True,False,True,Oct19
113670712,Sachsen,Chemnitz,Gablenz,9127,146.62,,93.38,,46.1,2.0,1970.0,,,,district_heating,0.19,False,True,True,True,False,False,Oct19
110720859,Nordrhein_Westfalen,Neuss_Rhein_Kreis,Neuss,41462,510.0,650.0,140.0,,60.0,2.0,1967.0,,ground_floor,,,3.75,False,True,False,True,False,False,May19
115633542,Bayern,Nürnberg,Eberhardshof,90431,630.0,,200.0,,74.0,3.0,1960.0,well_kept,apartment,E,central_heating,4.18,False,False,True,True,False,True,Feb20
58071344,Nordrhein_Westfalen,Duisburg,Neudorf_Nord,47057,670.0,765.0,95.0,,79.0,2.5,1951.0,fully_renovated,raised_ground_floor,D,,3.4,False,True,False,True,False,False,May19
113430216,Nordrhein_Westfalen,Heinsberg_Kreis,Wassenberg,41849,342.0,527.0,150.0,,62.0,2.0,2019.0,first_time_use,ground_floor,,floor_heating,3.53,True,True,True,False,False,False,Oct19
114450910,Nordrhein_Westfalen,Coesfeld_Kreis,Olfen,59399,825.0,,225.0,,86.38,3.0,2019.0,first_time_use,apartment,,floor_heating,2.48,True,True,True,False,False,True,Feb20
108095898,Nordrhein_Westfalen,Steinfurt_Kreis,Rheine,48429,370.0,,75.0,90.0,63.0,3.0,1963.0,well_kept,ground_floor,D,central_heating,5.0,False,True,False,True,False,False,May19
106670009,Sachsen_Anhalt,Stendal_Kreis,Stendal,39576,305.0,453.0,113.99,78.0,60.13,3.0,1978.0,,,C,district_heating,1.85,False,True,False,True,False,False,Sep18
88601659,Mecklenburg_Vorpommern,Nordwestmecklenburg_Kreis,Wedendorf,19217,290.0,430.0,140.0,,62.57,3.0,1967.0,well_kept,ground_floor,NO_INFORMATION,central_heating,1.72,False,False,False,True,False,False,May19
113927633,Sachsen,Erzgebirgskreis,Annaberg_Buchholz,9456,340.0,420.0,80.0,,70.0,3.0,,well_kept,apartment,NO_INFORMATION,self_contained_central_heating,1.16,False,False,False,True,False,False,Feb20
115364043,Sachsen,Dresden,Pieschen_Nord/Trachenberge,1127,422.0,627.0,205.0,,63.93,2.0,,fully_renovated,apartment,,,1.53,False,False,True,True,False,False,Feb20
115402558,Nordrhein_Westfalen,Rhein_Sieg_Kreis,Bornheim,53332,1400.0,1800.0,400.0,,165.0,3.0,,well_kept,maisonette,NO_INFORMATION,oil_heating,4.09,False,True,False,True,True,True,Feb20
113108431,Nordrhein_Westfalen,Essen,Stoppenberg,45141,669.0,887.0,164.0,54.0,96.0,3.0,1959.0,,apartment,,central_heating,3.51,False,True,False,True,False,False,Oct19
81088645,Sachsen,Dresden,Pieschen_Süd,1127,600.0,780.0,180.0,,84.0,2.5,1910.0,mint_condition,roof_storey,D,central_heating,2.58,False,False,False,False,True,False,Oct19
114753999,Niedersachsen,Peine_Kreis,Peine,31228,415.0,595.0,180.0,,70.0,3.0,1968.0,well_kept,apartment,,central_heating,2.9,False,False,False,True,False,False,Feb20
114839420,Sachsen,Leipzig,Sellerhausen_Stünz,4328,354.75,,66.0,80.0,64.5,3.0,1960.0,modernized,apartment,,central_heating,3.43,False,False,False,True,False,False,Feb20
112546718,Saarland,Stadtverband_Saarbrücken_Kreis,Völklingen,66333,420.0,630.0,150.0,60.0,63.0,2.0,1972.0,,apartment,,central_heating,1.5,False,True,True,True,False,False,Feb20
115493397,Nordrhein_Westfalen,Euskirchen_Kreis,Schleiden,53937,270.0,340.0,70.0,,31.0,1.0,,mint_condition,raised_ground_floor,,central_heating,3.84,False,False,False,False,False,False,Feb20
106734258,Niedersachsen,Northeim_Kreis,Dassel,37586,232.0,,80.0,,58.17,2.0,1984.0,need_of_renovation,apartment,D,electric_heating,4.17,False,True,False,True,False,False,Sep18
107359449,Nordrhein_Westfalen,Köln,Altstadt_&_Neustadt_Süd,50677,882.0,1032.0,150.0,,63.0,2.5,,first_time_use_after_refurbishment,apartment,,gas_heating,5.04,False,False,False,True,False,False,Sep18
112578940,Nordrhein_Westfalen,Düsseldorf,Oberbilk,40227,999.0,1204.0,205.0,,92.0,3.0,1952.0,,apartment,,central_heating,5.03,False,False,False,False,False,False,Feb20
50896946,Berlin,Berlin,Friedrichshain_Friedrichshain,10249,600.0,740.0,70.0,70.0,60.57,2.0,,refurbished,apartment,NO_INFORMATION,central_heating,10.27,False,False,False,True,False,False,May19
115515487,Thüringen,Erfurt,Johannesplatz,99086,588.0,738.0,150.0,,69.9,2.0,1995.0,,,NO_INFORMATION,central_heating,0.78,False,True,False,True,False,True,Feb20
104462940,Sachsen,Mittelsachsen_Kreis,Hartmannsdorf,9232,297.0,447.0,150.0,,66.0,3.0,,fully_renovated,maisonette,,central_heating,0.0,False,False,False,True,False,False,Sep18
107375651,Nordrhein_Westfalen,Bonn,Bad_Godesberg,53173,3650.0,4350.0,700.0,,171.71,3.0,2017.0,first_time_use,apartment,NO_INFORMATION,floor_heating,4.43,True,True,True,True,True,True,Sep18
113464443,Thüringen,Saale_Orla_Kreis,Bad_Lobenstein,7356,520.0,720.0,200.0,,99.0,3.0,1925.0,,,G,central_heating,-0.59,False,True,False,True,False,False,Oct19
107728981,Sachsen,Nordsachsen_Kreis,Bad_Düben,4849,280.0,410.0,65.0,65.0,57.7,3.0,,,apartment,,,3.13,False,False,False,True,False,False,Feb20
114213515,Nordrhein_Westfalen,Herne,Holsterhausen,44625,270.0,430.0,80.0,80.0,49.8,2.5,,,apartment,,central_heating,2.48,False,True,True,True,False,False,Feb20
115691672,Brandenburg,Brandenburg_an_der_Havel,Neustadt,14776,380.0,495.0,115.0,,65.6,3.0,1999.0,well_kept,apartment,F,self_contained_central_heating,3.2,False,True,False,True,False,False,Feb20
112441361,Sachsen_Anhalt,Magdeburg,Kannenstieg,39128,331.06,464.63,133.57,47.95,57.08,3.0,1978.0,,apartment,B,central_heating,1.27,False,True,True,False,False,False,Oct19
107228577,Schleswig_Holstein,Ostholstein_Kreis,Neustadt_in_Holstein,23730,1290.0,,,,102.0,3.0,2018.0,first_time_use,maisonette,,gas_heating,4.66,True,True,False,False,False,True,May19
111288448,Niedersachsen,Braunschweig,Heidberg_Melverode,38124,460.0,510.0,50.0,,68.0,3.0,,,apartment,,district_heating,0.0,False,True,False,True,True,True,May19
111045015,Brandenburg,Oberspreewald_Lausitz_Kreis,Calau,3205,242.89,372.89,80.0,50.0,49.57,2.0,1979.0,refurbished,apartment,,district_heating,2.41,False,True,False,True,False,False,May19
68400891,Mecklenburg_Vorpommern,Neubrandenburg,Stadtgebiet_West,17033,385.0,556.0,127.0,44.0,40.97,2.0,1929.0,refurbished,apartment,,central_heating,1.72,False,False,False,True,False,False,Sep18
113320907,Niedersachsen,Ammerland_Kreis,Rastede,26180,830.0,1010.0,180.0,,96.29,2.0,2019.0,first_time_use,apartment,,heat_pump,5.06,True,True,True,False,False,False,Oct19
110980345,Sachsen,Dresden,Innere_Neustadt,1097,650.0,779.0,129.0,,52.7,2.0,,refurbished,roof_storey,,central_heating,2.6,False,False,True,False,False,True,May19
108117719,Nordrhein_Westfalen,Unna_Kreis,Bergkamen,59192,350.0,550.0,200.0,100.0,85.4,2.0,1950.0,,,,oil_heating,3.51,False,False,False,False,False,False,May19
113514248,Sachsen,Leipzig,Schönefeld_Abtnaundorf,4347,399.0,550.0,61.0,90.0,63.99,2.0,,refurbished,,,central_heating,3.88,False,True,False,True,False,False,Oct19
85905987,Bayern,Schwandorf_Kreis,Schwandorf,92421,750.0,930.0,180.0,,100.0,4.0,1961.0,fully_renovated,apartment,F,central_heating,4.41,False,True,False,True,False,True,Sep18
114530363,Nordrhein_Westfalen,Olpe_Kreis,Attendorn,57439,680.0,,130.0,,85.0,2.0,1950.0,,apartment,E,,3.53,False,False,False,False,False,False,Feb20
113469086,Bayern,Memmingen,Innenstadt,87700,777.0,907.0,130.0,,64.83,2.0,2019.0,first_time_use,apartment,A_PLUS,floor_heating,5.26,True,True,True,True,False,True,Oct19
115640595,Nordrhein_Westfalen,Paderborn_Kreis,Paderborn,33104,615.0,695.0,80.0,,83.0,2.0,,negotiable,apartment,,,3.5,False,False,False,True,False,False,Feb20
112618028,Niedersachsen,Hildesheim_Kreis,Sarstedt,31157,1080.0,1255.0,175.0,,114.9,3.0,2020.0,first_time_use,roof_storey,,heat_pump,4.45,True,True,True,False,False,False,Feb20
109001629,Sachsen,Plauen,Chrieschwitz,8529,189.44,373.44,87.0,97.0,69.3,3.0,1981.0,first_time_use_after_refurbishment,apartment,,central_heating,0.0,False,True,False,True,False,False,Feb20
91417703,Sachsen_Anhalt,Magdeburg,Sudenburg,39112,560.0,743.0,183.0,,82.95,3.0,1900.0,well_kept,apartment,,,3.39,False,True,False,False,False,False,May19
109181763,Hessen,Wiesbaden,Nordost,65195,1300.0,1440.0,140.0,,101.71,3.0,2019.0,first_time_use,apartment,B,central_heating,2.52,True,True,False,True,False,True,May19
111343455,Niedersachsen,Osnabrück,Eversburg,49090,590.0,730.0,140.0,,53.0,2.0,1968.0,first_time_use_after_refurbishment,roof_storey,,gas_heating,6.43,False,False,False,True,True,True,May19
104867812,Sachsen,Leipzig,Paunsdorf,4328,440.0,,150.0,,64.5,2.0,,fully_renovated,apartment,,,3.85,False,False,False,False,False,False,Sep18
106861225,Sachsen,Erzgebirgskreis,Zschopau,9405,995.0,1235.0,180.0,,125.0,5.0,2019.0,first_time_use,maisonette,NO_INFORMATION,heat_pump,1.56,True,True,False,True,False,False,Oct19
82405700,Sachsen,Görlitz,Königshufen,2828,210.0,290.0,80.0,,39.56,1.0,1979.0,refurbished,raised_ground_floor,,central_heating,2.08,False,False,False,True,False,False,Sep18
107709729,Mecklenburg_Vorpommern,Schwerin,Paulsstadt,19053,400.0,560.0,95.0,65.0,36.0,1.0,,refurbished,other,,self_contained_central_heating,4.11,False,False,False,True,False,True,May19
71541872,Nordrhein_Westfalen,Lippe_Kreis,Schlangen,33189,585.0,,120.0,,90.0,5.0,,well_kept,ground_floor,,central_heating,3.44,False,False,False,True,True,True,Feb20
112948716,Saarland,Stadtverband_Saarbrücken_Kreis,Saarbrücken,66111,279.0,399.0,120.0,,29.2,1.0,1965.0,,apartment,C,central_heating,2.37,False,False,True,True,False,False,Oct19
113570079,Schleswig_Holstein,Rendsburg_Eckernförde_Kreis,Eckernförde,24340,645.0,,130.0,,86.0,3.5,1972.0,well_kept,raised_ground_floor,E,central_heating,3.23,False,True,False,True,False,False,Oct19
111396350,Schleswig_Holstein,Pinneberg_Kreis,Wedel,22880,780.0,905.0,125.0,,85.0,2.0,1978.0,well_kept,ground_floor,,central_heating,4.03,False,True,False,False,True,True,Oct19
115197427,Bremen,Bremen,Woltmershausen,28197,850.0,1005.0,155.0,,95.0,5.0,,modernized,,,oil_heating,2.66,False,True,False,True,False,True,Feb20
97385032,Nordrhein_Westfalen,Dortmund,Berghofen,44263,717.5,865.5,90.0,60.0,53.0,2.0,2018.0,mint_condition,apartment,,floor_heating,3.59,False,False,False,False,False,False,Feb20
109003672,Nordrhein_Westfalen,Märkischer_Kreis,Werdohl,58791,306.0,501.0,128.0,67.0,63.81,3.0,1963.0,first_time_use_after_refurbishment,ground_floor,,central_heating,2.78,False,True,False,True,False,False,May19
112769991,Thüringen,Schmalkalden_Meiningen_Kreis,Wasungen,98634,320.0,415.0,100.0,,58.0,3.0,1986.0,first_time_use_after_refurbishment,apartment,D,self_contained_central_heating,0.77,False,False,False,True,False,False,Oct19
115219799,Bayern,Nürnberg,Mögeldorf,90482,700.0,765.0,65.0,,51.0,2.5,1963.0,modernized,roof_storey,NO_INFORMATION,self_contained_central_heating,3.52,False,False,False,True,True,False,Feb20
106848766,Saarland,Stadtverband_Saarbrücken_Kreis,Heusweiler,66265,590.0,,200.0,,105.0,4.0,,well_kept,apartment,,central_heating,0.0,False,False,False,True,True,False,Sep18
114861040,Thüringen,Unstrut_Hainich_Kreis,Mühlhausen/Thüringen,99974,250.85,382.58,131.73,,43.05,2.0,,,apartment,,,2.68,False,True,False,True,False,False,Feb20
115471360,Sachsen_Anhalt,Halle_Saale,Silberhöhe,6132,290.0,420.0,70.0,60.0,56.98,3.0,1984.0,well_kept,apartment,C,central_heating,2.4,False,True,False,True,False,False,Feb20
63469053,Bayern,Bayreuth_Kreis,Pottenstein,91278,495.0,685.0,190.0,,85.0,4.0,,well_kept,roof_storey,,central_heating,7.58,False,False,False,True,False,True,Oct19
112568983,Thüringen,Gera,Lusan_Brüte,7549,255.0,,155.0,,67.95,3.0,,,ground_floor,,,2.45,False,True,False,False,False,False,Oct19
113766410,Nordrhein_Westfalen,Bochum,Hamme,44809,302.0,459.0,105.0,52.0,48.64,2.5,1953.0,,apartment,F,,4.34,False,False,False,True,False,False,Oct19
111202502,Sachsen,Leipzig,Zentrum_Südost,4103,1195.0,1475.0,280.0,,114.35,4.0,2019.0,first_time_use,apartment,,,6.17,True,True,True,False,False,False,May19
110419109,Sachsen,Chemnitz,Altendorf,9116,215.0,307.0,92.0,,41.78,2.0,,,,,central_heating,0.0,False,False,False,True,False,False,May19
67361689,Nordrhein_Westfalen,Duisburg,Dellviertel,47051,460.0,650.0,190.0,,80.0,3.0,1956.0,fully_renovated,roof_storey,,central_heating,2.67,False,False,False,False,False,False,Feb20
109489615,Sachsen_Anhalt,Halle_Saale,Altstadt,6108,625.0,795.0,170.0,,65.0,2.0,,mint_condition,,,central_heating,5.8,False,False,True,False,False,False,May19
114217070,Hessen,Hochtaunuskreis,Kronberg_im_Taunus,61476,4950.0,,1150.0,,317.0,6.0,1906.0,fully_renovated,maisonette,,central_heating,4.39,False,True,False,True,True,True,Feb20
114841785,Sachsen_Anhalt,Magdeburg,Altstadt,39104,1676.04,2011.25,335.21,139.67,139.67,4.0,2019.0,,maisonette,,,1.57,True,True,False,False,False,False,Feb20
112929599,Sachsen_Anhalt,Dessau_Roßlau,Süd,6842,396.0,462.0,66.0,150.0,66.0,3.0,1937.0,modernized,apartment,,central_heating,3.57,False,True,False,True,False,False,Oct19
86838205,Nordrhein_Westfalen,Aachen_Kreis,Stolberg_Rheinland,52222,315.0,445.0,130.0,,58.0,3.0,1960.0,well_kept,roof_storey,,self_contained_central_heating,1.9,False,False,False,True,False,False,Oct19
106890784,Sachsen,Bautzen_Kreis,Lauta,2991,330.67,508.72,178.05,,63.59,2.5,1918.0,refurbished,apartment,,district_heating,1.92,False,False,False,True,True,False,Sep18
106865776,Nordrhein_Westfalen,Bonn,Beuel,53225,1010.42,1394.82,223.15,81.25,89.26,3.0,2018.0,first_time_use,penthouse,,,4.81,True,True,True,False,False,True,Sep18
83975256,Sachsen_Anhalt,Stendal_Kreis,Osterburg_Altmark,39606,282.55,,146.0,,56.51,2.0,1996.0,,,D,,1.96,False,False,False,False,False,False,May19
115647931,Bayern,Erlangen,Burgberg,91054,770.0,1035.0,180.0,,55.0,2.0,2019.0,first_time_use,apartment,A,central_heating,2.52,True,True,True,True,False,False,Feb20
110054966,Nordrhein_Westfalen,Mülheim_an_der_Ruhr,Dümpten,45475,473.16,,161.0,82.0,67.02,3.0,1967.0,,apartment,,central_heating,3.09,False,True,False,False,False,False,May19
77633673,Niedersachsen,Lüchow_Dannenberg_Kreis,Lüchow_Wendland,29439,515.0,620.0,105.0,,106.6,3.5,1958.0,modernized,maisonette,,gas_heating,0.0,False,True,False,False,False,True,Sep18
113247606,Sachsen,Sächsische_Schweiz_Osterzgebirge_Kreis,Freital,1705,213.0,344.0,64.0,67.0,49.6,2.0,1976.0,,,,,1.28,False,True,False,True,False,False,Oct19
111373916,Hessen,Marburg_Biedenkopf_Kreis,Marburg,35037,540.0,650.0,110.0,,55.0,3.0,1955.0,well_kept,apartment,,gas_heating,2.88,False,True,False,True,False,True,May19
100618896,Schleswig_Holstein,Stormarn_Kreis,Ahrensburg,22926,1260.0,1390.0,130.0,,107.0,3.5,2007.0,mint_condition,terraced_flat,A_PLUS,heat_pump,3.45,False,True,False,True,True,True,Oct19
114655750,Nordrhein_Westfalen,Märkischer_Kreis,Iserlohn,58638,359.0,541.0,158.0,24.0,55.39,2.0,1961.0,,apartment,C,central_heating,2.96,False,True,False,True,False,False,Feb20
112423785,Sachsen,Chemnitz,Gablenz,9127,326.01,,138.07,,70.26,4.0,1968.0,,,,district_heating,0.19,False,True,False,True,True,False,Oct19
114474592,Hessen,Wiesbaden,"Rheingauviertel,_Hollerborn",65185,1630.0,1855.0,225.0,,168.0,4.0,1890.0,mint_condition,apartment,,self_contained_central_heating,2.08,False,True,False,True,False,True,Feb20
111987316,Mecklenburg_Vorpommern,Mecklenburg_Strelitz_Kreis,Neustrelitz,17235,142.2,242.2,40.0,60.0,23.7,1.0,1850.0,,,,,2.76,False,False,False,False,False,False,Oct19
103879226,Mecklenburg_Vorpommern,Uecker_Randow_Kreis,Grambow,17322,273.0,375.0,70.0,32.0,67.0,3.0,1963.0,refurbished,,,central_heating,0.0,False,False,False,True,False,False,Sep18
96974269,Nordrhein_Westfalen,Hagen,Boele,58099,500.0,690.0,116.0,74.0,74.0,3.0,1992.0,,roof_storey,,,1.17,False,True,False,True,False,False,Oct19
106192205,Niedersachsen,Lüneburg_Kreis,Lüneburg,21337,425.0,635.0,120.0,90.0,54.41,2.0,1967.0,fully_renovated,apartment,,central_heating,3.57,False,True,True,False,False,False,Sep18
108229606,Sachsen,Chemnitz,Kaßberg,9112,312.0,418.0,66.0,40.0,60.5,3.0,1961.0,refurbished,apartment,C,central_heating,0.0,False,True,False,False,False,False,Feb20
63866201,Nordrhein_Westfalen,Hochsauerlandkreis,Schmallenberg,57392,690.0,,230.0,,120.0,3.0,,modernized,other,,central_heating,2.98,False,True,False,True,True,False,Oct19
106889910,Sachsen_Anhalt,Magdeburg,Brückfeld,39114,441.49,543.75,102.26,,45.05,2.0,1989.0,modernized,other,B,district_heating,3.33,False,True,True,False,False,False,Sep18
93653721,Sachsen_Anhalt,Altmarkkreis_Salzwedel,Salzwedel,29410,300.0,375.0,75.0,,66.5,2.0,1993.0,,,B,central_heating,0.0,False,False,False,False,False,False,Sep18
113481802,Rheinland_Pfalz,Kaiserslautern,Hohenecken,67661,210.0,,,100.0,22.0,1.0,1992.0,well_kept,ground_floor,E,central_heating,3.23,False,False,False,True,False,False,Feb20
103435236,Thüringen,Weimar,Schönblick,99425,200.0,280.0,80.0,,34.48,1.0,1998.0,well_kept,apartment,,district_heating,1.41,False,True,False,True,False,False,May19
111458782,Sachsen,Leipzig,Gohlis_Süd,4155,428.0,548.0,120.0,,57.0,2.0,1900.0,,,,,4.02,False,False,False,False,False,False,Feb20
88898552,Mecklenburg_Vorpommern,Neubrandenburg,Lindenbergviertel,17033,260.0,400.0,50.0,50.0,37.13,1.0,1997.0,refurbished,apartment,,district_heating,1.61,False,True,True,True,False,True,Oct19
79446725,Thüringen,Greiz_Kreis,Mohlsdorf,7987,228.0,,80.0,,45.86,2.0,1985.0,,apartment,C,central_heating,0.39,False,False,False,True,False,False,Oct19
74034339,Nordrhein_Westfalen,Krefeld,Cracau,47799,810.0,1000.0,290.0,120.0,81.0,2.0,1904.0,modernized,ground_floor,,central_heating,3.03,False,True,False,False,False,True,May19
110420837,Nordrhein_Westfalen,Wesel_Kreis,Moers,47441,330.0,508.0,178.0,,58.0,2.0,1950.0,well_kept,roof_storey,NO_INFORMATION,central_heating,1.56,False,True,False,True,True,False,May19
113698930,Nordrhein_Westfalen,Coesfeld_Kreis,Dülmen,48249,550.0,790.0,120.0,120.0,82.87,3.0,1985.0,first_time_use_after_refurbishment,apartment,,central_heating,3.6,False,True,False,False,False,False,Oct19
107355470,Hessen,Gießen_Kreis,Gießen,35390,885.0,1125.0,240.0,,100.3,3.0,1950.0,fully_renovated,apartment,,district_heating,2.38,False,True,False,True,False,False,Sep18
111065435,Baden_Württemberg,Hohenlohekreis,Öhringen,74613,530.0,700.0,170.0,,60.0,2.0,1997.0,first_time_use_after_refurbishment,ground_floor,C,central_heating,4.53,False,True,True,False,False,False,May19
113430791,Nordrhein_Westfalen,Paderborn_Kreis,Bad_Lippspringe,33175,465.0,,150.0,,92.0,3.0,1920.0,,apartment,,gas_heating,2.95,False,False,False,False,False,False,Oct19
105532735,Thüringen,Gera,Debschwitz,7548,245.0,335.0,90.0,,49.0,1.0,,,other,,gas_heating,1.92,False,True,False,True,False,False,Sep18
115372693,Sachsen,Leipzig,Kleinzschocher,4229,410.0,490.0,80.0,,42.0,1.0,1890.0,first_time_use_after_refurbishment,apartment,,,3.49,False,False,False,False,False,False,Feb20
111350327,Sachsen_Anhalt,Saalekreis,Merseburg,6217,370.0,500.0,130.0,,66.16,3.0,1965.0,well_kept,raised_ground_floor,,central_heating,1.64,False,True,False,True,False,False,May19
113788077,Nordrhein_Westfalen,Rhein_Erft_Kreis,Pulheim,50259,810.0,1075.0,200.0,,67.5,2.0,,first_time_use,ground_floor,,floor_heating,3.9,False,False,True,False,False,False,Oct19
95025511,Nordrhein_Westfalen,Düren_Kreis,Düren,52353,570.0,800.0,230.0,,81.5,3.0,1984.0,refurbished,apartment,,gas_heating,,False,True,False,True,False,False,Feb20
81077456,Brandenburg,Potsdam_Mittelmark_Kreis,Treuenbrietzen,14929,380.0,500.0,60.0,60.0,58.0,2.0,1994.0,fully_renovated,,NO_INFORMATION,central_heating,3.39,False,True,False,True,False,False,Sep18
115536003,Sachsen,Zwickau,Neuplanitz,8062,345.0,,90.0,70.0,69.0,4.0,1976.0,,roof_storey,,central_heating,0.0,False,True,False,True,True,True,Feb20
113822197,Hessen,Frankfurt_am_Main,Nordend_West,60322,4950.0,5375.0,425.0,,168.0,4.0,2018.0,,maisonette,NO_INFORMATION,,5.19,True,True,True,True,False,True,Oct19
113596538,Nordrhein_Westfalen,Bochum,Kornharpen/Voede_Abzweig,44807,433.0,,108.0,60.0,60.06,2.0,1963.0,,ground_floor,,,4.37,False,True,True,True,False,False,Oct19
108130415,Bayern,Neumarkt_in_der_Oberpfalz_Kreis,Neumarkt_in_der_Oberpfalz,92318,680.0,830.0,150.0,80.0,65.0,2.0,1789.0,fully_renovated,apartment,,central_heating,3.85,False,False,False,True,False,False,Feb20
90093947,Baden_Württemberg,Bodenseekreis,Meersburg,88709,1395.0,1545.0,150.0,,130.0,4.0,2016.0,mint_condition,maisonette,,floor_heating,5.42,False,True,False,True,True,False,Sep18
115574752,Mecklenburg_Vorpommern,Schwerin,Schelfstadt,19055,504.0,654.0,150.0,,63.0,3.0,1913.0,well_kept,ground_floor,,central_heating,3.65,False,False,False,True,False,False,Feb20
110936406,Hessen,Frankfurt_am_Main,Westend_Süd,60325,4900.0,,500.0,0.0,196.0,6.0,1914.0,fully_renovated,other,,,4.48,False,True,False,True,False,True,Oct19
113862922,Nordrhein_Westfalen,Düsseldorf,Flingern_Nord,40233,649.0,779.0,130.0,,58.0,2.0,1900.0,well_kept,apartment,,central_heating,5.12,False,True,False,True,False,True,Oct19
101625536,Nordrhein_Westfalen,Aachen,Brand,52078,670.0,880.0,150.0,60.0,64.0,2.0,2016.0,mint_condition,ground_floor,,floor_heating,2.19,False,True,True,False,False,False,Feb20
111289545,Sachsen,Leipzig,Zentrum_West,4105,1122.79,1361.79,231.5,,82.68,3.0,2019.0,first_time_use,roof_storey,B,central_heating,5.59,True,True,True,True,False,True,May19
113526712,Nordrhein_Westfalen,Köln,Bocklemünd/Mengenich,50829,770.0,950.0,180.0,,77.0,2.0,1977.0,first_time_use_after_refurbishment,roof_storey,E,central_heating,4.99,False,True,False,True,False,False,Oct19
107348189,Sachsen,Dresden,Innere_Neustadt,1099,369.0,479.0,110.0,,21.0,1.0,2016.0,well_kept,apartment,B,central_heating,2.35,False,False,True,False,False,True,May19
115390487,Baden_Württemberg,Karlsruhe,Durlach,76227,1000.0,1250.0,250.0,,54.0,2.0,2001.0,,,,central_heating,4.23,False,True,True,True,False,True,Feb20
111415682,Sachsen,Chemnitz,Hilbersdorf,9131,289.0,421.0,132.0,,59.93,2.0,1905.0,well_kept,,,central_heating,-0.4,False,False,False,False,False,True,May19
115036374,Niedersachsen,Leer_Kreis,Rhauderfehn,26817,10.0,10.0,,,80.0,3.0,,,,,,1.29,False,False,False,False,False,True,Feb20
115274450,Nordrhein_Westfalen,Duisburg,Neudorf_Nord,47057,300.0,426.0,126.0,,42.0,1.5,1960.0,well_kept,apartment,C,gas_heating,2.69,False,False,False,True,False,False,Feb20
113094247,Sachsen,Dresden,Leubnitz_Neuostra,1219,995.0,1270.0,275.0,,110.0,3.0,1905.0,first_time_use_after_refurbishment,roof_storey,,central_heating,2.12,False,False,False,True,True,False,Oct19
113671408,Bayern,Nürnberg,Gartenstadt,90469,586.94,739.94,102.0,51.0,50.95,2.0,1952.0,first_time_use,roof_storey,,central_heating,4.87,False,False,False,False,False,False,Oct19
115214036,Sachsen,Dresden,Loschwitz/Wachwitz,1326,1280.0,1480.0,200.0,,120.38,3.0,1870.0,first_time_use,apartment,,central_heating,0.61,False,True,True,True,False,False,Feb20
107572835,Niedersachsen,Uelzen_Kreis,Bad_Bevensen,29549,470.0,650.0,180.0,,64.0,3.0,,well_kept,,,,3.64,False,True,False,True,True,True,Feb20
111328094,Hessen,Frankfurt_am_Main,Eckenheim,60435,631.0,783.0,152.0,,58.0,2.0,1968.0,need_of_renovation,apartment,,central_heating,5.57,False,True,True,True,False,False,May19
110725432,Nordrhein_Westfalen,Solingen,Solingen_Mitte,42651,550.0,780.0,190.0,,84.0,2.0,,well_kept,apartment,NO_INFORMATION,gas_heating,3.08,False,True,False,True,False,False,May19
115680472,Bayern,Fürth,Altstadt/Innenstadt,90762,890.0,1010.0,120.0,,107.0,3.0,,,ground_floor,,gas_heating,3.84,False,False,False,False,False,True,Feb20
115508083,Nordrhein_Westfalen,Essen,Frohnhausen,45145,1150.0,1300.0,150.0,,100.0,4.0,2018.0,mint_condition,maisonette,,floor_heating,3.31,False,True,False,False,False,False,Feb20
114785229,Nordrhein_Westfalen,Krefeld,Dießem/Lehmheide,47805,680.0,830.0,150.0,,61.5,2.0,2019.0,first_time_use,penthouse,,heat_pump,3.11,True,True,True,True,False,False,Feb20
113238253,Nordrhein_Westfalen,Neuss_Rhein_Kreis,Neuss,41462,395.0,529.0,134.0,,51.0,2.0,1963.0,well_kept,apartment,,central_heating,4.16,False,True,False,True,False,False,Oct19
115286865,Thüringen,Gera,Debschwitz,7548,495.0,675.0,90.0,90.0,90.0,4.0,1900.0,well_kept,apartment,,gas_heating,1.83,False,True,False,False,False,False,Feb20
115197711,Hessen,Frankfurt_am_Main,Nordend_Ost,60385,730.0,780.0,50.0,,19.0,1.0,,modernized,apartment,,central_heating,5.27,False,False,False,False,False,True,Feb20
107110651,Rheinland_Pfalz,Westerwaldkreis,Montabaur,56410,1099.0,1439.0,290.0,,116.0,3.0,2018.0,first_time_use,loft,A,floor_heating,5.46,True,True,False,False,True,True,Sep18
107097035,Mecklenburg_Vorpommern,Bad_Doberan_Kreis,Blankenhagen,18182,539.0,689.0,150.0,,77.0,4.0,1984.0,first_time_use_after_refurbishment,ground_floor,,central_heating,1.75,False,False,False,True,True,False,Sep18
113592189,Nordrhein_Westfalen,Märkischer_Kreis,Lüdenscheid,58507,380.0,,133.0,,75.0,3.0,1938.0,,apartment,G,self_contained_central_heating,2.51,False,False,False,True,False,False,Oct19
111758522,Nordrhein_Westfalen,Wuppertal,Barmen,42283,355.0,475.0,80.0,,70.0,3.0,1915.0,fully_renovated,apartment,,night_storage_heater,2.97,False,False,False,True,False,False,Oct19
104917303,Sachsen_Anhalt,Halle_Saale,Paulusviertel,6114,1394.96,1778.57,383.61,,174.37,5.0,1900.0,mint_condition,penthouse,G,central_heating,4.35,False,True,False,False,False,False,Sep18
115582595,Hessen,Frankfurt_am_Main,Gallusviertel,60326,940.0,1130.0,190.0,,59.32,2.0,2020.0,first_time_use,terraced_flat,A,central_heating,5.65,True,True,True,True,False,True,Feb20
111390113,Sachsen,Leipzig,Lausen_Grünau,4207,268.0,357.0,25.0,64.0,35.74,1.0,1984.0,fully_renovated,ground_floor,,central_heating,4.45,False,True,False,True,False,False,May19
88429421,Bayern,München,Nymphenburg,80639,2000.0,2200.0,200.0,,130.0,3.0,1990.0,mint_condition,penthouse,,gas_heating,7.36,False,True,False,False,True,False,Sep18
113754660,Nordrhein_Westfalen,Kleve_Kreis,Emmerich_am_Rhein,46446,950.0,1140.0,190.0,,106.5,3.0,2016.0,mint_condition,apartment,,floor_heating,3.15,False,True,True,True,False,True,Oct19
106646223,Brandenburg,Uckermark_Kreis,Prenzlau,17291,290.0,450.0,160.0,80.0,60.8,3.0,1970.0,negotiable,apartment,,district_heating,1.75,False,True,False,True,False,False,May19
112397685,Brandenburg,Brandenburg_an_der_Havel,Nord,14770,329.9,,74.0,,58.91,2.0,1963.0,refurbished,,,self_contained_central_heating,3.08,False,True,False,False,False,False,Oct19
103405071,Baden_Württemberg,Lörrach_Kreis,Lörrach,79541,795.0,795.0,0.0,,42.0,1.0,1983.0,,roof_storey,E,,1.67,False,False,False,False,False,True,May19
108017129,Mecklenburg_Vorpommern,Rostock,Schmarl,18069,580.0,580.0,,,30.0,2.0,,,apartment,,central_heating,2.09,False,True,False,False,False,True,May19
113816906,Rheinland_Pfalz,Rhein_Lahn_Kreis,Diez,65582,590.0,,,,78.0,3.0,1950.0,modernized,apartment,,gas_heating,3.49,False,False,False,True,True,False,Oct19
98672910,Sachsen,Erzgebirgskreis,Johanngeorgenstadt,8349,288.42,448.97,160.55,,66.61,3.0,1927.0,refurbished,ground_floor,D,central_heating,1.25,False,False,False,True,True,False,May19
115637671,Nordrhein_Westfalen,Rheinisch_Bergischer_Kreis,Bergisch_Gladbach,51465,750.0,975.0,200.0,,104.0,3.0,1935.0,well_kept,apartment,,central_heating,3.99,False,True,False,True,True,False,Feb20
80752472,Nordrhein_Westfalen,Krefeld,Dießem/Lehmheide,47805,320.0,420.0,100.0,,42.0,1.0,1966.0,well_kept,apartment,,central_heating,3.28,False,True,True,True,False,False,Oct19
104298196,Niedersachsen,Oldenburg_Oldenburg,Hundsmühler_Höhe,26131,400.0,,90.0,,36.77,1.0,,,,,,6.94,False,False,False,False,False,False,Feb20
93347727,Niedersachsen,Stade_Kreis,Stade,21682,400.0,600.0,200.0,100.0,60.7,3.0,1963.0,well_kept,raised_ground_floor,,central_heating,3.08,False,True,True,True,False,False,May19
52054614,Thüringen,Saalfeld_Rudolstadt_Kreis,Schmiedefeld,98739,364.0,510.0,146.0,,65.0,3.0,1952.0,refurbished,apartment,F,central_heating,-2.08,False,False,False,True,True,False,Feb20
115406797,Sachsen_Anhalt,Magdeburg,Altstadt,39104,385.0,527.0,142.0,,59.1,2.0,,refurbished,apartment,,central_heating,1.59,False,True,True,True,False,False,Feb20
107312618,Rheinland_Pfalz,Westerwaldkreis,Daubach,56412,400.0,600.0,200.0,,95.0,3.0,1973.0,,terraced_flat,,oil_heating,6.67,False,True,False,False,True,False,Sep18
113431702,Nordrhein_Westfalen,Siegen_Wittgenstein_Kreis,Siegen,57074,567.24,767.76,137.0,51.0,63.24,3.0,1956.0,modernized,apartment,,central_heating,3.61,False,True,False,True,True,False,Oct19
110683173,Nordrhein_Westfalen,Dortmund,Brackel,44309,385.0,485.0,100.0,,62.0,3.0,1995.0,well_kept,roof_storey,,,3.72,False,False,False,True,False,False,May19
113765352,Nordrhein_Westfalen,Oberhausen,Lirich_Nord,46049,299.0,,120.0,80.0,48.43,3.0,1949.0,fully_renovated,roof_storey,A,central_heating,3.41,False,False,False,False,False,False,Oct19
114201504,Thüringen,Gera,Gera_Ost,7546,215.0,285.0,70.0,,33.0,1.0,,first_time_use_after_refurbishment,ground_floor,,central_heating,2.18,False,True,False,True,False,False,Feb20
78458338,Niedersachsen,Braunschweig,Östliches_Ringgebiet,38104,1600.0,,200.0,50.0,130.0,3.5,1908.0,mint_condition,apartment,E,floor_heating,1.1,False,True,False,True,False,True,May19
107392055,Hessen,Marburg_Biedenkopf_Kreis,Münchhausen,35117,450.0,,80.0,,100.0,3.0,2014.0,well_kept,apartment,B,gas_heating,0.0,False,False,False,False,False,True,Sep18
111193707,Sachsen,Leipzig,Neustadt_Neuschönefeld,4315,355.0,,129.0,,59.0,2.0,1901.0,fully_renovated,ground_floor,D,central_heating,5.69,False,False,False,True,True,False,May19
113236769,Sachsen,Dresden,Gorbitz_Süd,1169,416.0,650.0,117.0,117.0,78.19,3.0,1984.0,,apartment,D,central_heating,2.36,False,True,True,False,False,False,Oct19
114854613,Bayern,Freyung_Grafenau_Kreis,Waldkirchen,94065,325.0,445.0,120.0,,45.82,2.0,1956.0,modernized,roof_storey,,central_heating,7.82,False,False,False,True,True,False,Feb20
114680305,Nordrhein_Westfalen,Gelsenkirchen,Buer,45894,437.29,639.29,103.0,99.0,61.59,3.0,1960.0,,apartment,B,central_heating,2.04,False,True,False,True,True,False,Feb20
86290927,Nordrhein_Westfalen,Hagen,Haspe,58135,388.0,569.0,113.0,68.0,67.0,3.0,1964.0,mint_condition,apartment,NO_INFORMATION,central_heating,2.24,False,True,False,True,False,False,Feb20
105175364,Sachsen,Nordsachsen_Kreis,Oschatz,4758,370.0,500.0,130.0,,66.04,2.0,,modernized,,,central_heating,3.57,False,True,False,True,True,False,May19
115257739,Niedersachsen,Verden_Kreis,Verden_Aller,27283,1112.0,1300.0,188.0,,110.0,3.0,2017.0,mint_condition,ground_floor,,floor_heating,3.69,False,True,True,True,True,True,Feb20
94604590,Sachsen_Anhalt,Magdeburg,Alte_Neustadt,39106,510.0,690.0,90.0,90.0,85.0,3.0,1900.0,refurbished,,,gas_heating,1.64,False,False,False,True,True,True,Feb20
114078753,Sachsen,Plauen,Chrieschwitz,8529,249.48,433.0,86.63,97.02,69.3,3.0,1981.0,fully_renovated,apartment,C,,0.0,False,True,False,True,False,True,Feb20
110304863,Sachsen,Dresden,Striesen_Süd,1309,2550.0,,570.0,,228.6,6.0,2018.0,first_time_use,roof_storey,A,floor_heating,2.45,True,True,True,True,False,False,May19
110852555,Sachsen,Leipzig,Gohlis_Nord,4157,332.0,499.0,167.0,,55.71,2.0,1978.0,refurbished,apartment,,district_heating,4.55,False,True,True,False,False,False,May19
113500704,Berlin,Berlin,Friedrichshain_Friedrichshain,10247,974.17,1173.8,79.85,119.78,79.85,2.0,2015.0,well_kept,apartment,NO_INFORMATION,central_heating,8.17,False,False,True,True,False,False,Oct19
66004139,Sachsen,Chemnitz,Kaßberg,9113,216.0,308.0,46.0,46.0,45.4,1.0,,refurbished,apartment,,central_heating,1.89,False,True,False,True,True,True,May19
109179297,Nordrhein_Westfalen,Solingen,Burg/Höhscheid,42655,800.0,860.0,60.0,60.0,55.0,1.5,,first_time_use_after_refurbishment,ground_floor,A,floor_heating,3.67,False,True,False,False,False,False,Feb20
115405018,Nordrhein_Westfalen,Oberbergischer_Kreis,Gummersbach,51647,510.0,,,,85.0,3.0,1973.0,,apartment,D,electric_heating,3.76,False,True,True,False,False,False,Feb20
113877412,Sachsen,Meißen_Kreis,Riesa,1587,600.0,820.0,220.0,,120.5,3.0,1994.0,mint_condition,maisonette,NO_INFORMATION,district_heating,0.74,False,True,True,True,False,True,Feb20
115419777,Sachsen,Chemnitz,Hutholz,9123,252.0,380.8,128.8,,56.0,2.0,,well_kept,apartment,,district_heating,0.0,False,True,False,True,True,False,Feb20
115339062,Nordrhein_Westfalen,Steinfurt_Kreis,Ibbenbüren,49477,980.0,1160.0,180.0,,108.89,3.0,2019.0,first_time_use,half_basement,A_PLUS,heat_pump,3.83,True,True,True,True,True,False,Feb20
113720075,Sachsen,Leipzig_Kreis,Markkleeberg,4416,365.0,495.0,130.0,,60.5,2.0,1897.0,well_kept,apartment,,central_heating,4.98,False,False,False,True,True,False,Feb20
113767032,Baden_Württemberg,Stuttgart,West,70176,435.0,,105.0,,19.21,1.0,1969.0,modernized,apartment,,central_heating,5.99,False,False,False,False,False,True,Oct19
113537800,Nordrhein_Westfalen,Recklinghausen_Kreis,Marl,45770,356.1,446.1,90.0,,59.35,3.0,1940.0,well_kept,ground_floor,,self_contained_central_heating,2.66,False,False,False,False,True,False,Oct19
113504426,Brandenburg,Dahme_Spreewald_Kreis,Wildau,14745,865.21,1039.73,126.64,47.89,63.32,2.0,2019.0,first_time_use,roof_storey,A,combined_heat_and_power_plant,6.28,True,True,True,True,True,True,Oct19
114736836,Nordrhein_Westfalen,Herne,Wanne,44649,426.0,556.0,130.0,,77.4,4.0,,well_kept,roof_storey,,self_contained_central_heating,2.71,False,False,False,False,False,False,Feb20
93035144,Baden_Württemberg,Waldshut_Kreis,Waldshut_Tiengen,79761,970.0,1120.0,150.0,,111.0,3.5,2000.0,fully_renovated,maisonette,,floor_heating,5.06,False,True,False,True,False,True,Sep18
110102534,Baden_Württemberg,Heilbronn,Heilbronner_Kernstadt,74076,1500.0,,300.0,,112.9,4.0,2018.0,first_time_use,,,combined_heat_and_power_plant,7.78,True,True,True,False,False,True,May19
109631607,Sachsen,Meißen_Kreis,Riesa,1589,306.0,439.87,133.87,87.0,61.65,2.0,1919.0,refurbished,apartment,,district_heating,1.89,False,True,False,True,False,False,May19
115454284,Brandenburg,Oberspreewald_Lausitz_Kreis,Senftenberg,1968,390.0,486.0,48.0,48.0,50.0,2.0,,first_time_use_after_refurbishment,apartment,,central_heating,0.65,False,True,False,True,False,True,Feb20
109662563,Niedersachsen,Osnabrück,Westerberg,49076,695.0,940.0,245.0,,79.0,3.0,1975.0,modernized,other,,central_heating,6.1,False,True,True,True,False,False,May19
115638823,Sachsen,Chemnitz,Lutherviertel,9126,169.0,247.0,78.0,,35.62,1.0,1930.0,,ground_floor,,,0.76,False,False,False,True,False,False,Feb20
115672912,Nordrhein_Westfalen,Oberhausen,Schwarze_Heide,46149,339.0,479.0,70.0,70.0,47.0,2.0,1960.0,well_kept,apartment,NO_INFORMATION,central_heating,2.57,False,False,False,True,True,False,Feb20
115137668,Sachsen,Chemnitz,Bernsdorf,9126,344.0,,96.0,69.0,68.78,3.0,1974.0,refurbished,apartment,,district_heating,0.19,False,True,True,True,False,False,Feb20
115612216,Niedersachsen,Wilhelmshaven,Bant,26382,340.0,,100.0,,70.0,3.0,1900.0,well_kept,raised_ground_floor,F,self_contained_central_heating,5.18,False,False,False,False,False,False,Feb20
106400674,Sachsen,Leipzig_Kreis,Machern,4827,390.75,509.0,55.25,63.0,61.5,2.0,1982.0,,roof_storey,,central_heating,5.0,False,False,False,False,False,False,Sep18
71416030,Sachsen,Erzgebirgskreis,Annaberg_Buchholz,9456,261.0,361.0,100.0,,58.0,2.0,1994.0,refurbished,roof_storey,,self_contained_central_heating,2.0,False,True,False,True,False,False,May19
115645844,Nordrhein_Westfalen,Mettmann_Kreis,Heiligenhaus,42579,430.0,540.0,110.0,,56.0,1.5,1969.0,first_time_use_after_refurbishment,roof_storey,,gas_heating,3.79,False,False,False,True,False,False,Feb20
111397117,Nordrhein_Westfalen,Oberbergischer_Kreis,Lindlar,51789,490.0,,200.0,,100.0,3.0,,well_kept,apartment,,,3.14,False,True,False,False,False,True,Oct19
113143971,Baden_Württemberg,Calw_Kreis,Bad_Herrenalb,76332,390.0,,100.0,,30.0,1.5,1920.0,,apartment,,central_heating,6.62,False,False,False,False,False,True,Oct19
107568369,Hessen,Rheingau_Taunus_Kreis,Hünstetten,65510,620.19,817.19,197.0,,68.91,2.0,2014.0,,,NO_INFORMATION,,3.98,False,False,True,False,False,False,Oct19
114418092,Bremen,Bremerhaven,Geestemünde,27570,480.0,780.0,300.0,,87.0,3.0,,well_kept,apartment,,,2.72,False,True,True,False,False,True,Feb20
113641893,Nordrhein_Westfalen,Düsseldorf,Düsseltal,40239,980.0,1250.0,270.0,,90.0,3.0,1934.0,well_kept,other,,gas_heating,4.57,False,True,False,False,False,False,Oct19
77913250,Nordrhein_Westfalen,Recklinghausen_Kreis,Gladbeck,45966,310.0,400.0,90.0,,53.0,1.5,1969.0,fully_renovated,apartment,,self_contained_central_heating,3.33,False,False,False,True,True,True,Oct19
112393837,Niedersachsen,Celle_Kreis,Celle,29229,590.0,790.0,110.0,90.0,83.0,4.0,1963.0,fully_renovated,apartment,,gas_heating,4.9,False,True,False,True,False,False,Feb20
111385938,Mecklenburg_Vorpommern,Güstrow_Kreis,Güstrow,18273,361.0,,66.0,98.0,65.75,2.0,1978.0,fully_renovated,ground_floor,,central_heating,3.77,False,True,False,True,False,False,May19
102953068,Niedersachsen,Northeim_Kreis,Moringen,37186,550.0,,100.0,,100.0,3.5,1900.0,modernized,apartment,G,self_contained_central_heating,4.0,False,True,False,False,True,False,Oct19
111359450,Sachsen_Anhalt,Magdeburg,Sudenburg,39112,405.0,542.0,137.0,,62.3,2.0,1997.0,,apartment,,central_heating,2.0,False,False,False,False,False,False,Feb20
112537283,Sachsen,Dresden,Lockwitz,1239,505.19,698.15,192.96,77.71,73.75,3.0,1939.0,modernized,roof_storey,,district_heating,1.59,False,False,False,True,False,False,Oct19
115310018,Hessen,Lahn_Dill_Kreis,Sinn,35764,783.75,893.75,110.0,,104.5,3.0,1984.0,first_time_use_after_refurbishment,roof_storey,,electric_heating,4.68,False,True,False,True,False,False,Feb20
111366708,Rheinland_Pfalz,Germersheim_Kreis,Schwegenheim,67365,480.0,,170.0,,69.0,3.0,1995.0,,roof_storey,,central_heating,4.88,False,True,False,True,False,False,May19
111310564,Baden_Württemberg,Tübingen_Kreis,Mössingen,72116,650.0,800.0,150.0,,77.0,3.0,1997.0,well_kept,,D,district_heating,5.24,False,True,True,True,False,True,May19
110949346,Hessen,Main_Kinzig_Kreis,Maintal,63477,820.0,,230.0,,90.0,4.0,1973.0,first_time_use_after_refurbishment,apartment,,central_heating,4.89,False,True,False,True,False,False,May19
113826205,Sachsen_Anhalt,Magdeburg,Neustädter_Feld,39128,351.92,526.92,105.0,70.0,66.4,3.0,1980.0,,,,,2.01,False,True,True,False,False,False,Oct19
115311643,Thüringen,Altenburger_Land_Kreis,Meuselwitz,4610,350.0,580.0,230.0,,74.0,3.0,1902.0,,apartment,F,,2.07,False,False,False,True,False,False,Feb20
106974228,Sachsen,Sächsische_Schweiz_Osterzgebirge_Kreis,Freital,1705,234.0,334.0,50.0,50.0,45.0,2.0,1928.0,,,,central_heating,1.64,False,False,False,True,False,False,Sep18
113059382,Schleswig_Holstein,Neumünster,Innenstadt,24534,570.0,705.0,135.0,,57.5,2.0,1957.0,first_time_use_after_refurbishment,ground_floor,,district_heating,4.94,False,False,False,False,False,False,Oct19
115462972,Rheinland_Pfalz,Koblenz,Karthause_Flugfeld,56075,800.0,1050.0,250.0,,99.0,4.0,1981.0,first_time_use_after_refurbishment,other,,central_heating,3.03,False,True,True,True,False,False,Feb20
109002564,Sachsen_Anhalt,Halle_Saale,Südliche_Neustadt,6124,384.5,,63.0,71.5,49.99,2.0,1984.0,well_kept,apartment,,central_heating,3.42,False,False,False,True,False,False,May19
105174477,Bayern,München,Hadern,81375,2600.0,2600.0,,,142.05,4.0,2018.0,mint_condition,penthouse,,floor_heating,7.23,True,True,False,True,False,False,Sep18
115452047,Sachsen_Anhalt,Halle_Saale,Südliche_Innenstadt,6110,250.0,302.0,52.0,,27.3,1.0,,,apartment,,,2.79,False,False,False,False,False,False,Feb20
107331472,Niedersachsen,Hannover_Kreis,Isernhagen,30916,715.0,915.0,200.0,,110.0,3.0,1995.0,negotiable,roof_storey,,gas_heating,5.13,False,True,False,False,False,False,Sep18
113789880,Nordrhein_Westfalen,Aachen,Richterich,52072,358.41,,165.0,80.0,76.96,3.0,1977.0,need_of_renovation,apartment,,central_heating,2.63,False,True,False,True,False,False,Oct19
103937153,Sachsen,Leipzig_Kreis,Wurzen,4808,196.07,,87.14,,36.31,1.0,1902.0,well_kept,apartment,,,1.82,False,True,False,False,False,False,Sep18
111324501,Nordrhein_Westfalen,Herford_Kreis,Bünde,32257,549.0,,150.0,,92.0,3.0,,well_kept,apartment,,self_contained_central_heating,4.01,False,False,False,True,False,True,Feb20
108149075,Baden_Württemberg,Ravensburg_Kreis,Ebersbach_Musbach,88371,900.0,,150.0,,154.0,5.0,,,,,,1.6,False,False,False,False,False,False,May19
110543020,Nordrhein_Westfalen,Bochum,Kruppwerke,44793,367.61,510.61,80.0,63.0,47.13,2.0,1951.0,,apartment,,central_heating,5.88,False,True,False,True,False,False,May19
115528581,Niedersachsen,Wolfsburg,Hohenstein,38440,650.0,770.0,,,45.0,1.5,,,roof_storey,,,0.33,False,False,False,False,False,True,Feb20
109661055,Rheinland_Pfalz,Mayen_Koblenz_Kreis,Mayen,56727,390.0,570.0,180.0,,55.0,2.0,,fully_renovated,apartment,,,5.08,False,False,False,False,False,True,Feb20
113739029,Nordrhein_Westfalen,Köln,Junkersdorf,50858,975.0,,250.0,,82.0,2.0,1985.0,,roof_storey,,floor_heating,4.23,False,True,False,True,False,True,Oct19
114930946,Hessen,Frankfurt_am_Main,Bornheim,60385,780.0,830.0,50.0,,17.0,1.0,,modernized,apartment,,central_heating,5.32,False,False,False,False,False,True,Feb20
107956977,Nordrhein_Westfalen,Gelsenkirchen,Rotthausen,45884,279.5,380.0,100.5,,59.0,3.5,,,,,night_storage_heater,3.03,False,False,False,True,False,False,May19
109987172,Sachsen,Leipzig,Zentrum,4109,600.0,780.0,180.0,,55.54,2.0,,,,,,6.76,False,False,True,True,False,False,May19
88522973,Mecklenburg_Vorpommern,Rügen_Kreis,Sassnitz,18546,352.0,,100.0,,44.0,1.0,,well_kept,apartment,,gas_heating,3.23,False,False,False,False,False,True,May19
111356147,Baden_Württemberg,Stuttgart,Ost,70188,1800.0,2150.0,350.0,,156.0,3.0,2012.0,well_kept,loft,,central_heating,8.32,False,True,True,False,False,True,May19
115694792,Sachsen,Chemnitz,Bernsdorf,9126,308.0,433.0,125.0,,56.0,2.0,1920.0,well_kept,other,,gas_heating,0.38,False,True,True,False,True,True,Feb20
106020696,Nordrhein_Westfalen,Hagen,Haspe,58135,330.0,450.0,75.0,45.0,50.0,2.5,1962.0,,,,oil_heating,1.64,False,False,False,False,False,True,Feb20
111403593,Bayern,Bamberg,Mitte,96052,945.0,1095.0,150.0,,87.7,3.0,1995.0,modernized,apartment,,gas_heating,7.67,False,True,False,False,False,False,May19
113670205,Nordrhein_Westfalen,Dortmund,Höchsten,44267,1150.0,1400.0,250.0,,117.0,4.0,2017.0,first_time_use,raised_ground_floor,A,floor_heating,2.51,False,True,True,True,False,True,Oct19
113115347,Nordrhein_Westfalen,Herne,Wanne,44649,240.89,396.32,113.0,42.43,55.0,2.0,1930.0,well_kept,apartment,F,district_heating,2.73,False,False,False,True,False,False,Oct19
115434285,Nordrhein_Westfalen,Düsseldorf,Golzheim,40474,1494.0,1794.64,300.0,,87.92,3.0,1934.0,well_kept,apartment,,central_heating,4.75,False,True,True,True,True,True,Feb20
111878270,Sachsen_Anhalt,Anhalt_Bitterfeld_Kreis,Bitterfeld_Wolfen,6749,277.0,391.0,57.0,57.0,46.2,2.0,,fully_renovated,apartment,,district_heating,1.3,False,False,False,False,False,False,Oct19
111418451,Niedersachsen,Lüneburg_Kreis,Lüneburg,21337,327.8,566.8,108.0,131.0,49.61,2.0,1969.0,,apartment,C,central_heating,2.84,False,True,True,True,False,False,May19
111011945,Bayern,Regensburg,Innenstadt,93047,950.0,1200.0,250.0,,78.0,3.0,1997.0,well_kept,apartment,,central_heating,5.2,False,False,True,False,False,True,May19
105465104,Brandenburg,Uckermark_Kreis,Schwedt/Oder,16303,314.5,454.5,70.0,70.0,58.24,2.1,1970.0,,,,district_heating,3.28,False,True,False,False,False,False,Sep18
114790306,Sachsen,Zwickau,Mitte_Nord,8056,358.0,438.0,80.0,,75.42,2.0,1897.0,fully_renovated,apartment,D,self_contained_central_heating,1.05,False,False,False,False,False,False,Feb20
54275791,Hessen,Offenbach_Kreis,Mühlheim_am_Main,63165,790.0,970.0,180.0,,87.0,3.0,1971.0,fully_renovated,roof_storey,,gas_heating,4.85,False,False,False,True,True,False,Oct19
113375282,Hessen,Main_Kinzig_Kreis,Bad_Orb,63619,545.0,,215.0,,73.0,3.0,1973.0,modernized,apartment,,,4.25,False,True,True,True,False,False,Oct19
111287894,Sachsen,Leipzig,Zentrum_Süd,4107,310.0,437.0,127.0,,37.1,1.0,1996.0,fully_renovated,ground_floor,,central_heating,5.94,False,True,False,True,False,False,May19
105571900,Nordrhein_Westfalen,Unna_Kreis,Schwerte,58239,290.0,370.0,50.0,30.0,40.0,1.0,1972.0,well_kept,other,,central_heating,3.23,False,False,False,False,False,False,Feb20
110755070,Bayern,Neu_Ulm_Kreis,Neu_Ulm,89231,420.0,,90.0,,37.0,1.0,1953.0,well_kept,apartment,,central_heating,4.44,False,False,False,True,False,True,May19
114553395,Niedersachsen,Verden_Kreis,Achim,28832,810.0,,10.0,,90.0,3.0,2015.0,modernized,maisonette,C,central_heating,3.59,False,True,False,False,True,False,Feb20
111294826,Hessen,Wiesbaden,Mitte,65185,780.0,,220.0,,72.0,2.0,,mint_condition,,,self_contained_central_heating,3.08,False,False,False,False,False,True,May19
102823355,Hessen,Wetteraukreis,Büdingen,63654,390.0,490.0,100.0,,44.75,2.0,2017.0,mint_condition,raised_ground_floor,,district_heating,3.13,False,True,True,True,False,True,Feb20
113852602,Nordrhein_Westfalen,Düsseldorf,Pempelfort,40477,480.0,565.0,85.0,,38.0,1.5,1950.0,refurbished,apartment,,self_contained_central_heating,4.97,False,True,False,True,False,True,Oct19
113437905,Sachsen,Zwickau_Kreis,Reinsdorf,8141,330.0,450.0,120.0,,56.64,2.0,1995.0,,terraced_flat,D,floor_heating,0.91,False,True,False,True,False,False,Oct19
114336387,Sachsen_Anhalt,Saalekreis,Bad_Dürrenberg,6231,155.0,240.0,85.0,,31.0,1.0,1975.0,refurbished,apartment,C,district_heating,0.72,False,True,False,True,False,False,Feb20
112450088,Sachsen,Meißen_Kreis,Diera_Zehren,1665,280.0,410.0,130.0,,69.17,2.0,1900.0,modernized,apartment,D,oil_heating,0.38,False,True,False,False,False,False,Oct19
113528068,Baden_Württemberg,Rhein_Neckar_Kreis,Brühl,68782,650.0,850.0,200.0,,70.0,2.0,1959.0,first_time_use_after_refurbishment,other,,central_heating,4.27,False,True,False,False,True,True,Oct19
113004666,Baden_Württemberg,Karlsruhe,Rintheim,76131,800.0,1060.0,260.0,,93.0,3.0,1950.0,well_kept,apartment,,central_heating,4.42,False,True,False,True,False,False,Oct19
115543206,Sachsen,Dresden,Klotzsche,1109,156.7,,29.22,36.92,26.56,1.0,,,,D,district_heating,1.26,False,False,False,True,False,False,Feb20
115401999,Sachsen,Dresden,Cossebaude/Mobschatz/Oberwartha,1156,1060.0,1293.0,233.0,,106.0,4.0,2019.0,,,,,0.72,True,True,False,True,True,False,Feb20
110202404,Nordrhein_Westfalen,Rheinisch_Bergischer_Kreis,Bergisch_Gladbach,51467,1587.0,1867.0,280.0,,130.16,4.0,2019.0,first_time_use,maisonette,,floor_heating,3.93,True,True,False,True,True,False,Oct19
108328863,Brandenburg,Uckermark_Kreis,Prenzlau,17291,400.0,595.0,195.0,75.0,80.58,3.0,1910.0,,apartment,D,gas_heating,1.75,False,False,False,True,False,False,May19
115615171,Bayern,München,Neuhausen,80335,1230.0,1380.0,150.0,,50.0,2.0,1969.0,mint_condition,apartment,,combined_heat_and_power_plant,5.53,False,True,True,True,False,True,Feb20
86677023,Bayern,Coburg_Kreis,Rödental,96472,660.0,860.0,200.0,,120.0,4.0,1930.0,refurbished,apartment,,central_heating,1.85,False,True,False,True,False,True,May19
112532287,Nordrhein_Westfalen,Recklinghausen_Kreis,Recklinghausen,45657,349.0,,,,48.0,1.5,,negotiable,apartment,,district_heating,2.9,False,True,True,False,False,False,Feb20
94318907,Sachsen_Anhalt,Börde_Kreis,Oschersleben_Bode,39387,250.0,,71.0,68.0,56.79,2.0,1987.0,modernized,,,district_heating,1.89,False,False,False,True,False,False,Sep18
107309053,Niedersachsen,Holzminden_Kreis,Holzminden,37603,300.0,455.0,130.0,,80.0,3.0,1984.0,well_kept,roof_storey,,central_heating,1.75,False,True,False,False,False,True,Sep18
112406095,Sachsen,Chemnitz,Gablenz,9126,210.0,290.0,80.0,,39.69,2.0,1910.0,well_kept,,D,central_heating,0.19,False,False,False,True,False,False,Oct19
113791965,Hessen,Frankfurt_am_Main,Ostend,60385,1200.0,,260.0,,106.83,3.0,1971.0,negotiable,apartment,D,central_heating,5.18,False,True,True,True,False,True,Oct19
91340468,Nordrhein_Westfalen,Düsseldorf,Benrath,40597,935.0,1085.0,150.0,,85.0,3.0,1931.0,refurbished,maisonette,NO_INFORMATION,central_heating,3.3,False,True,False,True,False,False,Sep18
107381530,Berlin,Berlin,Wilmersdorf_Wilmersdorf,10707,1287.0,1500.0,213.0,,71.47,2.0,1986.0,first_time_use_after_refurbishment,apartment,,central_heating,8.57,False,False,True,False,False,False,Sep18
89948536,Sachsen,Erzgebirgskreis,Thermalbad_Wiesenbad,9488,220.0,,80.0,,45.0,2.0,1880.0,,,C,,1.92,False,False,False,False,True,True,Feb20
113281272,Nordrhein_Westfalen,Gelsenkirchen,Erle,45891,319.0,483.0,164.0,63.0,58.0,2.5,1963.0,,apartment,,district_heating,1.74,False,True,True,True,False,False,Oct19
81603587,Mecklenburg_Vorpommern,Mecklenburg_Strelitz_Kreis,Burg_Stargard,17094,300.0,435.0,65.0,70.0,55.5,2.0,,modernized,,,central_heating,0.0,False,True,False,True,True,False,May19
104433676,Saarland,Stadtverband_Saarbrücken_Kreis,Saarbrücken,66125,640.0,890.0,250.0,,100.0,4.0,1976.0,fully_renovated,other,,gas_heating,1.49,False,True,False,False,True,True,Feb20
110669414,Bayern,Nürnberg,Steinbühl,90443,427.12,522.12,95.0,0.0,45.4,2.0,1953.0,,apartment,,,4.44,False,False,False,True,False,False,May19
115559151,Hessen,Kassel_Kreis,Niestetal,34266,1050.0,1270.0,120.0,100.0,105.0,4.0,2015.0,mint_condition,apartment,A_PLUS,central_heating,3.64,False,False,False,True,True,False,Feb20
106514581,Nordrhein_Westfalen,Hagen,Mittelstadt,58095,390.0,667.4,85.2,85.2,71.0,3.0,,negotiable,apartment,,self_contained_central_heating,3.45,False,True,False,True,False,False,Sep18
111153485,Hessen,Offenbach_am_Main,Bieber,63073,800.0,1000.0,200.0,,92.0,3.0,1986.0,well_kept,apartment,,central_heating,4.84,False,True,True,True,False,True,May19
115410167,Nordrhein_Westfalen,Köln,Müngersdorf,50933,1255.0,1550.0,295.0,,114.0,3.0,1995.0,well_kept,roof_storey,B,central_heating,4.32,False,True,False,True,False,True,Feb20
109673693,Sachsen_Anhalt,Burgenlandkreis,Zeitz,6712,325.0,500.0,95.0,80.0,62.35,3.0,1982.0,,,,,0.0,False,True,False,False,False,True,May19
115023630,Nordrhein_Westfalen,Oberhausen,Altstadt_Süd,46045,384.0,531.2,89.6,57.6,64.0,3.0,1962.0,refurbished,roof_storey,NO_INFORMATION,district_heating,2.54,False,False,False,True,False,False,Feb20
89348770,Sachsen_Anhalt,Saalekreis,Schkopau,6258,270.0,360.0,45.0,45.0,42.27,2.0,1964.0,well_kept,apartment,NO_INFORMATION,gas_heating,0.0,False,True,False,True,True,False,May19
104266955,Brandenburg,Elbe_Elster_Kreis,Schönborn,3253,274.95,403.65,58.5,70.2,58.5,2.5,1960.0,,,,,1.72,False,False,False,False,False,False,Sep18
108899583,Sachsen,Chemnitz,Sonnenberg,9130,650.0,860.0,210.0,,103.52,4.0,1900.0,mint_condition,roof_storey,,central_heating,0.21,False,True,False,True,False,False,May19
110000362,Nordrhein_Westfalen,Kleve_Kreis,Kleve,47533,690.0,,200.0,,100.0,4.0,,refurbished,penthouse,,self_contained_central_heating,2.34,False,True,False,False,False,False,May19
113604514,Nordrhein_Westfalen,Köln,Marienburg,50968,460.0,530.0,42.0,28.0,27.7,1.0,1974.0,well_kept,apartment,,,3.75,False,True,True,True,False,False,Oct19
57616129,Sachsen,Chemnitz,Schloßchemnitz,9113,384.78,524.71,97.95,41.98,69.96,3.0,1891.0,,ground_floor,B,floor_heating,0.56,False,True,False,True,False,False,Feb20
113538289,Bayern,Landshut_Kreis,Rottenburg_an_der_Laaber,84056,370.0,490.0,120.0,,60.0,2.0,1970.0,,ground_floor,,oil_heating,5.71,False,True,False,True,True,True,Oct19
106982774,Sachsen,Chemnitz,Hilbersdorf,9131,225.0,325.0,100.0,,52.0,2.0,1900.0,well_kept,apartment,,central_heating,0.0,False,True,False,True,False,False,Sep18
113544163,Nordrhein_Westfalen,Essen,Südviertel,45128,479.61,639.48,159.87,,53.29,1.5,,modernized,apartment,NO_INFORMATION,district_heating,3.66,False,True,True,True,False,True,Oct19
111246209,Hamburg,Hamburg,St._Georg,20099,609.82,679.82,40.0,30.0,19.92,1.0,,,other,,,6.26,False,False,False,True,False,True,May19
111247118,Baden_Württemberg,Mannheim,Neckarau,68199,300.0,,90.0,,24.0,1.0,,,raised_ground_floor,,central_heating,4.22,False,False,False,False,False,True,May19
114795747,Berlin,Berlin,Heinersdorf_Weißensee,13089,573.57,753.57,120.0,60.0,59.45,2.0,1997.0,well_kept,roof_storey,C,district_heating,6.24,False,True,True,False,False,False,Feb20
109763287,Mecklenburg_Vorpommern,Stralsund,Bastionengürtel,18439,309.0,,110.28,,44.11,2.0,1900.0,well_kept,roof_storey,,central_heating,1.39,False,False,False,False,False,False,May19
113687309,Berlin,Berlin,Grunewald_Wilmersdorf,14193,1594.8,1780.86,186.06,,89.0,3.0,2019.0,first_time_use,apartment,C,floor_heating,4.17,True,True,True,True,False,True,Oct19
110644217,Hamburg,Hamburg,Farmsen_Berne,22159,1211.0,1455.0,171.0,73.0,97.0,4.0,1972.0,mint_condition,apartment,,central_heating,5.21,False,True,False,True,False,True,May19
111258155,Niedersachsen,Gifhorn_Kreis,Tappenbeck,38479,420.0,420.0,,,45.0,2.0,,first_time_use,roof_storey,,gas_heating,4.15,False,False,False,False,False,True,May19
110313482,Nordrhein_Westfalen,Recklinghausen_Kreis,Herten,45701,446.15,617.15,120.0,51.0,65.61,3.0,1958.0,,apartment,,central_heating,3.45,False,True,False,True,True,False,May19
108809857,Sachsen,Leipzig,Altlindenau,4177,580.0,660.0,80.0,,84.6,4.0,1905.0,refurbished,roof_storey,,self_contained_central_heating,6.06,False,False,False,True,True,False,May19
88495632,Niedersachsen,Wolfsburg,Kästorf,38448,700.0,850.0,150.0,,54.0,1.0,,,apartment,,central_heating,4.0,False,False,False,True,False,True,May19
115638262,Nordrhein_Westfalen,Gelsenkirchen,Feldmark,45879,528.0,700.0,172.0,58.0,40.0,1.5,1972.0,,apartment,D,,1.87,False,True,False,False,False,True,Feb20
114619115,Niedersachsen,Goslar_Kreis,Bad_Harzburg,38667,170.0,320.0,100.0,50.0,35.0,1.0,,need_of_renovation,apartment,,central_heating,3.31,False,True,False,False,False,True,Feb20
107042990,Bayern,Nürnberg,Maxfeld,90409,725.0,875.0,150.0,,53.0,2.0,1994.0,,roof_storey,,central_heating,4.79,False,False,False,True,False,True,Oct19
107376294,Bayern,München,Haidhausen,81669,1850.0,1850.0,0.0,,65.0,2.0,1973.0,first_time_use_after_refurbishment,,D,central_heating,7.56,False,True,False,True,False,True,Sep18
115452403,Niedersachsen,Hannover,List,30163,650.0,850.0,200.0,,76.33,2.0,1968.0,well_kept,roof_storey,D,,3.1,False,False,False,False,False,True,Feb20
115700792,Baden_Württemberg,Stuttgart,Zuffenhausen,70435,1490.0,1490.0,0.0,,65.0,2.0,,,apartment,,,5.29,False,False,False,False,False,False,Feb20
113744048,Baden_Württemberg,Biberach_Kreis,Biberach_an_der_Riß,88400,650.0,725.0,75.0,,53.42,2.5,2014.0,mint_condition,ground_floor,,floor_heating,6.27,False,True,True,True,False,True,Oct19
113807840,Baden_Württemberg,Alb_Donau_Kreis,Langenau,89129,440.0,,100.0,,48.0,1.5,1900.0,modernized,apartment,C,central_heating,4.86,False,True,False,False,False,True,Oct19
114947742,Schleswig_Holstein,Herzogtum_Lauenburg_Kreis,Mölln,23879,417.0,553.0,136.0,,57.54,2.0,1972.0,well_kept,apartment,,combined_heat_and_power_plant,3.27,False,True,False,True,False,True,Feb20
111390159,Nordrhein_Westfalen,Köln,Altstadt_&_Neustadt_Süd,50674,300.0,350.0,50.0,,30.0,1.0,,,other,,,5.08,False,False,False,False,False,False,May19
113978618,Nordrhein_Westfalen,Wuppertal,Elberfeld,42103,740.0,980.0,140.0,100.0,123.0,4.0,,well_kept,apartment,,central_heating,3.14,False,False,False,False,False,False,Feb20
104900209,Bayern,Nürnberg,Schafhof,90411,709.14,985.14,276.0,122.0,78.0,3.0,1967.0,,,,,5.43,False,False,False,False,False,False,Sep18
107379316,Bayern,Roth_Kreis,Wendelstein,90530,1080.0,1330.0,200.0,,134.0,3.0,1963.0,,apartment,E,central_heating,5.26,False,False,False,False,False,False,Sep18
106064616,Saarland,Stadtverband_Saarbrücken_Kreis,Saarbrücken,66130,2000.0,,,,520.0,5.0,1902.0,well_kept,other,,central_heating,2.99,False,False,False,True,False,False,Sep18
112774504,Berlin,Berlin,Tiergarten_Tiergarten,10557,950.0,1110.0,160.0,,60.0,2.0,2018.0,first_time_use,ground_floor,,central_heating,8.22,True,True,True,True,True,True,Oct19
111043590,Thüringen,Eisenach,Stadtmitte,99817,369.0,484.0,115.0,,54.0,2.0,,mint_condition,apartment,,central_heating,-0.16,False,False,False,False,False,False,Oct19
109341847,Nordrhein_Westfalen,Minden_Lübbecke_Kreis,Bad_Oeynhausen,32545,630.0,,100.0,,100.0,4.0,1965.0,modernized,apartment,G,central_heating,4.84,False,True,False,True,True,False,May19
109983402,Nordrhein_Westfalen,Rheinisch_Bergischer_Kreis,Wermelskirchen,42929,244.12,358.12,114.0,,49.02,2.0,1957.0,,apartment,,,3.77,False,True,False,True,False,False,May19
115669580,Bremen,Bremen,Bahnhofsvorstadt,28195,800.0,1050.0,130.0,120.0,82.56,4.0,1960.0,well_kept,apartment,,central_heating,3.13,False,True,False,True,False,False,Feb20
64700086,Nordrhein_Westfalen,Solingen,Ohligs/Aufderhöhe/Merscheid,42655,376.68,687.5,170.0,80.0,76.76,3.0,2002.0,mint_condition,apartment,NO_INFORMATION,central_heating,2.9,False,True,True,True,True,False,Sep18
110898610,Sachsen,Dresden,Naußlitz,1187,440.0,550.0,90.0,,58.0,2.0,1900.0,refurbished,ground_floor,,self_contained_central_heating,2.6,False,True,False,True,False,False,May19
111199215,Sachsen,Nordsachsen_Kreis,Mügeln,4769,399.0,589.0,100.0,90.0,81.0,3.0,1996.0,well_kept,raised_ground_floor,NO_INFORMATION,central_heating,1.66,False,True,False,True,True,False,May19
110005898,Niedersachsen,Oldenburg_Oldenburg,Dietrichsfeld,26127,813.0,973.0,160.0,,81.27,3.0,2018.0,first_time_use,roof_storey,A,central_heating,5.5,True,True,False,False,False,False,May19
106320747,Sachsen,Dresden,Blasewitz,1277,1090.0,1375.0,260.0,,121.67,4.0,,refurbished,,,central_heating,2.38,False,True,False,True,True,False,Sep18
113807038,Bayern,Pfaffenhofen_an_der_Ilm_Kreis,Manching,85077,627.4,787.4,160.0,65.0,64.02,3.0,1962.0,well_kept,,,,3.86,False,True,False,False,False,False,Oct19
112791508,Nordrhein_Westfalen,Gelsenkirchen,Heßler,45883,260.0,352.0,52.0,40.0,29.19,1.0,1951.0,,roof_storey,,central_heating,2.63,False,False,False,True,False,True,Oct19
102801192,Hessen,Main_Kinzig_Kreis,Freigericht,63579,620.0,770.0,150.0,80.0,90.0,3.0,1962.0,well_kept,roof_storey,E,central_heating,4.41,False,False,False,True,True,False,Sep18
115636664,Nordrhein_Westfalen,Rhein_Erft_Kreis,Hürth,50354,718.83,909.46,127.09,63.54,68.46,3.0,,first_time_use,roof_storey,,district_heating,3.84,False,True,False,True,False,False,Feb20
113240189,Nordrhein_Westfalen,Märkischer_Kreis,Iserlohn,58636,420.0,,85.0,,71.0,3.0,2019.0,modernized,apartment,E,self_contained_central_heating,2.82,True,True,False,False,False,False,Oct19
111196416,Berlin,Berlin,Charlottenburg_Charlottenburg,10629,2790.0,3150.0,360.0,,166.0,5.0,1911.0,first_time_use_after_refurbishment,apartment,NO_INFORMATION,central_heating,8.97,False,True,True,True,False,True,May19
111371825,Schleswig_Holstein,Pinneberg_Kreis,Wedel,22880,540.0,680.0,140.0,30.0,60.37,2.0,1961.0,,apartment,D,central_heating,5.38,False,True,True,True,False,False,May19
111212912,Hamburg,Hamburg,Langenhorn,22415,630.0,760.0,80.0,50.0,46.0,1.5,2017.0,well_kept,ground_floor,B,,5.69,False,True,False,True,False,False,May19
114756417,Sachsen,Leipzig,Plagwitz,4229,725.0,870.0,145.0,,65.9,2.0,2018.0,first_time_use,terraced_flat,C,central_heating,4.37,False,True,True,True,True,False,Feb20
109599094,Nordrhein_Westfalen,Köln,Widdersdorf,50859,695.0,865.0,120.0,,66.8,2.0,2004.0,well_kept,apartment,A,central_heating,4.26,False,True,False,True,False,False,May19
107086789,Nordrhein_Westfalen,Borken_Kreis,Isselburg,46419,1500.0,1500.0,,,130.0,3.0,1700.0,fully_renovated,other,,,3.33,False,True,False,False,True,True,Sep18
110921016,Sachsen,Leipzig,Gohlis_Nord,4157,1015.41,1326.01,310.6,,119.46,4.0,1875.0,first_time_use_after_refurbishment,apartment,,floor_heating,4.24,False,True,True,True,False,False,May19
113632550,Baden_Württemberg,Rems_Murr_Kreis,Waiblingen,71332,500.0,550.0,50.0,,46.0,2.5,1954.0,fully_renovated,half_basement,F,gas_heating,6.3,False,False,False,True,True,True,Oct19
88922021,Nordrhein_Westfalen,Minden_Lübbecke_Kreis,Minden,32425,350.0,500.0,150.0,,57.9,2.0,1967.0,,apartment,,central_heating,5.08,False,False,False,True,True,False,Sep18
103258228,Bayern,Nürnberg,Dutzendteich,90478,599.0,680.0,81.0,,56.14,3.0,1950.0,well_kept,,C,,5.0,False,True,False,False,False,False,Sep18
115633186,Nordrhein_Westfalen,Dortmund,Hörde,44263,330.0,410.0,80.0,,51.0,2.0,1953.0,fully_renovated,ground_floor,,self_contained_central_heating,4.24,False,False,False,True,False,False,Feb20
108267366,Sachsen_Anhalt,Magdeburg,Altstadt,39104,1676.0,2011.25,127.83,91.31,139.67,4.0,2019.0,first_time_use,maisonette,,floor_heating,3.04,True,True,False,True,False,False,May19
114525450,Nordrhein_Westfalen,Hagen,Altenhagen,58097,595.0,,150.0,,90.0,4.0,1901.0,modernized,apartment,D,self_contained_central_heating,2.09,False,False,False,False,False,False,Feb20
104084810,Bayern,Berchtesgadener_Land_Kreis,Laufen,83410,750.0,1000.0,250.0,,130.0,3.0,,fully_renovated,apartment,,stove_heating,2.5,False,False,False,False,False,False,Oct19
90406140,Thüringen,Unstrut_Hainich_Kreis,Bad_Langensalza,99947,668.0,830.0,72.0,90.0,83.5,3.0,2016.0,mint_condition,apartment,A,central_heating,1.67,False,True,False,False,True,False,Feb20
115672672,Sachsen,Leipzig,Zentrum_Ost,4103,740.0,905.0,165.0,,61.81,2.0,2018.0,mint_condition,apartment,,floor_heating,4.59,False,True,True,False,False,True,Feb20
113801390,Bayern,Weilheim_Schongau_Kreis,Schongau,86956,437.16,499.16,62.0,,51.43,2.0,1952.0,,ground_floor,,,4.39,False,False,False,True,False,False,Oct19
106597091,Sachsen,Leipzig,Plagwitz,4177,882.0,1183.0,301.0,,103.74,4.0,1905.0,first_time_use_after_refurbishment,apartment,,floor_heating,6.85,False,True,True,True,False,False,Sep18
90139097,Sachsen_Anhalt,Magdeburg,Stadtfeld_West,39110,230.0,310.0,80.0,,40.0,2.0,1992.0,modernized,,NO_INFORMATION,central_heating,3.39,False,False,False,False,False,True,Feb20
110118318,Rheinland_Pfalz,Kaiserslautern,Innenstadt,67655,650.0,,180.0,,106.0,4.0,,,apartment,,self_contained_central_heating,3.99,False,False,False,True,True,False,May19
107338044,Brandenburg,Uckermark_Kreis,Prenzlau,17291,295.59,449.19,69.06,74.59,55.25,3.0,1960.0,,other,,,3.51,False,False,False,True,False,False,Sep18
110305178,Hessen,Offenbach_Kreis,Mühlheim_am_Main,63165,1295.0,1620.0,275.0,,129.99,3.5,1961.0,,maisonette,,central_heating,5.25,False,False,False,False,False,False,May19
113609720,Niedersachsen,Braunschweig,Weststadt,38120,460.0,675.0,135.0,80.0,74.75,3.0,1974.0,modernized,apartment,D,district_heating,0.14,False,True,True,True,False,False,Oct19
106244118,Hessen,Limburg_Weilburg_Kreis,Bad_Camberg,65520,800.0,,200.0,,118.0,3.0,,well_kept,apartment,,central_heating,4.23,False,True,False,False,False,False,Sep18
112984534,Sachsen,Leipzig,Engelsdorf,4319,515.0,688.0,93.0,80.0,80.69,3.0,1925.0,,apartment,,central_heating,3.14,False,False,False,True,False,False,Oct19
109984073,Saarland,Merzig_Wadern_Kreis,Beckingen,66701,660.0,740.0,80.0,,100.0,3.0,,,apartment,,,9.01,False,False,False,False,False,True,May19
113560580,Niedersachsen,Cuxhaven_Kreis,Cuxhaven,27474,419.0,674.0,175.0,80.0,72.1,2.5,1969.0,well_kept,apartment,,central_heating,3.65,False,True,True,True,False,False,Oct19
113594636,Niedersachsen,Vechta_Kreis,Lohne_Oldenburg,49393,600.0,710.0,110.0,,70.1,2.0,2019.0,,,,,0.62,True,False,False,False,False,False,Oct19
63152670,Mecklenburg_Vorpommern,Mecklenburg_Strelitz_Kreis,Neustrelitz,17235,260.0,400.0,140.0,,54.0,3.0,1940.0,refurbished,apartment,,district_heating,1.92,False,False,False,True,False,False,Oct19
61062993,Nordrhein_Westfalen,Duisburg,Wehofen,47179,267.0,,150.0,,61.0,2.0,1995.0,well_kept,roof_storey,,central_heating,3.33,False,False,False,True,False,False,Oct19
108664497,Saarland,Saarpfalz_Kreis,Mandelbachtal,66399,450.0,600.0,150.0,,68.0,3.0,1870.0,,,F,,3.77,False,False,False,False,False,True,May19
113242148,Nordrhein_Westfalen,Mettmann_Kreis,Langenfeld_Rheinland,40764,1035.0,,225.0,,90.0,3.0,2018.0,first_time_use,apartment,,central_heating,4.47,True,True,True,True,False,False,Oct19
107322419,Berlin,Berlin,Wilmersdorf_Wilmersdorf,10717,1300.0,1405.0,105.0,45.0,73.0,2.0,1915.0,modernized,apartment,NO_INFORMATION,district_heating,8.57,False,True,False,True,False,True,Sep18
113444796,Mecklenburg_Vorpommern,Mecklenburg_Strelitz_Kreis,Neustrelitz,17235,224.0,299.0,40.0,35.0,33.3,1.0,1970.0,,other,,,2.76,False,False,False,False,False,False,Oct19
84667103,Sachsen,Leipzig,Zentrum_Süd,4107,610.0,610.0,0.0,,45.0,1.0,,,,,,6.41,False,True,False,False,False,True,May19
114559031,Brandenburg,Oberhavel_Kreis,Velten,16727,710.96,885.96,95.0,80.0,67.71,3.0,1996.0,fully_renovated,ground_floor,,central_heating,8.07,False,True,False,False,False,True,Feb20
103414068,Bayern,Rosenheim_Kreis,Bruckmühl,83052,1830.0,2080.0,250.0,,122.0,2.0,1973.0,first_time_use_after_refurbishment,loft,D,gas_heating,5.68,False,True,False,True,False,True,May19
115554343,Sachsen,Zwickau,Neuplanitz,8062,150.0,,49.0,33.0,32.0,1.0,1980.0,,apartment,,central_heating,0.0,False,False,True,True,False,True,Feb20
108850894,Brandenburg,Frankfurt_Oder,Obere_Stadt,15230,286.52,470.64,184.12,89.14,53.06,2.0,1975.0,,,,district_heating,3.77,False,False,True,False,False,False,May19
111325229,Berlin,Berlin,Zehlendorf_Zehlendorf,14167,293.1,393.1,100.0,0.0,29.31,1.0,1967.0,fully_renovated,apartment,,central_heating,7.37,False,True,True,True,False,False,May19
113830982,Nordrhein_Westfalen,Ennepe_Ruhr_Kreis,Witten,58452,309.0,389.0,80.0,,51.36,2.0,1951.0,well_kept,apartment,,self_contained_central_heating,2.34,False,False,False,False,False,False,Oct19
115561767,Nordrhein_Westfalen,Köln,Weiden,50859,890.0,1200.0,,,77.0,2.0,,,,,,4.61,False,True,False,True,False,True,Feb20
112906973,Bayern,Schwandorf_Kreis,Teublitz,93158,750.0,900.0,100.0,,84.93,3.0,2018.0,,apartment,,central_heating,1.01,True,True,False,False,False,False,Oct19
81725901,Nordrhein_Westfalen,Düren_Kreis,Düren,52351,440.0,560.0,120.0,,76.0,3.0,1964.0,,apartment,,self_contained_central_heating,1.72,False,True,False,True,False,False,May19
112109291,Sachsen,Leipzig_Kreis,Markkleeberg,4416,345.0,465.0,120.0,,49.0,1.0,1996.0,well_kept,apartment,C,central_heating,5.11,False,True,False,False,False,False,Oct19
111214519,Schleswig_Holstein,Lübeck,St._Jürgen,23564,845.0,975.0,65.0,65.0,70.0,1.0,1925.0,well_kept,roof_storey,F,,4.86,False,True,False,False,True,True,May19
109083551,Bayern,Neuburg_Schrobenhausen_Kreis,Ehekirchen,86676,800.0,950.0,150.0,,100.0,3.0,1971.0,first_time_use_after_refurbishment,roof_storey,,wood_pellet_heating,0.0,False,True,False,True,False,False,May19
110399455,Sachsen_Anhalt,Saalekreis,Merseburg,6217,495.0,702.0,207.0,,90.0,3.0,1996.0,,maisonette,,central_heating,1.82,False,True,True,False,False,False,May19
112732604,Nordrhein_Westfalen,Steinfurt_Kreis,Metelen,48629,280.16,343.16,63.0,,60.25,2.0,2009.0,,apartment,,self_contained_central_heating,3.54,False,True,False,True,False,False,Oct19
111037584,Sachsen,Leipzig,Altlindenau,4177,499.0,649.0,150.0,,70.04,3.0,,well_kept,apartment,,central_heating,5.42,False,True,False,True,False,False,May19
111179658,Nordrhein_Westfalen,Märkischer_Kreis,Iserlohn,58636,399.0,543.0,98.0,46.0,50.39,2.0,1955.0,,ground_floor,C,central_heating,3.85,False,True,False,True,False,False,May19
87457985,Bayern,München,Moosach,80993,1250.0,1610.0,360.0,,88.5,3.5,1972.0,,,,,5.93,False,False,False,False,False,False,May19
115671312,Schleswig_Holstein,Nordfriesland_Kreis,Niebüll,25899,760.0,950.0,150.0,40.0,76.0,3.0,2020.0,first_time_use,apartment,,central_heating,4.3,True,True,True,False,False,True,Feb20
110643402,Nordrhein_Westfalen,Köln,Lindenthal,50931,940.0,1190.0,250.0,,42.0,2.0,1930.0,well_kept,apartment,F,,4.17,False,False,False,False,False,False,May19
106780279,Nordrhein_Westfalen,Rhein_Erft_Kreis,Bergheim,50129,410.0,645.0,235.0,,66.0,3.0,,,apartment,,central_heating,2.99,False,True,False,False,False,False,Sep18
104570692,Hessen,Offenbach_Kreis,Dietzenbach,63128,700.0,900.0,200.0,,78.0,3.0,1971.0,fully_renovated,apartment,,central_heating,4.71,False,True,True,True,False,False,Sep18
107298652,Sachsen_Anhalt,Dessau_Roßlau,Innerstädtischer_Bereich_Nord,6844,585.0,765.0,180.0,,90.0,4.0,1914.0,modernized,apartment,NO_INFORMATION,central_heating,0.0,False,False,False,True,True,False,Sep18
105897338,Nordrhein_Westfalen,Duisburg,Bruckhausen,47166,250.0,340.0,90.0,,51.0,2.5,1956.0,fully_renovated,apartment,,electric_heating,4.0,False,False,False,False,True,True,Sep18
115365020,Hessen,Marburg_Biedenkopf_Kreis,Marburg,35039,554.92,790.34,185.42,,66.22,2.0,2018.0,first_time_use,apartment,B,combined_heat_and_power_plant,1.64,False,True,True,True,False,True,Feb20
83230540,Nordrhein_Westfalen,Gelsenkirchen,Bismarck,45889,350.7,546.6,120.9,75.0,62.86,2.5,1996.0,well_kept,apartment,,,3.7,False,True,False,True,True,False,Oct19
113237492,Sachsen_Anhalt,Burgenlandkreis,Elsteraue,6729,280.0,415.0,70.0,65.0,58.5,3.0,1961.0,,,,,0.0,False,False,False,False,False,False,Oct19
90566183,Sachsen,Chemnitz,Ebersdorf,9131,479.0,669.0,190.0,,74.45,3.0,,,raised_ground_floor,,,1.92,False,True,True,True,False,False,May19
56991175,Niedersachsen,Göttingen_Kreis,Göttingen,37077,440.0,600.0,80.0,80.0,54.27,2.0,2016.0,well_kept,ground_floor,,central_heating,3.79,False,True,False,True,True,True,Oct19
74843131,Baden_Württemberg,Heilbronn_Kreis,Gundelsheim,74831,630.0,880.0,,,60.0,2.5,1994.0,fully_renovated,apartment,,central_heating,4.76,False,True,False,True,False,True,Feb20
113320034,Sachsen_Anhalt,Anhalt_Bitterfeld_Kreis,Köthen_Anhalt,6366,399.0,599.0,200.0,100.0,72.0,2.5,1995.0,refurbished,apartment,,central_heating,0.89,False,False,False,False,False,False,Oct19
106909946,Hessen,Wiesbaden,Südost,65189,1450.0,1900.0,450.0,,125.0,4.5,,,penthouse,,self_contained_central_heating,3.77,False,True,True,True,False,True,Sep18
56478445,Brandenburg,Barnim_Kreis,Wandlitz,16348,310.0,430.0,40.0,80.0,43.36,1.0,1990.0,well_kept,raised_ground_floor,,central_heating,5.94,False,True,False,True,False,False,May19
111041652,Nordrhein_Westfalen,Dortmund,Hörde,44263,690.0,890.0,100.0,100.0,69.71,2.0,2015.0,mint_condition,apartment,NO_INFORMATION,central_heating,4.2,False,True,False,True,True,False,May19
113058972,Sachsen,Leipzig,Sellerhausen_Stünz,4328,305.0,415.0,110.0,,48.03,2.0,1930.0,,apartment,,central_heating,3.82,False,True,False,True,False,False,Oct19
108318527,Nordrhein_Westfalen,Recklinghausen_Kreis,Waltrop,45731,425.0,560.0,135.0,,69.0,3.0,1962.0,fully_renovated,roof_storey,NO_INFORMATION,gas_heating,3.28,False,True,False,True,False,False,Feb20
115672864,Nordrhein_Westfalen,Aachen_Kreis,Stolberg_Rheinland,52222,870.0,,195.0,,91.5,3.0,2016.0,fully_renovated,ground_floor,A,floor_heating,2.34,False,True,True,True,False,False,Feb20
113862665,Nordrhein_Westfalen,Düsseldorf,Stadtmitte,40211,2399.0,2549.0,150.0,,165.0,4.0,1950.0,well_kept,terraced_flat,,gas_heating,5.14,False,True,False,True,True,True,Oct19
106532940,Rheinland_Pfalz,Kaiserslautern,Innenstadt,67663,270.0,,90.0,,30.25,2.0,1990.0,well_kept,ground_floor,,gas_heating,4.48,False,True,False,False,False,True,Sep18
110530907,Rheinland_Pfalz,Mayen_Koblenz_Kreis,Urbar,56182,1050.0,1300.0,180.0,,100.0,3.5,2006.0,refurbished,maisonette,,self_contained_central_heating,4.74,False,True,False,True,True,True,Oct19
115490758,Baden_Württemberg,Esslingen_Kreis,Leinfelden_Echterdingen,70771,2850.0,3200.0,350.0,,160.0,6.0,2020.0,first_time_use,maisonette,,floor_heating,5.32,True,True,False,True,False,True,Feb20
115447567,Nordrhein_Westfalen,Herne,Unser_Fritz/Crange,44653,399.0,,99.0,66.0,49.97,3.0,1952.0,well_kept,apartment,,central_heating,3.02,False,False,False,True,False,False,Feb20
104742414,Thüringen,Gera,Stadtmitte,7545,430.0,620.0,190.0,,86.13,3.0,,refurbished,other,,central_heating,1.85,False,True,False,True,False,False,Sep18
107373489,Hessen,Gießen_Kreis,Gießen,35392,330.0,450.0,120.0,,31.0,1.0,1988.0,,,,gas_heating,2.38,False,False,False,False,False,False,Sep18
101635916,Sachsen,Leipzig,Altlindenau,4177,915.0,1155.0,240.0,,103.79,3.0,,first_time_use_after_refurbishment,maisonette,,gas_heating,6.06,False,True,True,True,False,False,May19
115655318,Niedersachsen,Hannover,Kirchrode,30559,856.34,1108.21,172.33,79.54,66.28,3.0,2018.0,first_time_use,apartment,,central_heating,2.59,False,True,True,True,False,False,Feb20
36375330,Thüringen,Weimarer_Land_Kreis,Apolda,99510,460.0,,165.0,,91.0,3.0,1914.0,well_kept,apartment,,central_heating,1.56,False,False,False,True,True,False,Oct19
89538144,Sachsen,Plauen,Haselbrunn,8525,440.0,565.0,125.0,,124.0,3.0,,well_kept,apartment,,,1.03,False,False,False,True,False,False,Oct19
98264145,Sachsen,Chemnitz,Markersdorf,9123,249.0,362.0,113.0,,56.0,3.0,,first_time_use_after_refurbishment,apartment,,central_heating,0.58,False,True,False,True,True,False,Oct19
111884341,Nordrhein_Westfalen,Köln,Holweide,51067,850.0,980.0,50.0,80.0,65.0,2.0,1956.0,fully_renovated,raised_ground_floor,,central_heating,4.67,False,False,False,True,True,False,Oct19
113810969,Bayern,München,Au,81669,1300.0,1420.0,120.0,,65.3,3.0,,first_time_use_after_refurbishment,raised_ground_floor,,self_contained_central_heating,6.16,False,False,False,False,False,False,Oct19
91138514,Sachsen,Dresden,Südvorstadt_West,1187,620.0,772.0,152.0,,68.9,2.0,2013.0,,apartment,,,3.7,False,False,True,False,False,False,Sep18
95877060,Sachsen,Plauen,Reißiger_Vorstadt,8525,265.0,395.0,40.0,90.0,60.0,3.0,,first_time_use,,,central_heating,1.1,False,False,False,False,False,False,Oct19
94927394,Nordrhein_Westfalen,Rheinisch_Bergischer_Kreis,Bergisch_Gladbach,51429,610.0,760.0,150.0,50.0,53.0,2.0,,well_kept,raised_ground_floor,,central_heating,3.9,False,True,False,True,True,False,May19
114474042,Sachsen,Zwickau,Marienthal_Ost,8060,850.0,1090.0,240.0,,116.0,5.0,,well_kept,maisonette,,central_heating,0.93,False,True,False,False,True,False,Feb20
105605103,Nordrhein_Westfalen,Märkischer_Kreis,Iserlohn,58642,475.0,635.0,160.0,,78.12,3.0,1964.0,refurbished,apartment,D,gas_heating,3.23,False,True,False,True,True,False,Sep18
110499019,Sachsen,Chemnitz,Bernsdorf,9126,299.0,424.0,125.0,,56.76,3.0,,fully_renovated,apartment,,central_heating,0.0,False,True,False,True,True,False,Oct19
115123080,Sachsen,Leipzig,Schleußig,4229,1670.0,2030.0,360.0,,144.89,6.0,,mint_condition,apartment,B,floor_heating,4.46,False,True,True,True,False,False,Feb20
111149170,Berlin,Berlin,Altglienicke_Treptow,12524,629.36,,92.58,49.38,61.72,2.0,2019.0,well_kept,other,B,district_heating,7.76,True,True,False,False,False,False,May19
111390947,Nordrhein_Westfalen,Dortmund,Innenstadt,44135,500.0,700.0,100.0,100.0,74.0,2.5,1973.0,well_kept,apartment,,central_heating,4.51,False,True,True,False,False,False,May19
114391375,Nordrhein_Westfalen,Bochum,Gerthe,44805,570.0,750.0,90.0,90.0,85.0,2.5,,modernized,,,,3.92,False,True,False,False,False,False,Feb20
106590774,Berlin,Berlin,Schöneberg_Schöneberg,10781,1450.0,1600.0,150.0,,65.0,2.0,1905.0,mint_condition,ground_floor,,central_heating,9.62,False,True,False,False,True,True,Sep18
98438340,Nordrhein_Westfalen,Höxter_Kreis,Willebadessen,34439,510.0,660.0,75.0,75.0,80.0,3.0,1973.0,first_time_use_after_refurbishment,roof_storey,,gas_heating,4.88,False,False,False,True,True,False,Feb20
115399677,Sachsen_Anhalt,Halle_Saale,Südliche_Innenstadt,6110,439.0,549.0,110.0,,70.0,3.0,1903.0,,roof_storey,,self_contained_central_heating,2.79,False,False,True,False,False,False,Feb20
107319683,Hamburg,Hamburg,Rahlstedt,22143,800.0,990.0,190.0,70.0,79.52,2.0,1989.0,refurbished,terraced_flat,,central_heating,5.32,False,True,False,False,False,False,Sep18
106023292,Niedersachsen,Hannover_Kreis,Garbsen,30827,521.04,718.04,132.0,65.0,65.13,3.0,1965.0,,apartment,C,central_heating,4.35,False,True,False,True,False,True,Sep18
113134767,Baden_Württemberg,Lörrach_Kreis,Kandern,79400,1075.0,1075.0,0.0,,60.0,1.5,1998.0,,roof_storey,A,,1.4,False,False,False,False,True,True,Oct19
113797155,Nordrhein_Westfalen,Duisburg,Mittelmeiderich,47137,330.0,,80.0,60.0,49.0,3.0,1954.0,modernized,apartment,,central_heating,3.08,False,False,False,True,False,False,Feb20
110299419,Bayern,Fürth,Südstadt,90763,673.0,819.0,146.0,,58.5,2.0,2018.0,first_time_use_after_refurbishment,apartment,B,gas_heating,5.26,True,True,True,True,False,False,May19
113062365,Baden_Württemberg,Reutlingen_Kreis,Metzingen,72555,950.0,1170.0,220.0,,89.0,4.0,1972.0,modernized,apartment,,central_heating,4.65,False,True,False,True,False,True,Oct19
96317537,Nordrhein_Westfalen,Düsseldorf,Mörsenbroich,40470,1250.0,1365.0,75.0,40.0,84.4,3.0,2017.0,mint_condition,apartment,NO_INFORMATION,district_heating,4.23,False,True,True,True,False,False,Oct19
114449700,Mecklenburg_Vorpommern,Neubrandenburg,Stadtgebiet_Ost,17036,346.0,,80.0,69.0,66.24,3.0,1970.0,,apartment,,district_heating,0.78,False,True,False,False,False,False,Feb20
113187347,Berlin,Berlin,Köpenick_Köpenick,12555,1000.0,1093.0,93.0,,87.9,3.0,1907.0,,apartment,,central_heating,6.08,False,True,False,False,False,True,Oct19
114326809,Sachsen,Leipzig,Eutritzsch,4129,280.0,380.0,100.0,,46.0,2.0,1936.0,well_kept,apartment,C,central_heating,4.04,False,False,False,True,False,True,Feb20
111377963,Sachsen,Dresden,Südvorstadt_Ost,1067,1075.0,1405.0,250.0,,100.0,3.0,2017.0,mint_condition,penthouse,NO_INFORMATION,district_heating,2.73,False,True,True,True,True,False,May19
110648512,Nordrhein_Westfalen,Aachen,Steinebrück,52066,660.0,867.0,207.0,,80.0,3.0,1962.0,well_kept,apartment,,gas_heating,2.22,False,True,False,True,True,False,May19
112858614,Sachsen,Mittelsachsen_Kreis,Freiberg,9599,295.0,395.0,100.0,,39.0,2.0,1915.0,modernized,roof_storey,E,central_heating,1.18,False,False,False,True,False,False,Oct19
106672987,Sachsen,Leipzig,Zentrum_Nord,4129,333.0,464.0,131.0,,54.73,2.0,,,apartment,,,5.26,False,False,False,False,True,False,Sep18
107746717,Thüringen,Unstrut_Hainich_Kreis,Mühlhausen/Thüringen,99974,332.35,514.11,181.76,,59.4,2.0,1995.0,,ground_floor,,,1.72,False,True,False,False,False,False,May19
107305605,Rheinland_Pfalz,Trier,Innenstadt,54290,640.0,775.0,135.0,,55.0,2.0,,,other,,,3.37,False,False,False,True,False,True,Sep18
113355002,Sachsen,Bautzen_Kreis,Bautzen,2625,197.0,280.0,44.0,39.0,39.4,1.0,1985.0,fully_renovated,ground_floor,,district_heating,1.93,False,False,False,True,False,False,Oct19
72567204,Rheinland_Pfalz,Rhein_Lahn_Kreis,Bad_Ems,56130,660.0,970.0,260.0,,101.25,3.0,1996.0,fully_renovated,apartment,,central_heating,2.91,False,True,False,True,False,False,Oct19
111052893,Hamburg,Hamburg,Stellingen,22525,730.0,895.0,75.0,90.0,60.3,2.0,1967.0,first_time_use,ground_floor,D,central_heating,6.53,False,False,True,False,False,False,Oct19
115693390,Sachsen,Sächsische_Schweiz_Osterzgebirge_Kreis,Heidenau,1809,287.0,387.0,100.0,,48.0,2.0,,refurbished,apartment,,central_heating,1.1,False,False,False,True,False,False,Feb20
64958141,Sachsen,Leipzig,Möckern,4159,228.0,290.0,62.0,,28.54,1.5,1995.0,mint_condition,,,central_heating,4.76,False,False,True,True,True,False,Sep18
100145120,Hessen,Darmstadt,Darmstadt_Ost,64287,590.0,750.0,160.0,,44.0,2.0,1939.0,modernized,roof_storey,,central_heating,3.88,False,False,False,False,False,True,May19
104157087,Sachsen_Anhalt,Magdeburg,Stadtfeld_Ost,39108,323.0,468.0,126.0,,55.59,2.0,1996.0,well_kept,apartment,NO_INFORMATION,central_heating,1.54,False,False,False,False,False,False,Sep18
115503224,Nordrhein_Westfalen,Dortmund,Wickede,44319,390.05,,150.0,,64.74,3.5,1965.0,well_kept,apartment,F,self_contained_central_heating,3.16,False,True,False,True,False,False,Feb20
107322553,Nordrhein_Westfalen,Düsseldorf,Wittlaer,40489,1200.0,1480.0,220.0,,94.53,4.0,2017.0,mint_condition,penthouse,C,central_heating,4.14,True,True,True,True,False,False,Sep18
114763937,Berlin,Berlin,Karow_Weißensee,13125,633.39,848.08,214.69,72.1,73.65,2.0,1997.0,well_kept,ground_floor,C,district_heating,6.33,False,False,False,False,False,True,Feb20
109904628,Thüringen,Gotha_Kreis,Gotha,99867,460.0,,95.0,55.0,74.0,3.0,,,roof_storey,,district_heating,4.29,False,False,False,False,False,False,Oct19
113032900,Bremen,Bremerhaven,Lehe,27568,723.76,878.41,154.65,,61.86,2.0,,first_time_use,apartment,,central_heating,2.82,False,True,True,True,False,True,Oct19
113885749,Berlin,Berlin,Prenzlauer_Berg_Prenzlauer_Berg,10435,1459.0,1739.0,280.0,,75.02,2.0,2016.0,mint_condition,apartment,,central_heating,6.54,False,True,True,False,False,True,Feb20
113393233,Schleswig_Holstein,Flensburg,Westliche_Höhe,24939,800.0,1014.0,,127.0,80.0,3.0,1972.0,,raised_ground_floor,F,district_heating,3.4,False,False,False,False,False,False,Oct19
113797098,Sachsen,Görlitz,Königshufen,2828,220.58,350.58,130.0,70.0,56.56,2.0,1985.0,fully_renovated,,,district_heating,2.19,False,True,False,False,False,False,Oct19
115247581,Baden_Württemberg,Karlsruhe_Kreis,Bruchsal,76646,875.0,995.0,120.0,,54.0,2.0,1992.0,first_time_use_after_refurbishment,apartment,,central_heating,4.6,False,True,True,True,False,False,Feb20
113108401,Sachsen_Anhalt,Salzlandkreis,Alsleben_Saale,6425,330.0,475.0,145.0,,58.0,2.0,2001.0,refurbished,terraced_flat,E,gas_heating,1.71,False,True,False,True,True,False,Oct19
113451067,Berlin,Berlin,Hellersdorf_Hellersdorf,12629,483.02,699.82,216.8,80.92,69.4,3.0,1989.0,modernized,apartment,,district_heating,7.0,False,True,True,False,False,False,Oct19
95271350,Nordrhein_Westfalen,Minden_Lübbecke_Kreis,Minden,32425,399.0,499.0,100.0,,43.0,2.0,1963.0,,apartment,C,central_heating,3.33,False,False,False,True,True,False,Feb20
110842270,Sachsen,Leipzig_Kreis,Markkleeberg,4416,260.0,360.0,100.0,,47.46,2.0,1930.0,,ground_floor,F,central_heating,4.05,False,True,False,True,False,False,May19
113187771,Sachsen_Anhalt,Halle_Saale,Nördliche_Neustadt,6122,349.0,520.5,88.5,83.0,55.61,3.0,1972.0,refurbished,apartment,B,,0.92,False,False,True,False,False,False,Oct19
113582515,Nordrhein_Westfalen,Mönchengladbach,Hardterbroich_Pesch,41065,470.0,,150.0,,53.0,2.0,1963.0,modernized,apartment,D,,3.18,False,False,False,False,False,False,Oct19
94164893,Sachsen,Erzgebirgskreis,Burkhardtsdorf,9235,460.0,630.0,170.0,,95.6,3.0,1995.0,well_kept,ground_floor,,,2.0,False,True,False,True,False,False,May19
106896884,Berlin,Berlin,Prenzlauer_Berg_Prenzlauer_Berg,10439,797.5,962.5,165.0,,55.0,2.0,1930.0,well_kept,apartment,,district_heating,9.82,False,True,False,True,False,True,Sep18
113786291,Bayern,Nürnberg,Bielingplatz,90419,521.87,641.87,120.0,0.0,58.05,2.0,1974.0,,apartment,,,4.38,False,False,True,False,False,False,Oct19
109734604,Nordrhein_Westfalen,Duisburg,Mittelmeiderich,47137,490.0,660.0,170.0,,88.0,3.0,2003.0,fully_renovated,apartment,,floor_heating,3.39,False,False,False,False,False,False,May19
114651722,Sachsen,Dresden,Cotta,1157,471.0,623.0,152.0,,76.0,2.0,1910.0,refurbished,apartment,,central_heating,1.45,False,False,False,False,True,False,Feb20
105094888,Nordrhein_Westfalen,Hamm,Mitte,59063,630.0,790.0,160.0,,87.0,3.0,1953.0,well_kept,apartment,,central_heating,3.23,False,True,False,True,False,False,Sep18
113390716,Brandenburg,Dahme_Spreewald_Kreis,Schönefeld,12529,699.0,883.14,184.14,,65.76,2.0,2019.0,first_time_use,apartment,B,central_heating,5.64,True,True,True,False,False,True,Oct19
106769127,Nordrhein_Westfalen,Krefeld,Uerdingen,47829,411.58,561.58,150.0,,63.32,2.0,,,raised_ground_floor,,gas_heating,4.41,False,False,False,False,False,False,Sep18
112407991,Niedersachsen,Schaumburg_Kreis,Stadthagen,31655,405.0,573.0,93.0,75.0,57.8,2.0,1972.0,fully_renovated,apartment,,gas_heating,5.1,False,True,True,True,False,False,Oct19
63385889,Nordrhein_Westfalen,Wesel_Kreis,Wesel,46483,347.64,589.68,175.04,67.0,61.42,3.5,1952.0,modernized,apartment,,central_heating,1.75,False,False,False,True,False,False,Sep18
113284679,Nordrhein_Westfalen,Dortmund,Eving,44339,479.0,748.0,170.0,99.0,71.0,3.5,1968.0,,apartment,,central_heating,4.18,False,True,False,True,False,True,Oct19
113557447,Sachsen,Chemnitz,Sonnenberg,9130,389.0,549.0,160.0,,72.5,3.0,1930.0,,roof_storey,,,0.21,False,True,False,True,False,False,Oct19
53581563,Brandenburg,Ostprignitz_Ruppin_Kreis,Fehrbellin,16833,570.0,780.0,210.0,,96.0,3.0,1908.0,fully_renovated,ground_floor,,central_heating,3.63,False,True,False,True,True,False,May19
106892718,Sachsen,Chemnitz,Gablenz,9127,350.0,500.0,150.0,,62.4,3.0,,fully_renovated,apartment,,central_heating,0.0,False,True,False,True,True,False,Sep18
115586902,Nordrhein_Westfalen,Unna_Kreis,Unna,59425,459.0,,163.0,,76.37,3.0,1972.0,well_kept,apartment,F,,3.03,False,True,False,True,False,False,Feb20
115523058,Nordrhein_Westfalen,Gelsenkirchen,Schalke,45881,276.19,403.66,127.47,,42.0,1.0,1964.0,well_kept,apartment,,district_heating,2.24,False,True,True,False,False,False,Feb20
115650703,Sachsen,Bautzen_Kreis,Doberschau_Gaußig,2692,250.0,365.0,100.0,50.0,42.0,2.0,1993.0,need_of_renovation,,C,central_heating,1.48,False,False,False,False,False,False,Feb20
65232937,Nordrhein_Westfalen,Hagen,Mittelstadt,58095,318.0,,,,61.24,2.0,1959.0,modernized,apartment,,central_heating,2.58,False,False,False,False,False,False,May19
44096509,Nordrhein_Westfalen,Aachen,Hansemannplatz/Jülicher_Str.,52070,210.0,285.0,75.0,,29.0,1.0,1964.0,,apartment,,self_contained_central_heating,3.32,False,False,False,True,True,False,May19
109686183,Sachsen,Chemnitz,Altchemnitz,9120,210.0,299.0,89.0,,42.41,2.0,1920.0,well_kept,apartment,,central_heating,0.0,False,False,False,False,True,False,May19
79307093,Sachsen_Anhalt,Altmarkkreis_Salzwedel,Gardelegen,39638,630.0,890.0,260.0,140.0,140.0,4.0,1925.0,modernized,apartment,,central_heating,2.08,False,False,False,True,True,True,May19
107308833,Niedersachsen,Helmstedt_Kreis,Grafhorst,38462,615.0,,80.0,40.0,85.0,3.0,,,,,central_heating,2.78,False,True,False,False,False,True,Sep18
111253617,Sachsen_Anhalt,Halle_Saale,Nördliche_Innenstadt,6108,469.0,634.0,165.0,,65.08,2.0,1996.0,,roof_storey,,central_heating,4.31,False,True,True,False,False,False,May19
113722591,Sachsen,Leipzig,Böhlitz_Ehrenberg,4178,600.0,805.0,205.0,85.0,102.0,3.0,1900.0,well_kept,apartment,,central_heating,3.07,False,False,False,False,True,True,Oct19
77243177,Sachsen,Zwickau_Kreis,Glauchau,8371,174.0,259.0,40.0,45.0,34.0,1.0,1992.0,,,,district_heating,1.92,False,True,True,True,False,False,Sep18
114030733,Mecklenburg_Vorpommern,Demmin_Kreis,Tützpatz,17091,170.0,245.0,75.0,,33.71,1.0,1994.0,well_kept,apartment,C,oil_heating,-1.14,False,True,False,True,False,False,Feb20
106692811,Baden_Württemberg,Böblingen_Kreis,Leonberg,71229,900.0,1100.0,200.0,,60.0,2.0,1944.0,fully_renovated,ground_floor,,gas_heating,7.37,False,True,False,True,True,True,Sep18
105316512,Bremen,Bremerhaven,Mitte,27568,550.0,850.0,150.0,150.0,120.0,6.0,,well_kept,apartment,,,3.45,False,True,False,False,False,False,Sep18
111292875,Bremen,Bremen,Bürgerweide/Barkhof,28209,980.0,1300.0,320.0,,104.0,3.0,1974.0,well_kept,other,D,central_heating,3.88,False,False,False,False,False,True,May19
107375102,Sachsen,Mittelsachsen_Kreis,Hainichen,9661,394.0,558.0,164.0,,82.0,4.0,1986.0,well_kept,apartment,,central_heating,0.0,False,True,False,True,False,False,Sep18
113663706,Hessen,Main_Kinzig_Kreis,Hanau,63457,800.0,1050.0,250.0,,95.0,4.0,,fully_renovated,apartment,,district_heating,4.6,False,True,False,True,True,True,Oct19
110378792,Sachsen,Meißen_Kreis,Riesa,1589,320.0,,35.0,,51.55,2.0,1961.0,well_kept,raised_ground_floor,,central_heating,1.89,False,True,False,True,True,True,May19
111058085,Mecklenburg_Vorpommern,Stralsund,Altstadt,18439,510.0,680.0,170.0,,72.0,2.0,1819.0,well_kept,roof_storey,,central_heating,2.96,False,False,False,False,False,True,May19
106004849,Sachsen,Bautzen_Kreis,Bautzen,2625,293.53,391.97,38.78,59.66,59.66,3.0,1972.0,first_time_use,,B,district_heating,1.75,False,True,False,True,False,False,Sep18
66091351,Nordrhein_Westfalen,Düsseldorf,Oberbilk,40227,495.0,635.0,140.0,,44.0,1.0,1974.0,modernized,,,central_heating,5.26,False,True,True,True,False,False,Oct19
113705395,Sachsen_Anhalt,Wittenberg_Kreis,Lutherstadt_Wittenberg,6888,250.0,325.0,75.0,0.0,62.51,2.0,1920.0,,,,,-0.16,False,False,False,False,False,False,Oct19
113015699,Nordrhein_Westfalen,Märkischer_Kreis,Lüdenscheid,58511,440.0,,140.0,,75.0,3.0,1994.0,well_kept,roof_storey,,self_contained_central_heating,2.51,False,False,False,True,False,False,Oct19
103150679,Nordrhein_Westfalen,Bochum,Hamme,44809,345.0,450.0,105.0,,47.0,2.0,,refurbished,apartment,,self_contained_central_heating,3.08,False,False,False,False,True,False,May19
115583419,Baden_Württemberg,Ludwigsburg_Kreis,Ludwigsburg,71638,790.0,940.0,150.0,,54.55,1.5,2011.0,fully_renovated,apartment,,central_heating,6.56,False,False,True,True,False,True,Feb20
114124468,Hessen,Kassel,Oberzwehren,34132,500.0,660.0,90.0,70.0,54.7,2.0,1977.0,first_time_use_after_refurbishment,apartment,,central_heating,2.49,False,True,True,True,False,False,Feb20
104875416,Nordrhein_Westfalen,Krefeld,Stadtmitte,47798,390.0,540.0,150.0,,65.0,2.0,1957.0,fully_renovated,roof_storey,,central_heating,2.99,False,False,False,True,False,False,May19
115689707,Nordrhein_Westfalen,Düren_Kreis,Jülich,52428,850.0,,120.0,,100.0,3.0,1961.0,modernized,apartment,,self_contained_central_heating,3.8,False,True,False,True,False,False,Feb20
62221316,Nordrhein_Westfalen,Höxter_Kreis,Warburg,34414,540.0,640.0,100.0,,100.0,3.0,1920.0,well_kept,apartment,H,gas_heating,2.08,False,True,False,True,True,False,Oct19
111223634,Nordrhein_Westfalen,Recklinghausen_Kreis,Dorsten,46286,379.24,,143.0,,77.14,3.0,1974.0,well_kept,apartment,C,night_storage_heater,2.98,False,True,False,True,False,False,May19
107382946,Nordrhein_Westfalen,Aachen,Stadtbezirk_Aachen_Brand,52078,670.0,750.0,80.0,,96.0,4.0,1928.0,well_kept,apartment,,self_contained_central_heating,2.7,False,False,False,False,False,False,Sep18
115512923,Sachsen,Meißen_Kreis,Riesa,1589,300.0,,150.0,,53.3,2.0,,fully_renovated,apartment,,central_heating,0.74,False,True,True,True,True,True,Feb20
63825371,Sachsen_Anhalt,Saalekreis,Merseburg,6217,318.0,456.0,72.0,72.0,61.25,3.0,1974.0,refurbished,,,district_heating,0.18,False,True,False,True,False,False,Feb20
110249391,Nordrhein_Westfalen,Borken_Kreis,Bocholt,46399,1554.0,,,,111.0,3.0,2019.0,first_time_use,roof_storey,A_PLUS,,3.68,True,True,True,True,True,False,May19
107013413,Schleswig_Holstein,Lübeck,Travemünde,23570,2450.0,,360.0,,137.44,3.0,2006.0,,,E,,4.82,False,True,False,True,True,True,May19
110043171,Bayern,Würzburg_Kreis,Kleinrinderfeld,97271,425.0,,180.0,,62.0,2.0,1992.0,fully_renovated,apartment,NO_INFORMATION,central_heating,3.72,False,False,False,True,False,False,May19
115259801,Nordrhein_Westfalen,Rhein_Sieg_Kreis,Bornheim,53332,440.0,630.0,190.0,65.0,54.5,2.0,1995.0,fully_renovated,,,central_heating,4.09,False,False,False,False,False,False,Feb20
80018671,Sachsen,Bautzen_Kreis,Kamenz,1917,261.82,361.82,40.0,60.0,49.4,2.0,1920.0,,roof_storey,,district_heating,0.0,False,False,False,False,False,False,Sep18
115591679,Bayern,Dingolfing_Landau_Kreis,Dingolfing,84130,470.0,570.0,100.0,,40.0,1.0,1980.0,modernized,apartment,,central_heating,2.19,False,True,False,True,False,True,Feb20
111357187,Hessen,Frankfurt_am_Main,Innenstadt,60313,1337.4,1537.4,200.0,,66.87,2.0,1999.0,well_kept,apartment,,floor_heating,5.29,False,True,True,True,False,True,Oct19
111313551,Hessen,Hochtaunuskreis,Bad_Homburg_vor_der_Höhe,61350,590.0,770.0,180.0,,59.0,2.0,1972.0,well_kept,raised_ground_floor,,central_heating,4.0,False,True,False,True,False,False,May19
115220886,Bayern,Erlangen,Süd,91054,1050.0,1250.0,140.0,,80.5,2.5,1953.0,well_kept,maisonette,,self_contained_central_heating,2.18,False,True,False,True,True,True,Feb20
87715849,Hessen,Darmstadt_Dieburg_Kreis,Münster,64839,780.0,970.0,150.0,,81.0,3.0,,well_kept,roof_storey,,gas_heating,2.7,False,False,False,True,True,False,May19
111066053,Bremen,Bremen,Bürgerweide/Barkhof,28209,1690.0,2040.0,350.0,,200.0,4.0,1907.0,first_time_use_after_refurbishment,loft,,gas_heating,3.88,False,True,False,False,True,True,May19
110160926,Nordrhein_Westfalen,Unna_Kreis,Schwerte,58239,598.0,,150.0,,83.0,3.0,1999.0,well_kept,roof_storey,NO_INFORMATION,,3.2,False,True,True,True,True,False,May19
113668530,Niedersachsen,Goslar_Kreis,Clausthal_Zellerfeld,38678,295.0,450.0,120.0,35.0,33.11,1.0,2016.0,mint_condition,apartment,,central_heating,3.25,False,False,True,False,False,True,Oct19
114758681,Brandenburg,Märkisch_Oderland_Kreis,Rüdersdorf_bei_Berlin,15562,550.71,696.3,69.63,75.96,63.3,2.0,1968.0,first_time_use_after_refurbishment,apartment,C,,3.86,False,True,True,True,False,False,Feb20
111374210,Bayern,Cham_Kreis,Bad_Kötzting,93444,550.0,670.0,120.0,,85.0,3.0,1965.0,refurbished,ground_floor,,central_heating,4.24,False,True,False,True,False,True,May19
115704961,Schleswig_Holstein,Kiel,Südfriedhof,24114,550.0,771.0,138.0,83.0,65.68,3.0,1970.0,,apartment,E,central_heating,3.37,False,True,False,True,False,True,Feb20
103718235,Berlin,Berlin,Charlottenburg_Charlottenburg,14057,2200.0,2500.0,300.0,150.0,100.0,3.0,1900.0,first_time_use,roof_storey,C,floor_heating,8.74,False,True,True,False,False,True,Sep18
111374093,Schleswig_Holstein,Segeberg_Kreis,Bad_Bramstedt,24576,700.0,850.0,150.0,,80.0,2.5,1986.0,modernized,maisonette,,floor_heating,4.3,False,True,False,True,False,True,May19
102167222,Sachsen,Leipzig_Kreis,Markranstädt,4420,300.0,420.0,120.0,,60.0,2.0,,,,,,3.13,False,False,False,True,True,False,Sep18
115410666,Sachsen,Plauen,Haselbrunn,8525,225.5,331.0,105.5,,48.97,2.0,1920.0,fully_renovated,apartment,,central_heating,1.46,False,True,False,True,False,False,Feb20
107342862,Bayern,Würzburg,Neumünster,97070,990.0,1285.0,295.0,,100.0,2.0,,,maisonette,,floor_heating,3.42,False,True,True,False,False,False,Sep18
115522305,Schleswig_Holstein,Schleswig_Flensburg_Kreis,Steinbergkirche,24972,630.0,,,,60.0,2.0,2021.0,,,,,3.3,True,False,True,False,True,True,Feb20
112802240,Sachsen,Dresden,Leipziger_Vorstadt,1097,413.0,518.0,105.0,,48.55,2.0,1927.0,refurbished,,,central_heating,3.1,False,False,False,True,False,False,Oct19
106975944,Nordrhein_Westfalen,Minden_Lübbecke_Kreis,Bad_Oeynhausen,32545,966.0,1240.0,144.0,,120.0,3.0,,well_kept,terraced_flat,,floor_heating,3.23,False,True,True,True,True,True,Sep18
111176694,Sachsen,Leipzig,Connewitz,4277,940.0,1160.0,200.0,,89.39,3.0,2018.0,first_time_use,ground_floor,A,district_heating,5.1,True,True,True,False,True,True,May19
115032988,Nordrhein_Westfalen,Recklinghausen_Kreis,Recklinghausen,45659,275.24,381.24,106.0,,49.15,2.0,1930.0,,apartment,,self_contained_central_heating,3.2,False,False,False,True,False,False,Feb20
111077528,Schleswig_Holstein,Pinneberg_Kreis,Rellingen,25462,770.0,1000.0,230.0,,72.59,2.0,,mint_condition,apartment,,central_heating,5.05,False,False,False,False,False,False,May19
115669805,Nordrhein_Westfalen,Recklinghausen_Kreis,Gladbeck,45968,379.0,659.0,151.0,129.0,66.0,3.5,1965.0,well_kept,apartment,,,3.34,False,True,False,True,False,False,Feb20
102734566,Sachsen,Chemnitz,Gablenz,9127,750.65,,246.39,,119.15,6.0,1968.0,,apartment,,district_heating,0.0,False,True,False,True,False,False,May19
107012946,Sachsen,Chemnitz,Kaßberg,9112,450.0,630.0,180.0,,84.59,3.0,1913.0,well_kept,,,central_heating,0.0,False,True,False,False,False,False,Sep18
109882368,Nordrhein_Westfalen,Düsseldorf,Stadtmitte,40211,810.0,970.0,160.0,,60.0,2.0,1972.0,mint_condition,apartment,D,central_heating,4.99,False,False,True,True,False,False,Feb20
98397513,Brandenburg,Frankfurt_Oder,Hansaviertel,15234,261.18,406.61,145.43,0.0,59.36,2.1,1973.0,,,B,,0.0,False,True,False,False,False,False,Feb20
115505718,Niedersachsen,Hannover,Ricklingen,30459,489.86,,175.14,55.0,69.98,3.0,1975.0,well_kept,raised_ground_floor,D,central_heating,2.96,False,True,True,True,False,False,Feb20
112896168,Sachsen_Anhalt,Halle_Saale,Nördliche_Neustadt,6122,267.0,412.0,65.0,80.0,59.09,3.0,1971.0,refurbished,apartment,C,,0.92,False,True,False,False,False,False,Oct19
106219829,Sachsen,Chemnitz,Zentrum,9111,355.0,493.5,138.5,,69.17,3.0,,mint_condition,roof_storey,,,0.0,False,True,False,True,False,False,Sep18
106830271,Baden_Württemberg,Heidenheim_Kreis,Heidenheim_an_der_Brenz,89518,522.0,704.0,91.0,91.0,69.59,3.0,1962.0,,apartment,,central_heating,4.17,False,True,False,False,False,False,Sep18
111383877,Nordrhein_Westfalen,Essen,Dellwig,45357,293.62,474.62,181.0,62.0,61.33,2.0,1971.0,,roof_storey,D,central_heating,3.95,False,False,False,False,False,False,May19
94098797,Nordrhein_Westfalen,Kleve_Kreis,Kleve,47533,490.0,640.0,130.0,,120.0,3.0,1959.0,,apartment,NO_INFORMATION,self_contained_central_heating,1.59,False,True,False,True,False,False,Sep18
104710670,Bayern,München,Bogenhausen,81675,1890.0,2220.0,330.0,,98.0,3.0,2007.0,,roof_storey,,gas_heating,5.56,False,False,True,True,False,True,Oct19
109142233,Nordrhein_Westfalen,Gelsenkirchen,Ückendorf,45886,375.0,,95.0,65.0,62.0,2.5,1908.0,,roof_storey,,central_heating,2.84,False,False,False,False,False,False,May19
113605371,Brandenburg,Märkisch_Oderland_Kreis,Fredersdorf_Vogelsdorf,15370,692.53,913.16,90.33,90.33,60.22,2.0,2019.0,,ground_floor,,,3.6,True,True,False,False,True,True,Oct19
111603773,Bayern,Regensburg,Westenviertel,93049,670.0,810.0,140.0,,61.0,2.0,1990.0,mint_condition,other,C,central_heating,4.09,False,True,False,True,False,False,Feb20
115510331,Baden_Württemberg,Böblingen_Kreis,Aidlingen,71134,850.0,1000.0,150.0,,75.0,2.5,2016.0,mint_condition,roof_storey,A_PLUS,heat_pump,5.86,False,True,False,False,False,True,Feb20
109001756,Sachsen,Plauen,Chrieschwitz,8529,270.0,453.0,86.0,97.0,69.0,4.0,1981.0,refurbished,apartment,,central_heating,0.92,False,True,False,True,False,False,May19
115507112,Nordrhein_Westfalen,Krefeld,Stadtmitte,47798,350.0,520.0,170.0,,55.0,2.0,1973.0,fully_renovated,apartment,F,district_heating,3.16,False,True,True,True,False,False,Feb20
73805810,Nordrhein_Westfalen,Wuppertal,Barmen,42281,482.98,,147.0,132.0,77.9,3.0,1976.0,modernized,apartment,,central_heating,2.97,False,True,True,True,False,False,Oct19
115064132,Sachsen,Leipzig,Südvorstadt,4275,999.0,1089.0,90.0,,89.0,3.0,1893.0,refurbished,apartment,NO_INFORMATION,self_contained_central_heating,4.24,False,True,False,False,True,True,Feb20
91455953,Baden_Württemberg,Bodenseekreis,Meersburg,88709,1000.0,1250.0,200.0,,97.0,3.5,1972.0,fully_renovated,apartment,,central_heating,5.43,False,True,True,True,False,True,Oct19
110365827,Niedersachsen,Hannover,List,3017,740.0,,115.0,,85.0,3.0,1953.0,well_kept,apartment,,gas_heating,4.35,False,True,False,True,False,True,May19
110787224,Nordrhein_Westfalen,Steinfurt_Kreis,Rheine,48429,625.0,,260.0,,110.0,3.0,1993.0,well_kept,maisonette,,gas_heating,5.0,False,True,False,True,False,False,May19
106044268,Mecklenburg_Vorpommern,Parchim_Kreis,Parchim,19370,396.0,530.0,134.0,,72.0,3.0,1996.0,well_kept,maisonette,,central_heating,1.85,False,False,False,True,False,True,Sep18
113436764,Berlin,Berlin,Wedding_Wedding,13353,1995.0,2440.0,190.0,140.0,115.0,4.0,1906.0,first_time_use,roof_storey,,,9.1,False,True,False,False,False,True,Oct19
114099852,Sachsen,Leipzig,Plagwitz,4229,1190.0,1406.0,216.0,,108.19,4.0,2019.0,first_time_use_after_refurbishment,,,district_heating,4.58,True,True,True,True,False,True,Feb20
92312920,Mecklenburg_Vorpommern,Güstrow_Kreis,Güstrow,18273,320.0,456.0,145.0,,61.0,3.0,1967.0,well_kept,apartment,,district_heating,1.92,False,True,False,True,False,False,Sep18
86824226,Sachsen,Leipzig,Anger_Crottendorf,4318,400.0,567.0,167.0,,72.81,2.0,,,ground_floor,,central_heating,4.92,False,True,True,True,False,False,Feb20
111407662,Nordrhein_Westfalen,Wuppertal,Barmen,42283,250.0,350.0,100.0,,39.0,1.0,1964.0,well_kept,apartment,,oil_heating,3.21,False,True,False,False,False,False,May19
111238437,Nordrhein_Westfalen,Gelsenkirchen,Ückendorf,45886,305.9,470.9,115.0,50.0,59.04,2.5,1992.0,,apartment,D,,2.84,False,True,False,True,False,False,May19
115218192,Sachsen_Anhalt,Halle_Saale,Nördliche_Neustadt,6122,267.48,429.86,67.84,94.54,55.61,3.0,1972.0,refurbished,apartment,,,1.1,False,False,True,True,False,False,Feb20
113487576,Sachsen,Zwickau_Kreis,Limbach_Oberfrohna,9212,362.34,477.34,66.0,49.0,60.39,3.0,1963.0,,apartment,,central_heating,0.56,False,False,False,False,False,False,Feb20
110191809,Sachsen,Meißen_Kreis,Riesa,1587,380.0,544.0,164.0,,80.48,3.0,1965.0,well_kept,other,,gas_heating,0.75,False,False,False,True,False,False,May19
111101178,Nordrhein_Westfalen,Mülheim_an_der_Ruhr,Heißen,45472,1000.0,1297.0,297.0,,94.0,3.0,,,maisonette,,floor_heating,3.16,False,True,True,True,True,True,May19
113756300,Berlin,Berlin,Dahlem_Zehlendorf,14195,1305.0,1765.0,460.0,,90.0,3.0,,,roof_storey,,central_heating,4.81,False,True,True,True,False,True,Oct19
112580635,Sachsen,Leipzig_Kreis,Bad_Lausick,4651,290.0,440.0,70.0,80.0,58.0,3.0,1962.0,well_kept,apartment,,,3.17,False,False,False,True,False,False,Oct19
109003428,Sachsen_Anhalt,Halle_Saale,Nördliche_Neustadt,6122,267.48,430.33,67.84,95.0,55.61,3.0,1972.0,refurbished,apartment,,central_heating,0.92,False,False,True,False,False,False,Oct19
113811395,Hessen,Marburg_Biedenkopf_Kreis,Fronhausen,35112,870.0,870.0,,,116.0,4.0,,first_time_use_after_refurbishment,other,,district_heating,0.97,False,False,False,True,False,True,Oct19
105881020,Nordrhein_Westfalen,Paderborn_Kreis,Paderborn,33100,415.0,500.0,85.0,,40.0,2.0,1977.0,mint_condition,ground_floor,C,central_heating,5.97,False,True,False,True,False,True,May19
107326799,Sachsen,Sächsische_Schweiz_Osterzgebirge_Kreis,Freital,1705,329.0,477.0,77.0,71.0,54.82,3.0,,refurbished,,,,1.64,False,False,False,False,False,False,Sep18
115298288,Sachsen,Dresden,Leubnitz_Neuostra,1217,595.0,805.0,210.0,,70.23,2.0,1999.0,,,,central_heating,1.32,False,True,False,True,False,False,Feb20
107318085,Sachsen,Görlitz,Südstadt,2826,250.0,300.0,50.0,,45.0,1.0,,,roof_storey,,self_contained_central_heating,1.79,False,False,False,False,False,True,Sep18
110944250,Bremen,Bremen,Neustadt,28199,532.0,643.0,58.0,53.0,48.32,2.0,1931.0,first_time_use_after_refurbishment,roof_storey,,central_heating,4.65,False,True,False,True,False,False,May19
114239893,Nordrhein_Westfalen,Wuppertal,Barmen,42283,500.0,750.0,250.0,,79.0,4.0,1928.0,fully_renovated,roof_storey,,central_heating,3.11,False,False,False,True,False,False,Feb20
76102496,Sachsen,Erzgebirgskreis,Annaberg_Buchholz,9456,495.0,700.0,205.0,,93.0,3.0,,refurbished,roof_storey,,central_heating,2.0,False,False,False,False,True,False,May19
114526538,Thüringen,Gera,Lusan_Brüte,7549,222.0,350.0,128.0,,61.53,3.0,1975.0,,apartment,,central_heating,2.28,False,True,False,True,False,False,Feb20
107390032,Brandenburg,Teltow_Fläming_Kreis,Luckenwalde,14943,286.92,437.92,151.0,70.0,47.82,1.0,1950.0,refurbished,,,combined_heat_and_power_plant,3.23,False,False,True,False,False,False,Sep18
113810451,Nordrhein_Westfalen,Mülheim_an_der_Ruhr,Mitte,45468,1284.0,1605.0,321.0,,128.0,4.0,2019.0,first_time_use,maisonette,,central_heating,3.07,True,True,True,False,False,False,Oct19
110441725,Mecklenburg_Vorpommern,Ostvorpommern_Kreis,Anklam,17389,400.0,480.0,80.0,0.0,68.91,3.0,1938.0,refurbished,apartment,,self_contained_central_heating,-1.54,False,False,False,False,False,False,May19
115620711,Bayern,Mühldorf_am_Inn_Kreis,Mühldorf_am_Inn,84453,530.0,,120.0,,63.32,2.0,,well_kept,,,oil_heating,4.83,False,True,True,True,False,False,Feb20
111306577,Nordrhein_Westfalen,Wesel_Kreis,Moers,47441,672.0,972.0,150.0,150.0,126.0,4.5,1979.0,well_kept,apartment,C,district_heating,2.83,False,True,False,True,False,False,May19
109688478,Sachsen,Bautzen_Kreis,Bautzen,2625,340.0,450.0,110.0,60.0,66.96,3.0,1922.0,,,E,,1.75,False,False,False,True,False,False,May19
110116463,Nordrhein_Westfalen,Unna_Kreis,Unna,59423,1100.0,1400.0,300.0,,108.0,4.5,2019.0,first_time_use,penthouse,,floor_heating,3.24,True,True,True,False,False,False,May19
112731606,Sachsen,Leipzig,Plagwitz,4229,472.5,652.5,82.5,82.5,75.0,3.0,1933.0,modernized,apartment,,district_heating,4.9,False,True,False,True,False,False,Oct19
110605866,Nordrhein_Westfalen,Mettmann_Kreis,Mettmann,40822,1236.0,1436.0,200.0,,103.28,4.0,2019.0,first_time_use,apartment,NO_INFORMATION,floor_heating,4.07,True,True,True,True,False,False,May19
110605294,Sachsen_Anhalt,Harz_Kreis,Halberstadt,38820,400.0,560.0,80.0,80.0,71.25,3.0,,,terraced_flat,,district_heating,0.75,False,False,False,False,False,False,Feb20
90831652,Nordrhein_Westfalen,Minden_Lübbecke_Kreis,Minden,32423,390.0,540.0,90.0,60.0,60.0,2.0,1868.0,negotiable,apartment,,central_heating,5.08,False,False,False,False,False,False,May19
112043912,Brandenburg,Barnim_Kreis,Eberswalde,16225,680.0,916.0,148.0,88.0,87.0,3.0,2019.0,mint_condition,apartment,C,gas_heating,4.27,True,True,True,True,True,False,Oct19
110858922,Brandenburg,Brandenburg_an_der_Havel,Neustadt,14776,316.43,416.43,55.0,45.0,41.0,2.0,1900.0,well_kept,,E,central_heating,4.84,False,True,False,True,False,False,May19
113662737,Bayern,Regensburg_Kreis,Wörth_an_der_Donau,93086,760.0,985.0,225.0,,95.4,3.0,2017.0,,ground_floor,,central_heating,2.6,False,False,True,False,True,False,Oct19
111290130,Hessen,Wetteraukreis,Bad_Nauheim,61231,795.0,985.0,190.0,,93.0,3.0,1993.0,fully_renovated,apartment,,central_heating,4.42,False,True,False,True,False,True,May19
113816954,Baden_Württemberg,Göppingen_Kreis,Albershausen,73095,390.0,490.0,100.0,,52.0,1.0,,,ground_floor,,,4.37,False,False,False,False,False,True,Oct19
113811429,Nordrhein_Westfalen,Rheinisch_Bergischer_Kreis,Bergisch_Gladbach,51429,1000.0,,250.0,,100.0,4.0,,well_kept,ground_floor,NO_INFORMATION,central_heating,3.8,False,True,False,True,True,False,Oct19
111390638,Hessen,Main_Taunus_Kreis,Kriftel,65830,900.0,,200.0,,89.79,2.5,,well_kept,apartment,,central_heating,3.85,False,True,False,True,False,True,May19
97001593,Sachsen,Chemnitz,Lutherviertel,9126,274.0,424.0,150.0,,68.5,3.0,1910.0,well_kept,apartment,C,central_heating,0.0,False,True,True,True,False,False,May19
113909202,Nordrhein_Westfalen,Herne,Baukau_Ost,44629,423.0,539.0,116.0,,66.02,2.5,1927.0,,apartment,,,2.33,False,False,False,True,False,False,Feb20
106759585,Sachsen,Leipzig,Paunsdorf,4328,302.5,412.5,110.0,,55.0,2.0,,,ground_floor,,central_heating,3.85,False,False,False,True,False,False,Sep18
114118639,Niedersachsen,Salzgitter,Lebenstedt,38226,260.0,416.0,156.0,,40.76,2.0,1953.0,well_kept,apartment,F,central_heating,1.32,False,False,False,True,False,False,Feb20
115662009,Mecklenburg_Vorpommern,Stralsund,Knieper_West,18435,277.53,417.53,140.0,90.0,50.46,2.0,1968.0,mint_condition,apartment,NO_INFORMATION,central_heating,1.97,False,True,False,False,False,False,Feb20
113527462,Hessen,Wiesbaden,Naurod,65207,860.0,860.0,,,101.0,4.0,,,roof_storey,,,1.63,False,True,False,True,False,False,Oct19
112772900,Sachsen,Chemnitz,Hilbersdorf,9131,138.0,214.0,76.0,,34.6,1.0,1935.0,,apartment,,,-0.2,False,False,False,True,False,False,Oct19
112789955,Nordrhein_Westfalen,Dortmund,Lindenhorst,44339,349.0,451.0,102.0,,39.36,2.5,1898.0,,roof_storey,,self_contained_central_heating,3.41,False,False,False,True,False,False,Oct19
115557302,Bayern,Ingolstadt,Nordost,85055,400.0,520.0,120.0,,24.0,1.0,2014.0,well_kept,apartment,,floor_heating,2.7,False,True,True,True,False,True,Feb20
113241313,Sachsen,Chemnitz,Hilbersdorf,9130,290.0,395.0,110.0,,52.2,2.0,2008.0,mint_condition,apartment,,central_heating,-0.2,False,True,False,True,False,False,Oct19
114294539,Mecklenburg_Vorpommern,Schwerin,Paulsstadt,19053,700.0,915.0,215.0,,93.5,3.0,1904.0,modernized,apartment,,,3.96,False,False,False,False,False,False,Feb20
115487812,Baden_Württemberg,Alb_Donau_Kreis,Blaustein,89134,1500.0,1750.0,250.0,,115.0,4.0,2007.0,well_kept,other,,floor_heating,4.76,False,True,True,True,False,True,Feb20
111005157,Hessen,Main_Taunus_Kreis,Sulzbach_Taunus,65843,1500.0,1750.0,250.0,,104.59,3.0,2019.0,first_time_use,roof_storey,,floor_heating,3.97,True,True,True,True,False,True,May19
110698933,Hessen,Kassel_Kreis,Fuldatal,34233,580.0,760.0,180.0,,84.0,3.0,2012.0,mint_condition,ground_floor,,central_heating,3.03,False,True,False,True,True,True,May19
115410034,Baden_Württemberg,Mannheim,Innenstadt_/_Jungbusch,68159,750.0,870.0,120.0,,55.0,2.0,1900.0,first_time_use_after_refurbishment,apartment,,central_heating,4.47,False,True,False,True,False,True,Feb20
111402677,Nordrhein_Westfalen,Düsseldorf,Bilk,40223,1050.0,1260.0,210.0,,63.0,2.0,2019.0,first_time_use,apartment,B,floor_heating,5.11,True,True,True,True,False,True,May19
40230612,Nordrhein_Westfalen,Bochum,Gleisdreieck,44787,276.0,390.0,59.0,55.0,30.0,1.0,1963.0,well_kept,apartment,,district_heating,4.48,False,False,True,False,False,True,May19
115196491,Sachsen_Anhalt,Magdeburg,Brückfeld,39114,337.8,469.8,66.0,66.0,60.0,3.0,1928.0,,,C,,2.53,False,True,False,False,False,False,Feb20
113154132,Sachsen,Dresden,Reick,1237,749.0,940.0,108.0,83.0,82.84,3.0,2019.0,first_time_use,apartment,,district_heating,1.3,True,True,False,False,False,False,Oct19
109532117,Sachsen,Mittelsachsen_Kreis,Döbeln,4720,279.0,409.0,130.0,,58.0,3.0,1985.0,mint_condition,apartment,,district_heating,0.0,False,False,False,True,False,False,May19
71227483,Schleswig_Holstein,Kiel,Wellsee,24145,375.0,485.0,55.0,55.0,45.0,1.5,1996.0,well_kept,apartment,,central_heating,1.56,False,True,False,True,False,True,Oct19
109777967,Nordrhein_Westfalen,Wesel_Kreis,Wesel,46483,1360.0,,360.0,120.0,143.0,4.0,2015.0,mint_condition,apartment,NO_INFORMATION,central_heating,2.56,False,True,True,True,False,False,May19
110766430,Sachsen,Leipzig,Reudnitz_Thonberg,4317,630.0,890.0,120.0,120.0,101.0,4.0,,well_kept,maisonette,,,5.8,False,False,False,False,False,False,May19
115267711,Sachsen,Plauen,Reinsdorf,8527,176.15,245.68,69.53,,38.63,2.0,1927.0,,ground_floor,,,3.57,False,False,False,True,False,False,Feb20
106896579,Niedersachsen,Stade_Kreis,Horneburg,21640,656.7,866.84,,,65.67,2.0,2019.0,first_time_use,apartment,B,combined_heat_and_power_plant,3.92,True,True,True,False,False,True,Sep18
95469398,Hessen,Marburg_Biedenkopf_Kreis,Marburg,35037,395.0,495.0,100.0,,40.6,2.0,1935.0,,,E,central_heating,1.49,False,True,False,True,True,False,Feb20
103940530,Sachsen,Leipzig_Kreis,Borna,4552,308.0,455.0,67.0,80.0,67.0,3.0,,refurbished,ground_floor,,central_heating,1.79,False,False,False,True,False,False,Sep18
115238353,Thüringen,Kyffhäuserkreis,Bad_Frankenhausen/Kyffhäuser,6567,130.0,195.0,65.0,,23.38,1.0,1980.0,well_kept,apartment,C,district_heating,2.04,False,False,False,True,False,False,Feb20
103328451,Sachsen,Leipzig,Zentrum_Ost,4103,1000.0,1260.0,260.0,,119.0,3.0,1900.0,refurbished,maisonette,,floor_heating,5.13,False,True,True,True,True,True,Oct19
105465141,Nordrhein_Westfalen,Duisburg,Wanheimerort,47055,210.0,311.0,101.0,35.0,35.0,1.5,1955.0,well_kept,apartment,,central_heating,3.28,False,False,False,True,True,False,Oct19
103811830,Sachsen,Zwickau_Kreis,Crimmitschau,8451,288.0,454.0,166.0,,72.0,3.0,,,raised_ground_floor,,central_heating,0.97,False,False,False,False,False,False,Feb20
64885329,Bayern,Aichach_Friedberg_Kreis,Mering,86415,1150.0,1350.0,200.0,,127.0,6.0,2012.0,well_kept,maisonette,,central_heating,7.06,False,True,False,False,False,False,Sep18
108817019,Baden_Württemberg,Mannheim,Innenstadt_/_Jungbusch,68159,490.0,590.0,100.0,,30.0,1.0,1984.0,fully_renovated,apartment,,district_heating,4.47,False,False,True,False,False,True,Feb20
115696766,Nordrhein_Westfalen,Mönchengladbach,Eicken,41063,510.0,710.0,200.0,,75.0,3.0,1959.0,modernized,apartment,,central_heating,3.5,False,True,False,True,True,True,Feb20
113516422,Bayern,Landsberg_am_Lech_Kreis,Landsberg_am_Lech,86899,695.0,845.0,150.0,,54.68,2.0,2017.0,first_time_use,apartment,,district_heating,4.07,False,True,True,True,False,False,Oct19
111367409,Brandenburg,Brandenburg_an_der_Havel,Altstadt,14770,300.0,430.0,130.0,,45.5,2.0,1908.0,refurbished,apartment,,central_heating,6.08,False,False,False,True,False,False,May19
113288914,Sachsen,Meißen_Kreis,Großenhain,1558,305.0,458.0,122.0,,61.0,2.0,1995.0,well_kept,ground_floor,C,district_heating,1.26,False,True,False,True,False,False,Oct19
115596164,Niedersachsen,Hannover_Kreis,Ronnenberg,30952,640.0,784.0,84.0,60.0,83.0,2.0,1996.0,,apartment,,,4.32,False,True,False,True,True,True,Feb20
106664319,Sachsen,Leipzig,Möckern,4159,500.0,670.0,170.0,,74.17,3.0,1914.0,refurbished,apartment,,central_heating,4.76,False,True,False,True,True,False,Sep18
110774348,Sachsen,Mittelsachsen_Kreis,Taura,9217,320.0,450.0,130.0,,64.15,2.0,,modernized,,,,0.0,False,True,False,False,False,False,May19
114683009,Hessen,Kassel,Bettenhausen,34123,450.0,,90.0,,55.0,2.0,,,apartment,,,1.32,False,False,False,True,False,True,Feb20
115639612,Nordrhein_Westfalen,Hochsauerlandkreis,Meschede,59872,265.0,360.0,95.0,,57.0,2.0,1961.0,,maisonette,,central_heating,3.11,False,True,False,True,True,False,Feb20
103479956,Bayern,Fürth,Südstadt,90763,1270.0,1720.0,450.0,,161.0,4.0,1960.0,well_kept,apartment,,central_heating,5.01,False,True,True,False,False,False,Oct19
105294055,Niedersachsen,Hameln_Pyrmont_Kreis,Bad_Pyrmont,31812,250.0,350.0,50.0,50.0,45.0,2.0,,well_kept,apartment,,central_heating,5.66,False,True,False,False,False,False,Sep18
110065287,Baden_Württemberg,Bodenseekreis,Tettnang,88069,840.0,1020.0,180.0,,98.0,3.5,1971.0,well_kept,apartment,,central_heating,3.03,False,True,False,True,False,False,May19
115689096,Sachsen,Görlitz_Kreis,Zittau,2763,315.0,365.0,50.0,,70.0,2.0,1911.0,,,,self_contained_central_heating,1.72,False,False,False,False,False,False,Feb20
109334066,Niedersachsen,Osterode_am_Harz_Kreis,Bad_Sachsa,37441,200.0,,,,40.0,2.0,,,roof_storey,,central_heating,4.26,False,False,False,False,False,False,May19
90991315,Hessen,Rheingau_Taunus_Kreis,Schlangenbad,65388,750.0,930.0,180.0,,84.0,4.0,1910.0,first_time_use_after_refurbishment,apartment,,central_heating,2.86,False,True,False,True,False,True,Feb20
108967944,Sachsen_Anhalt,Harz_Kreis,Blankenburg_Harz,38889,295.0,395.0,100.0,,59.0,2.0,1900.0,refurbished,apartment,,,1.82,False,False,True,True,False,False,May19
103763668,Sachsen,Mittelsachsen_Kreis,Hainichen,9661,375.0,375.0,85.0,,90.5,3.0,,refurbished,ground_floor,,self_contained_central_heating,0.0,False,False,False,False,True,False,May19
103948674,Baden_Württemberg,Waldshut_Kreis,Laufenburg_Baden,79725,950.0,1090.0,140.0,,114.0,4.0,1980.0,,roof_storey,,wood_pellet_heating,3.66,False,True,False,True,False,True,May19
115335728,Hessen,Groß_Gerau_Kreis,Bischofsheim,65474,770.0,920.0,150.0,,64.0,2.0,,mint_condition,ground_floor,,,4.67,False,True,False,True,False,False,Feb20
61436450,Rheinland_Pfalz,Kaiserslautern_Kreis,Trippstadt,67705,230.0,290.0,60.0,,21.0,1.0,1998.0,fully_renovated,apartment,,floor_heating,1.79,False,False,False,True,False,True,Feb20
113794889,Nordrhein_Westfalen,Essen,Kray,45309,650.0,875.0,225.0,,98.0,2.5,1970.0,fully_renovated,apartment,,central_heating,3.07,False,True,False,True,False,True,Oct19
111391235,Sachsen,Leipzig,Lausen_Grünau,4207,214.0,303.0,25.0,64.0,35.74,1.0,1984.0,fully_renovated,apartment,,central_heating,4.45,False,True,False,True,False,False,May19
113265641,Bremen,Bremerhaven,Geestemünde,27570,492.0,791.0,179.0,120.0,107.0,3.0,1930.0,first_time_use_after_refurbishment,ground_floor,,central_heating,3.26,False,False,False,True,False,True,Oct19
112977208,Nordrhein_Westfalen,Gelsenkirchen,Horst,45899,358.15,573.15,147.0,68.0,55.1,3.0,1956.0,,ground_floor,H,central_heating,2.24,False,False,False,True,False,False,Oct19
104642405,Rheinland_Pfalz,Donnersbergkreis,Rockenhausen,67808,300.0,380.0,80.0,,43.0,2.0,1960.0,fully_renovated,apartment,,central_heating,3.33,False,False,False,True,True,True,Sep18
103773465,Sachsen,Bautzen_Kreis,Wittichenau,2997,327.86,477.86,75.0,75.0,59.61,3.0,1990.0,refurbished,,,central_heating,1.75,False,False,False,True,False,False,Sep18
114830823,Bayern,Main_Spessart_Kreis,Marktheidenfeld,97828,945.0,1165.0,220.0,,71.3,1.5,,first_time_use,penthouse,,heat_pump,4.62,False,True,True,True,False,False,Feb20
112093323,Sachsen_Anhalt,Burgenlandkreis,Weißenfels,6667,280.0,400.0,120.0,,56.0,2.0,,refurbished,,,central_heating,0.19,False,False,False,True,False,False,Feb20
111373640,Hamburg,Hamburg,Altengamme,21039,875.0,1075.0,105.0,65.0,80.5,3.0,2019.0,first_time_use,roof_storey,,floor_heating,5.36,True,True,False,False,False,True,May19
109003586,Sachsen_Anhalt,Börde_Kreis,Wefensleben,39365,339.36,494.9,56.56,98.98,70.7,4.0,1949.0,fully_renovated,apartment,,central_heating,2.04,False,True,False,False,False,False,May19
107346522,Bayern,München,Ludwigsvorstadt_Isarvorstadt,80337,1880.0,2130.0,250.0,,98.0,3.0,,well_kept,apartment,,,7.43,False,True,False,True,False,True,Sep18
114699675,Berlin,Berlin,Tiergarten_Tiergarten,10557,1730.2,2020.99,193.86,96.93,96.93,3.0,2019.0,first_time_use,ground_floor,B,district_heating,7.56,True,True,True,True,False,True,Feb20
106774450,Baden_Württemberg,Stuttgart,West,70176,1540.0,,250.0,,79.0,3.0,2018.0,,,B,district_heating,9.33,True,True,True,True,False,True,Sep18
106667682,Hessen,Gießen_Kreis,Gießen,35390,790.0,980.0,190.0,,72.0,2.0,1992.0,well_kept,roof_storey,,,2.38,False,True,True,True,False,True,Sep18
115437496,Hessen,Main_Kinzig_Kreis,Gelnhausen,63571,790.0,980.0,150.0,,71.76,2.0,2020.0,first_time_use,,,central_heating,3.97,True,True,True,True,False,False,Feb20
111708256,Nordrhein_Westfalen,Wesel_Kreis,Wesel,46483,370.0,370.0,0.0,,55.0,2.5,1953.0,refurbished,apartment,E,self_contained_central_heating,2.52,False,True,False,True,False,False,Oct19
38659039,Brandenburg,Oberhavel_Kreis,Oranienburg,16515,548.0,738.0,60.0,130.0,84.34,4.0,1899.0,modernized,roof_storey,,central_heating,8.33,False,False,False,False,True,False,Feb20
114029695,Thüringen,Gotha_Kreis,Gotha,99867,326.49,484.68,158.19,,52.66,3.0,1976.0,,,,central_heating,2.56,False,True,False,True,False,False,Feb20
115692924,Berlin,Berlin,Neukölln_Neukölln,12051,1392.0,1753.0,213.0,148.0,92.0,3.0,2018.0,first_time_use,apartment,,floor_heating,9.29,False,True,True,True,False,True,Feb20
113786941,Bayern,München,Forstenried,81477,1540.0,1640.0,100.0,,111.0,3.5,1982.0,well_kept,maisonette,NO_INFORMATION,self_contained_central_heating,5.19,False,True,False,True,False,True,Oct19
115673737,Baden_Württemberg,Mannheim,Neckarstadt_Ost_/_Wohlgelegen,68169,600.0,730.0,130.0,,63.0,2.0,,,apartment,,,4.08,False,True,False,True,False,True,Feb20
75996529,Hessen,Frankfurt_am_Main,Riedberg,60438,1310.0,1590.0,220.0,,97.0,3.0,2013.0,mint_condition,maisonette,,district_heating,,False,True,False,True,False,True,Sep18
113624857,Brandenburg,Elbe_Elster_Kreis,Finsterwalde,3238,340.0,475.0,135.0,,57.3,2.0,1936.0,,roof_storey,,gas_heating,1.5,False,False,False,True,False,True,Oct19
114777049,Sachsen,Zwickau,Eckersbacher_Höhe_E5/1,8066,383.0,546.0,163.0,,71.0,3.0,1982.0,refurbished,other,C,district_heating,0.21,False,True,False,True,False,False,Feb20
106828580,Bayern,Freising_Kreis,Freising,85354,1150.0,1395.0,245.0,,69.0,2.0,2018.0,first_time_use,apartment,,central_heating,5.12,True,True,True,True,False,True,Sep18
107551407,Nordrhein_Westfalen,Hagen,Altenhagen,58097,310.0,470.0,90.0,70.0,59.0,3.0,1959.0,,ground_floor,D,oil_heating,1.75,False,False,False,True,False,False,Feb20
85389643,Sachsen_Anhalt,Magdeburg,Sudenburg,39112,265.0,370.0,105.0,,43.0,2.0,,refurbished,apartment,,central_heating,1.69,False,False,False,True,False,True,Sep18
106597669,Nordrhein_Westfalen,Gelsenkirchen,Scholven,45896,299.46,499.64,120.0,80.0,66.0,3.0,1964.0,well_kept,,,central_heating,3.7,False,True,False,True,True,False,Sep18
110793794,Sachsen_Anhalt,Anhalt_Bitterfeld_Kreis,Brehna,6796,370.0,525.0,155.0,,61.91,2.0,1995.0,first_time_use_after_refurbishment,other,,central_heating,1.69,False,False,False,True,False,False,May19
106913489,Nordrhein_Westfalen,Rheinisch_Bergischer_Kreis,Overath,51491,450.0,540.0,90.0,,63.0,3.0,,,apartment,,night_storage_heater,4.29,False,True,False,True,False,False,Sep18
103758927,Nordrhein_Westfalen,Bielefeld,Innenstadt,33615,450.0,690.0,240.0,,50.0,2.0,,mint_condition,apartment,,central_heating,4.17,False,False,False,True,False,True,May19
108245267,Sachsen,Plauen,Hofer_Vorstadt,8527,400.0,540.0,140.0,,80.0,3.0,1933.0,,,,central_heating,4.37,False,True,False,True,False,False,May19
113264615,Mecklenburg_Vorpommern,Neubrandenburg,Reitbahnviertel,17034,254.0,404.0,150.0,56.0,62.16,3.0,1985.0,modernized,,C,district_heating,-0.76,False,True,False,False,False,False,Feb20
70145320,Bremen,Bremerhaven,Geestemünde,27570,310.0,,100.0,,53.5,2.0,1955.0,modernized,apartment,,self_contained_central_heating,1.85,False,True,False,True,False,True,Feb20
115202825,Niedersachsen,Salzgitter,Flachstöckheim,38259,333.0,552.0,146.0,73.0,66.51,2.0,1722.0,fully_renovated,raised_ground_floor,,gas_heating,2.81,False,False,False,True,False,False,Feb20
115635204,Bayern,Aschaffenburg_Kreis,Alzenau,63755,700.0,900.0,100.0,100.0,65.0,2.0,1960.0,well_kept,roof_storey,,central_heating,5.25,False,True,False,False,False,True,Feb20
112375072,Brandenburg,Märkisch_Oderland_Kreis,Bad_Freienwalde_Oder,16259,264.0,375.0,55.0,55.0,44.0,1.0,2001.0,fully_renovated,apartment,NO_INFORMATION,central_heating,2.43,False,True,False,True,False,False,Oct19
105770630,Nordrhein_Westfalen,Neuss_Rhein_Kreis,Grevenbroich,41516,438.0,587.0,149.0,54.0,67.0,3.0,1965.0,,,,gas_heating,4.29,False,False,False,True,False,False,Sep18
104001665,Hessen,Wiesbaden,Südost,65189,1580.0,2058.0,198.0,100.0,132.6,3.0,2012.0,mint_condition,maisonette,,floor_heating,3.77,False,True,False,True,False,False,Sep18
113865929,Baden_Württemberg,Mannheim,Innenstadt_/_Jungbusch,68159,360.0,450.0,90.0,,23.0,1.0,,mint_condition,apartment,,district_heating,4.94,False,False,True,False,False,True,Oct19
105469897,Brandenburg,Cottbus,Spremberger_Vorstadt,3048,783.31,999.12,215.81,,79.7,2.0,2018.0,first_time_use,,,district_heating,0.87,True,True,True,False,False,False,Sep18
110273873,Nordrhein_Westfalen,Gelsenkirchen,Horst,45899,374.0,490.0,79.0,37.0,49.64,3.0,1951.0,,ground_floor,,central_heating,1.75,False,False,False,True,False,False,May19
113805494,Nordrhein_Westfalen,Oberbergischer_Kreis,Marienheide,51709,190.0,,50.0,50.0,20.0,1.0,,,other,,central_heating,3.02,False,False,False,False,False,True,Oct19
113678248,Sachsen_Anhalt,Magdeburg,Neu_Olvenstedt,39130,268.99,420.86,151.87,53.8,56.04,2.0,1983.0,,apartment,C,gas_heating,2.4,False,True,True,True,False,False,Oct19
114560002,Niedersachsen,Osterholz_Kreis,Lilienthal,28865,1050.0,,300.0,,110.0,3.0,2019.0,first_time_use,,B,district_heating,3.47,True,True,True,False,False,False,Feb20
113645732,Sachsen,Meißen_Kreis,Riesa,1589,233.0,,100.0,,47.45,2.0,1950.0,well_kept,apartment,,central_heating,0.74,False,False,False,True,False,False,Feb20
113816016,Berlin,Berlin,Charlottenburg_Charlottenburg,10589,1029.0,,108.92,72.61,72.61,2.0,1900.0,first_time_use_after_refurbishment,ground_floor,NO_INFORMATION,central_heating,6.83,False,True,False,True,False,True,Oct19
110914825,Berlin,Berlin,Charlottenburg_Charlottenburg,10789,4500.0,5220.0,720.0,,199.0,4.0,2004.0,first_time_use,penthouse,,floor_heating,8.89,False,True,True,False,False,True,May19
110315251,Niedersachsen,Harburg_Kreis,Buchholz_in_der_Nordheide,21244,510.0,,150.0,,57.0,2.0,1957.0,,ground_floor,H,central_heating,4.08,False,True,False,False,False,True,May19
109387472,Hessen,Main_Kinzig_Kreis,Maintal,63477,615.0,,220.0,,70.0,3.0,1965.0,mint_condition,apartment,,,4.76,False,True,False,True,False,False,May19
107323934,Nordrhein_Westfalen,Bochum,Kruppwerke,44793,439.0,549.0,110.0,,56.0,2.0,,,apartment,,gas_heating,4.48,False,False,False,True,False,False,Sep18
104894673,Sachsen_Anhalt,Halle_Saale,Westliche_Neustadt,6124,251.0,443.0,88.0,104.0,54.47,3.0,1967.0,fully_renovated,,,central_heating,3.92,False,False,True,True,False,False,Sep18
107375042,Sachsen,Chemnitz,Hilbersdorf,9131,297.0,417.0,120.0,,59.4,2.0,1894.0,well_kept,,,self_contained_central_heating,0.0,False,True,False,True,True,False,Sep18
111276025,Baden_Württemberg,Neckar_Odenwald_Kreis,Höpfingen,74746,290.0,350.0,60.0,,43.0,1.5,,,other,,,4.14,False,False,False,True,False,True,May19
115693430,Sachsen,Leipzig_Kreis,Borna,4552,216.0,336.0,60.0,60.0,46.5,2.0,1977.0,refurbished,apartment,,district_heating,2.76,False,False,False,True,False,False,Feb20
107321724,Bayern,München,Nymphenburg,80635,1400.0,1550.0,150.0,,62.0,2.0,2017.0,mint_condition,loft,,floor_heating,7.41,True,False,True,True,True,True,Sep18
115526748,Nordrhein_Westfalen,Bochum,Westenfeld,44867,1100.0,1400.0,150.0,150.0,160.0,4.5,,,,,central_heating,4.19,False,False,False,True,False,True,Feb20
115514691,Sachsen_Anhalt,Anhalt_Bitterfeld_Kreis,Gröbzig,6388,290.0,,100.0,,50.0,2.0,,well_kept,apartment,,,1.74,False,False,False,False,False,False,Feb20
106782065,Hamburg,Hamburg,Eppendorf,20249,1799.4,2094.4,155.0,140.0,120.0,4.0,1968.0,well_kept,roof_storey,,,6.72,False,True,False,False,False,True,Sep18
112907721,Nordrhein_Westfalen,Düsseldorf,Düsseltal,40239,780.0,945.0,165.0,,65.1,2.0,1956.0,fully_renovated,roof_storey,,central_heating,4.57,False,True,True,True,False,False,Oct19
95324163,Baden_Württemberg,Freiburg_im_Breisgau,Stühlinger,79106,1377.0,1739.0,217.0,,98.36,3.0,2017.0,mint_condition,penthouse,A,floor_heating,4.63,False,True,True,True,False,True,Oct19
109240732,Berlin,Berlin,Hellersdorf_Hellersdorf,12627,659.0,885.0,226.0,134.0,76.6,3.0,1996.0,modernized,apartment,C,district_heating,8.62,False,True,False,True,False,True,May19
113685466,Niedersachsen,Wittmund_Kreis,Esens,26427,700.0,828.0,128.0,,83.07,3.0,2019.0,,ground_floor,A,,5.83,True,False,False,False,False,False,Oct19
111373876,Brandenburg,Havelland_Kreis,Falkensee,14612,722.0,922.0,100.0,100.0,80.0,2.0,,well_kept,apartment,NO_INFORMATION,gas_heating,5.44,False,False,False,True,False,True,May19
92806654,Brandenburg,Cottbus,Sachsendorf,3050,420.0,648.0,228.0,,78.45,2.0,1980.0,well_kept,ground_floor,,central_heating,2.0,False,True,True,True,False,False,May19
115688731,Sachsen,Leipzig,Lausen_Grünau,4207,470.0,671.0,201.0,105.0,86.89,4.0,1980.0,first_time_use_after_refurbishment,roof_storey,C,district_heating,3.8,False,False,False,False,False,False,Feb20
113850971,Hessen,Wetteraukreis,Rockenberg,35519,650.0,860.0,210.0,,93.0,3.0,1993.0,well_kept,apartment,NO_INFORMATION,central_heating,4.89,False,True,False,True,False,True,Oct19
111045631,Nordrhein_Westfalen,Siegen_Wittgenstein_Kreis,Siegen,57078,650.0,750.0,100.0,,60.0,2.0,2019.0,mint_condition,roof_storey,,gas_heating,2.61,True,True,False,True,False,False,May19
82556120,Nordrhein_Westfalen,Düsseldorf,Unterrath,40468,420.0,510.0,50.0,40.0,35.0,1.0,1957.0,well_kept,apartment,,central_heating,4.26,False,False,False,True,False,False,Oct19
113007147,Niedersachsen,Osnabrück,Weststadt,49078,730.0,930.0,200.0,,85.0,3.0,,first_time_use_after_refurbishment,maisonette,,gas_heating,4.18,False,True,False,True,False,False,Oct19
88561153,Bayern,München,Schwabing,80805,725.0,800.0,75.0,,29.0,1.0,,mint_condition,raised_ground_floor,,night_storage_heater,5.59,False,True,False,True,False,True,Feb20
114138572,Thüringen,Unstrut_Hainich_Kreis,Mühlhausen/Thüringen,99974,320.0,456.0,136.0,,68.4,2.0,,,roof_storey,,,2.68,False,False,False,False,False,False,Feb20
110950994,Sachsen,Mittelsachsen_Kreis,Hainichen,9661,260.0,440.0,180.0,,53.96,2.0,1993.0,well_kept,,,central_heating,0.81,False,False,False,True,False,False,May19
111248457,Bayern,München,Trudering,81827,1400.0,1625.0,225.0,,86.0,3.0,,well_kept,terraced_flat,NO_INFORMATION,,6.25,False,True,False,True,False,True,May19
115628267,Niedersachsen,Braunschweig,Lehndorf_Watenbüttel,38116,337.69,476.69,139.0,55.0,45.08,1.0,1968.0,fully_renovated,apartment,,district_heating,0.0,False,True,False,True,False,False,Feb20
115522228,Baden_Württemberg,Rhein_Neckar_Kreis,Walldorf,69190,1050.0,1300.0,200.0,,104.0,4.0,2009.0,well_kept,terraced_flat,,central_heating,4.28,False,True,True,True,True,True,Feb20
106047739,Schleswig_Holstein,Pinneberg_Kreis,Elmshorn,25337,239.0,349.0,100.0,,28.0,1.0,1992.0,well_kept,roof_storey,B,central_heating,4.05,False,False,False,False,False,True,Sep18
115097185,Bayern,Landshut,Wolfgang,84032,716.0,854.0,72.0,66.0,55.67,1.0,1953.0,,roof_storey,C,central_heating,1.85,False,True,False,False,False,False,Feb20
105852389,Sachsen,Bautzen_Kreis,Doberschau_Gaußig,2692,310.0,430.0,120.0,,64.0,2.0,1996.0,,half_basement,,central_heating,1.85,False,True,False,False,False,False,Sep18
107301697,Baden_Württemberg,Ortenaukreis,Kappelrodeck,77876,1275.0,1495.0,220.0,,148.0,4.0,2012.0,,,,,4.69,False,False,False,False,False,False,Sep18
60421215,Hessen,Rheingau_Taunus_Kreis,Niedernhausen,65527,600.0,800.0,200.0,,64.0,2.0,1988.0,fully_renovated,ground_floor,E,central_heating,4.82,False,True,False,True,True,False,May19
110616450,Nordrhein_Westfalen,Dortmund,Huckarde,44369,479.0,625.0,116.0,30.0,60.81,3.5,1965.0,,apartment,,central_heating,4.23,False,True,False,True,False,False,May19
111011084,Bayern,Regensburg,Westenviertel,93049,1268.82,1524.4,255.58,54.38,90.63,3.0,2019.0,first_time_use,ground_floor,,central_heating,5.61,True,True,True,True,False,False,May19
115353973,Nordrhein_Westfalen,Gelsenkirchen,Erle,45891,420.0,611.0,191.0,80.0,75.0,3.5,1962.0,,apartment,NO_INFORMATION,district_heating,2.08,False,True,False,True,False,False,Feb20
115097147,Bremen,Bremen,Woltmershausen,28197,400.82,542.82,106.0,36.0,58.09,3.0,1965.0,,ground_floor,E,central_heating,2.66,False,True,False,True,False,False,Feb20
94782463,Rheinland_Pfalz,Bad_Kreuznach_Kreis,Neu_Bamberg,55546,400.0,,,,64.54,2.5,1996.0,,,D,central_heating,1.67,False,False,False,False,False,False,Sep18
109302974,Sachsen,Dresden,Hosterwitz/Pillnitz,1326,840.0,1040.0,200.0,,87.7,2.0,1937.0,fully_renovated,roof_storey,,,1.37,False,True,False,True,False,False,May19
115598622,Nordrhein_Westfalen,Köln,Lindenthal,50931,695.0,850.0,100.0,55.0,43.5,1.0,1952.0,first_time_use_after_refurbishment,half_basement,,central_heating,4.38,False,False,False,False,False,False,Feb20
94636016,Sachsen,Chemnitz,Kapellenberg,9119,196.0,283.0,87.0,,43.57,1.0,1995.0,well_kept,apartment,C,central_heating,-1.85,False,False,True,True,False,True,May19
115568943,Nordrhein_Westfalen,Gütersloh_Kreis,Steinhagen,33803,484.0,614.0,130.0,,65.05,3.0,1977.0,mint_condition,roof_storey,E,oil_heating,2.17,False,True,False,True,False,True,Feb20
114937972,Baden_Württemberg,Waldshut_Kreis,Waldshut_Tiengen,79761,1100.0,,,,140.0,4.0,,,apartment,,gas_heating,1.44,False,True,False,False,False,True,Feb20
110366023,Hessen,Gießen_Kreis,Fernwald,35463,245.0,335.0,90.0,,27.03,1.0,1973.0,well_kept,,D,district_heating,2.44,False,True,False,True,False,False,Feb20
115697677,Baden_Württemberg,Freiburg_im_Breisgau,Neuburg,79104,500.0,650.0,100.0,,22.0,1.0,,,apartment,,,5.93,False,True,False,True,False,True,Feb20
110230445,Sachsen_Anhalt,Halle_Saale,Südstadt,6128,333.0,393.0,60.0,,49.59,2.0,1961.0,modernized,apartment,,self_contained_central_heating,4.01,False,True,False,False,False,False,May19
113763278,Nordrhein_Westfalen,Bochum,Höntrop,44869,345.0,672.0,216.0,111.0,76.0,3.0,1976.0,well_kept,apartment,E,floor_heating,3.84,False,True,True,True,False,False,Oct19
107347471,Rheinland_Pfalz,Mainz,Marienborn,55127,425.0,555.0,130.0,,31.0,1.0,,,other,,,3.16,False,True,True,True,False,True,Sep18
111268005,Hessen,Waldeck_Frankenberg_Kreis,Diemelstadt,34474,800.0,950.0,150.0,,200.0,5.0,1997.0,well_kept,terraced_flat,,gas_heating,1.98,False,True,False,True,True,False,May19
115678730,Baden_Württemberg,Breisgau_Hochschwarzwald_Kreis,Ehrenkirchen,79238,590.0,710.0,120.0,,45.0,2.0,2019.0,first_time_use,apartment,,floor_heating,2.93,True,True,True,True,False,True,Feb20
113809071,Baden_Württemberg,Ostalbkreis,Oberkochen,73447,570.0,,150.0,,57.0,2.5,1965.0,,,C,central_heating,2.93,False,True,False,False,False,True,Oct19
113554791,Baden_Württemberg,Heidelberg,Neuenheim,69121,1050.0,1300.0,250.0,,89.0,2.5,1979.0,,penthouse,E,central_heating,5.16,False,True,True,True,False,False,Oct19
111378153,Baden_Württemberg,Baden_Baden,Innenstadt,76530,970.0,1110.0,140.0,,69.0,3.0,,,apartment,,,4.99,False,False,False,False,False,False,May19
110309253,Sachsen_Anhalt,Halle_Saale,Silberhöhe,6132,173.0,277.0,104.0,54.0,41.19,2.0,1982.0,well_kept,apartment,,district_heating,3.68,False,False,False,False,False,False,May19
113803087,Sachsen_Anhalt,Burgenlandkreis,Naumburg_Saale,6618,347.7,453.2,105.5,,57.0,3.0,,well_kept,apartment,E,central_heating,1.68,False,False,False,True,True,False,Feb20
112962900,Niedersachsen,Hannover,Bemerode,30539,337.0,449.5,112.5,,22.5,1.0,2019.0,first_time_use,apartment,,central_heating,3.14,True,False,False,False,False,True,Feb20
113144883,Hamburg,Hamburg,Barmbek_Nord,22297,1100.0,1300.0,200.0,,72.9,2.0,2019.0,first_time_use,apartment,B,district_heating,5.98,True,True,True,True,False,True,Feb20
104438460,Brandenburg,Märkisch_Oderland_Kreis,Wriezen,16269,322.0,447.0,65.0,60.0,58.54,3.0,1975.0,refurbished,apartment,,district_heating,3.77,False,True,False,True,False,False,Sep18
113564902,Nordrhein_Westfalen,Mettmann_Kreis,Velbert,42551,560.0,690.0,130.0,,85.0,3.0,1930.0,fully_renovated,apartment,,self_contained_central_heating,3.64,False,False,False,True,True,False,Oct19
90609995,Bayern,Kelheim_Kreis,Kelheim,93309,688.0,848.0,130.0,,83.0,3.0,2010.0,mint_condition,apartment,,central_heating,5.56,False,True,False,True,False,False,Sep18
107371774,Hessen,Gießen_Kreis,Wettenberg,35435,785.0,,85.0,75.0,90.0,3.0,2014.0,mint_condition,ground_floor,A,self_contained_central_heating,1.41,False,True,False,False,True,True,Sep18
111221383,Bayern,Nürnberger_Land_Kreis,Lauf_an_der_Pegnitz,91207,950.0,1055.0,105.0,,90.0,4.0,1905.0,modernized,apartment,D,gas_heating,3.6,False,True,False,False,False,False,May19
112997405,Bayern,Augsburg_Kreis,Königsbrunn,86343,790.0,990.0,200.0,,82.0,3.0,1983.0,mint_condition,apartment,,central_heating,5.04,False,True,False,True,True,True,Feb20
111354759,Thüringen,Nordhausen_Kreis,Nordhausen,99734,213.75,313.0,45.0,45.0,42.73,2.0,1952.0,,other,,,0.17,False,False,False,False,False,False,May19
111388942,Hessen,Darmstadt,Bessungen,64285,1250.0,1450.0,200.0,,120.0,5.0,,,apartment,,,5.2,False,False,False,True,False,False,May19
113099870,Nordrhein_Westfalen,Wesel_Kreis,Moers,47441,622.0,922.0,200.0,,77.0,3.0,,well_kept,apartment,,,2.31,False,True,True,True,False,True,Oct19
102912224,Niedersachsen,Wolfsburg,Hageberg,38440,790.0,970.0,140.0,100.0,90.1,4.0,1956.0,well_kept,apartment,NO_INFORMATION,self_contained_central_heating,,False,True,False,True,False,False,May19
113393629,Nordrhein_Westfalen,Höxter_Kreis,Höxter,37671,390.0,,60.0,80.0,89.0,4.0,1968.0,well_kept,apartment,,central_heating,3.89,False,True,False,True,True,False,Oct19
115411878,Nordrhein_Westfalen,Solingen,Ohligs/Aufderhöhe/Merscheid,42697,555.0,,240.0,80.0,82.0,2.0,1974.0,,apartment,,,3.85,False,False,True,False,False,False,Feb20
103274859,Sachsen,Sächsische_Schweiz_Osterzgebirge_Kreis,Pirna,1796,312.48,462.22,87.89,61.85,65.1,3.0,1956.0,well_kept,apartment,D,central_heating,1.59,False,False,False,True,False,False,Sep18
113573217,Hessen,Marburg_Biedenkopf_Kreis,Marburg,35039,715.28,867.28,152.0,,70.61,4.0,1956.0,,apartment,,self_contained_central_heating,1.52,False,True,False,True,False,False,Oct19
109003594,Sachsen_Anhalt,Salzlandkreis,Schönebeck_Elbe,39218,274.62,444.06,52.58,116.86,58.43,3.0,1988.0,fully_renovated,apartment,,central_heating,1.48,False,False,False,False,False,False,Oct19
110909477,Sachsen,Dresden,Striesen_Süd,1309,455.0,604.0,78.0,71.0,58.22,3.0,1974.0,,ground_floor,C,central_heating,2.5,False,True,False,True,False,False,May19
89348280,Sachsen,Chemnitz,Hilbersdorf,9131,265.0,378.0,113.0,,51.53,2.0,,fully_renovated,,,central_heating,0.0,False,False,False,True,False,True,Sep18
113715629,Bayern,Würzburg,Frauenland,97074,953.0,1108.0,155.0,,89.0,3.5,,first_time_use_after_refurbishment,apartment,,self_contained_central_heating,2.54,False,True,False,False,False,False,Oct19
78290824,Sachsen,Dresden,Tolkewitz/Seidnitz_Nord,1279,511.0,663.0,152.0,,61.85,3.0,1957.0,,apartment,,central_heating,2.9,False,False,False,False,False,False,Oct19
108754039,Sachsen,Leipzig,Stötteritz,4299,350.0,,120.0,,48.16,2.0,,,apartment,,,5.97,False,False,False,False,False,False,May19
110944995,Bayern,Freising_Kreis,Freising,85356,1000.0,1200.0,,,50.0,2.0,,fully_renovated,ground_floor,,central_heating,4.63,False,False,False,False,True,True,May19
107004798,Nordrhein_Westfalen,Siegen_Wittgenstein_Kreis,Kreuztal,57223,297.11,,125.0,,68.6,2.0,1974.0,,apartment,,,1.67,False,True,True,False,False,False,Sep18
96275188,Schleswig_Holstein,Stormarn_Kreis,Ahrensburg,22926,752.0,989.0,114.0,123.0,76.4,2.0,1977.0,modernized,apartment,,central_heating,4.13,False,True,False,True,False,True,Feb20
110143400,Baden_Württemberg,Heidelberg,Bahnstadt,69115,1600.0,1885.0,285.0,,124.0,4.0,2017.0,first_time_use,,A_PLUS,district_heating,,False,True,True,True,False,False,May19
108708689,Niedersachsen,Vechta_Kreis,Lohne_Oldenburg,49393,875.0,,,,160.0,5.0,,,apartment,,,0.64,False,True,False,False,False,False,Oct19
115557622,Hessen,Frankfurt_am_Main,Nordend_Ost,60316,1290.0,1420.0,130.0,,76.4,3.0,1900.0,well_kept,apartment,C,self_contained_central_heating,5.39,False,True,False,False,False,True,Feb20
115585765,Baden_Württemberg,Breisgau_Hochschwarzwald_Kreis,Neuenburg_am_Rhein,79395,1070.0,1370.0,300.0,,107.0,4.0,2012.0,mint_condition,ground_floor,,combined_heat_and_power_plant,3.04,False,True,True,True,False,True,Feb20
111249734,Thüringen,Gotha_Kreis,Gotha,99867,340.0,480.0,140.0,,59.2,3.0,1980.0,mint_condition,roof_storey,H,district_heating,4.29,False,True,False,True,False,False,May19
110124161,Nordrhein_Westfalen,Coesfeld_Kreis,Lüdinghausen,59348,580.0,790.0,210.0,,102.0,3.0,1979.0,well_kept,other,D,gas_heating,5.0,False,True,False,True,False,True,May19
112546629,Rheinland_Pfalz,Bad_Kreuznach_Kreis,Fürfeld,55546,600.0,,115.0,,80.0,4.0,2018.0,first_time_use,apartment,A_PLUS,central_heating,4.68,True,False,False,False,False,False,Oct19
112790642,Niedersachsen,Braunschweig,Östliches_Ringgebiet,38106,1350.0,,200.0,,200.0,5.0,,well_kept,apartment,,central_heating,1.09,False,False,False,True,True,False,Oct19
113367591,Nordrhein_Westfalen,Neuss_Rhein_Kreis,Korschenbroich,41353,680.0,900.0,100.0,100.0,68.0,2.0,2009.0,mint_condition,ground_floor,,central_heating,3.86,False,True,True,True,True,False,Oct19
111190362,Nordrhein_Westfalen,Essen,Werden,45239,765.0,870.0,105.0,,86.0,3.0,1905.0,well_kept,apartment,,electric_heating,3.47,False,True,False,True,False,False,May19
107059415,Nordrhein_Westfalen,Wesel_Kreis,Neukirchen_Vluyn,47506,680.0,830.0,150.0,,89.0,3.5,2000.0,well_kept,raised_ground_floor,,central_heating,3.17,False,True,False,True,True,False,Sep18
106784973,Hamburg,Hamburg,Farmsen_Berne,22159,660.0,,170.0,,65.5,2.5,1970.0,well_kept,roof_storey,,central_heating,5.26,False,True,False,True,False,True,Sep18
111076386,Sachsen,Chemnitz,Zentrum,9111,320.0,437.0,66.0,51.0,60.44,3.0,1960.0,,ground_floor,B,,0.56,False,True,False,True,False,False,May19
106530336,Rheinland_Pfalz,Trier_Saarburg_Kreis,Konz,54329,1030.0,,270.0,,147.0,4.0,2008.0,,,,central_heating,2.99,False,True,True,False,False,False,Sep18
59568153,Niedersachsen,Lüneburg_Kreis,Lüneburg,21335,985.0,1215.0,80.0,150.0,112.0,4.0,,,apartment,,district_heating,2.35,False,False,False,False,True,True,May19
104288875,Nordrhein_Westfalen,Wuppertal,Elberfeld,42105,370.0,615.0,160.0,85.0,64.1,4.0,1956.0,first_time_use_after_refurbishment,apartment,,district_heating,3.13,False,False,False,False,False,False,Feb20
114460431,Sachsen,Leipzig,Gohlis_Nord,4157,893.69,1167.05,273.36,,105.14,3.0,1877.0,refurbished,ground_floor,,,3.04,False,True,True,True,True,False,Feb20
69735375,Nordrhein_Westfalen,Neuss_Rhein_Kreis,Meerbusch,40670,475.0,680.0,205.0,90.0,58.0,2.0,,fully_renovated,apartment,,self_contained_central_heating,4.1,False,False,False,True,False,False,Oct19
111782033,Bayern,Nürnberg,Bärenschanze,90429,750.0,830.0,80.0,,55.0,2.0,,refurbished,apartment,,self_contained_central_heating,5.77,False,False,False,True,True,True,Oct19
114463730,Sachsen_Anhalt,Börde_Kreis,Oschersleben_Bode,39387,357.0,,77.0,74.0,61.43,3.0,1960.0,modernized,,D,central_heating,0.73,False,True,False,True,False,False,Feb20
95836821,Hessen,Frankfurt_am_Main,Ostend,60316,2105.12,2423.12,179.0,49.0,131.57,4.0,2017.0,,apartment,,,6.57,False,True,True,False,False,True,May19
102262525,Hessen,Wetteraukreis,Friedberg_Hessen,61169,570.0,800.0,130.0,100.0,61.0,2.0,,,roof_storey,,central_heating,4.76,False,False,False,False,False,True,Oct19
104335339,Nordrhein_Westfalen,Wesel_Kreis,Rheinberg,47495,765.0,990.0,225.0,,113.0,3.5,1994.0,well_kept,maisonette,,gas_heating,3.33,False,True,False,True,False,True,May19
89679997,Sachsen,Mittelsachsen_Kreis,Striegistal,9661,290.0,400.0,110.0,,58.0,2.0,1925.0,refurbished,ground_floor,,central_heating,0.0,False,False,False,True,True,True,Oct19
113462761,Niedersachsen,Northeim_Kreis,Bad_Gandersheim,37581,350.0,510.0,80.0,80.0,65.7,2.0,1956.0,,apartment,,,2.76,False,True,False,True,False,False,Oct19
115658470,Baden_Württemberg,Mannheim,Lindenhof,68163,600.0,800.0,200.0,,68.2,3.0,1962.0,well_kept,roof_storey,,district_heating,3.93,False,False,False,True,False,True,Feb20
107323599,Nordrhein_Westfalen,Hagen,Haspe,58135,395.95,,120.0,40.0,62.65,3.0,1958.0,,apartment,C,central_heating,1.64,False,True,False,True,False,False,Sep18
111389324,Nordrhein_Westfalen,Köln,Buchforst,51065,675.0,845.0,170.0,,75.0,3.0,1950.0,refurbished,apartment,A,self_contained_central_heating,4.77,False,False,False,True,False,False,May19
110535678,Sachsen,Nordsachsen_Kreis,Eilenburg,4838,320.0,320.0,,,60.0,3.0,,,other,,,3.57,False,False,False,False,False,False,May19
110900935,Hessen,Frankfurt_am_Main,Westend_Süd,60325,1700.0,1950.0,250.0,,112.0,3.0,1912.0,refurbished,apartment,,central_heating,5.1,False,True,False,True,False,True,May19
113830691,Bayern,München,Ludwigsvorstadt_Isarvorstadt,80336,1690.0,1690.0,0.0,,51.0,2.0,1972.0,,,,,5.72,False,True,True,False,False,False,Oct19
113757944,Nordrhein_Westfalen,Mettmann_Kreis,Heiligenhaus,42579,435.0,615.0,130.0,50.0,65.0,3.5,,well_kept,apartment,,central_heating,3.85,False,True,False,True,False,False,Oct19
110945370,Saarland,Merzig_Wadern_Kreis,Mettlach,66693,360.0,,70.0,,30.0,2.0,,,roof_storey,,gas_heating,9.68,False,False,False,False,False,True,May19
106256382,Bayern,Nürnberg,Himpfelshof,90429,1550.0,1800.0,250.0,,126.0,3.0,1907.0,mint_condition,apartment,,gas_heating,6.0,False,True,False,True,False,True,Sep18
115704133,Niedersachsen,Braunschweig,Weststadt,38120,569.0,832.0,263.0,123.0,73.46,3.0,1972.0,modernized,apartment,,district_heating,-0.28,False,True,False,True,False,False,Feb20
110611688,Sachsen_Anhalt,Burgenlandkreis,Naumburg_Saale,6618,370.0,499.8,129.8,,59.0,2.0,1900.0,,roof_storey,,central_heating,1.69,False,False,False,True,False,False,May19
114969145,Nordrhein_Westfalen,Düren_Kreis,Düren,52355,500.0,680.0,120.0,60.0,66.0,3.0,1960.0,need_of_renovation,ground_floor,,,3.66,False,False,False,True,False,False,Feb20
115248723,Bremen,Bremen,Radio_Bremen,28201,580.0,,140.0,,52.0,2.0,,well_kept,raised_ground_floor,,central_heating,2.65,False,True,True,True,False,False,Feb20
113770331,Sachsen,Dresden,Innere_Altstadt,1067,1930.0,,330.0,,138.0,4.0,2018.0,first_time_use,,B,central_heating,2.06,True,True,True,True,False,False,Oct19
103903942,Nordrhein_Westfalen,Gelsenkirchen,Erle,45891,174.0,309.0,135.0,,40.0,1.5,1972.0,fully_renovated,ground_floor,,oil_heating,1.75,False,True,False,False,True,False,Sep18
99689594,Schleswig_Holstein,Kiel,Altstadt,24103,1050.0,1250.0,100.0,100.0,113.5,4.0,1907.0,fully_renovated,apartment,NO_INFORMATION,district_heating,4.65,False,False,True,False,False,True,May19
115613992,Nordrhein_Westfalen,Ennepe_Ruhr_Kreis,Witten,58452,300.0,460.0,110.0,50.0,50.0,2.0,,modernized,apartment,,central_heating,2.91,False,False,False,False,False,False,Feb20
110771970,Brandenburg,Potsdam_Mittelmark_Kreis,Teltow,14513,900.0,1117.5,217.0,,75.0,3.0,2019.0,first_time_use,apartment,A_PLUS,district_heating,7.05,True,True,True,True,False,False,May19
113653325,Nordrhein_Westfalen,Leverkusen,Lützenkirchen,51381,750.0,,300.0,,92.0,4.0,1969.0,,,,,3.5,False,True,False,False,False,False,Oct19
112998548,Schleswig_Holstein,Kiel,Holtenau,24159,479.25,688.25,129.0,80.0,63.9,2.0,1964.0,,apartment,F,central_heating,3.42,False,True,False,True,False,False,Oct19
112653644,Sachsen,Görlitz,Historische_Altstadt,2826,770.0,1026.0,256.0,,128.2,3.5,1900.0,refurbished,maisonette,,central_heating,1.7,False,True,False,True,False,True,Oct19
115709085,Bayern,Aschaffenburg,Schweinheim,63743,405.0,550.0,150.0,,56.0,2.0,,well_kept,roof_storey,,,5.26,False,True,False,False,False,True,Feb20
111249339,Nordrhein_Westfalen,Mönchengladbach,Hardterbroich_Pesch,41065,410.0,,110.0,,50.0,2.0,1958.0,refurbished,roof_storey,,self_contained_central_heating,3.18,False,False,False,True,False,False,May19
111768237,Bremen,Bremen,Lesum,28717,425.0,600.0,112.0,63.0,61.95,3.0,,,,,central_heating,2.71,False,False,False,False,False,False,Feb20
32027152,Sachsen,Leipzig,Südvorstadt,4275,550.0,700.0,150.0,,58.0,2.0,,mint_condition,apartment,,central_heating,6.25,False,True,True,True,False,True,Oct19
67210853,Baden_Württemberg,Ulm,Mitte,89073,1080.0,1340.0,260.0,,120.0,3.5,1960.0,first_time_use_after_refurbishment,apartment,,central_heating,4.32,False,True,False,True,False,False,Oct19
113807266,Schleswig_Holstein,Kiel,Hassee,24113,590.0,765.0,90.0,85.0,71.0,2.0,1957.0,mint_condition,ground_floor,,central_heating,3.86,False,True,False,True,False,True,Oct19
113125747,Brandenburg,Märkisch_Oderland_Kreis,Seelow,15306,390.0,530.0,70.0,70.0,60.0,2.0,2001.0,well_kept,,C,district_heating,2.27,False,True,False,True,False,False,Oct19
107480014,Nordrhein_Westfalen,Krefeld,Verberg,47802,679.4,799.4,120.0,,74.66,2.5,1975.0,,apartment,,floor_heating,2.83,False,True,False,True,False,False,Feb20
110061239,Sachsen_Anhalt,Halle_Saale,Paulusviertel,6114,765.0,1085.0,320.0,,108.0,3.0,2001.0,refurbished,roof_storey,C,central_heating,4.17,False,False,False,True,False,False,May19
114529308,Mecklenburg_Vorpommern,Nordvorpommern_Kreis,Barth,18356,441.32,601.32,160.0,,80.24,3.0,1991.0,modernized,maisonette,,central_heating,3.03,False,False,False,False,False,False,Feb20
114231622,Nordrhein_Westfalen,Paderborn_Kreis,Bad_Lippspringe,33175,855.0,1035.0,180.0,,114.0,3.0,2015.0,first_time_use,apartment,,heat_pump,3.04,False,True,True,True,False,False,Feb20
100593955,Nordrhein_Westfalen,Oberhausen,Altstadt_Süd,46045,360.0,500.0,140.0,75.0,61.0,2.0,1903.0,first_time_use_after_refurbishment,roof_storey,,,3.33,False,False,False,False,False,False,May19
110286204,Sachsen,Chemnitz,Kaßberg,9112,250.0,375.0,85.0,,42.0,2.0,,refurbished,apartment,,central_heating,0.36,False,False,True,True,True,True,Oct19
113760603,Baden_Württemberg,Esslingen_Kreis,Ostfildern,73760,720.0,1440.0,720.0,,34.0,1.0,2019.0,,roof_storey,,central_heating,4.94,True,True,False,False,False,True,Oct19
49821481,Sachsen,Sächsische_Schweiz_Osterzgebirge_Kreis,Pirna,1796,336.16,534.72,106.96,91.6,76.4,2.0,1995.0,well_kept,apartment,D,central_heating,1.64,False,False,False,True,False,False,May19
113652404,Hessen,Frankfurt_am_Main,Sachsenhausen_Süd,60599,2950.0,3600.0,650.0,,144.0,3.0,2018.0,mint_condition,apartment,NO_INFORMATION,central_heating,4.69,True,True,True,True,False,True,Oct19
112831207,Sachsen,Leipzig,Möckern,4159,862.79,1122.79,260.0,,103.95,4.0,1900.0,first_time_use_after_refurbishment,apartment,,gas_heating,4.15,False,True,False,False,True,True,Oct19
112115937,Sachsen,Meißen_Kreis,Riesa,1589,295.0,355.0,60.0,,64.5,2.0,1900.0,refurbished,apartment,,central_heating,0.74,False,False,False,True,False,False,Feb20
103630774,Sachsen_Anhalt,Magdeburg,Stadtfeld_West,39110,332.04,459.32,127.28,,55.34,2.0,1950.0,refurbished,apartment,,district_heating,1.26,False,True,False,True,False,False,Oct19
115254713,Hessen,Darmstadt_Dieburg_Kreis,Münster,64839,440.0,580.0,140.0,,58.0,2.0,1972.0,well_kept,apartment,,central_heating,4.19,False,True,False,True,False,False,Feb20
115522683,Niedersachsen,Wolfsburg,Reislingen,38446,680.0,720.0,40.0,,84.0,3.0,1996.0,modernized,terraced_flat,,district_heating,0.11,False,True,False,False,True,True,Feb20
103791553,Sachsen,Leipzig,Connewitz,4277,499.07,610.65,111.58,,47.48,2.0,2018.0,first_time_use,raised_ground_floor,B,district_heating,5.04,True,True,True,False,False,True,Sep18
107299167,Berlin,Berlin,Kreuzberg_Kreuzberg,10997,1599.0,1820.0,,,145.0,5.0,,,,,,10.81,False,False,False,False,False,False,Sep18
115303010,Sachsen_Anhalt,Magdeburg,Stadtfeld_Ost,39108,345.84,472.65,126.81,,57.64,2.0,1914.0,refurbished,,,central_heating,1.52,False,False,True,True,False,False,Feb20
106755013,Hessen,Groß_Gerau_Kreis,Rüsselsheim_am_Main,65428,1150.0,1350.0,200.0,,118.48,4.0,2012.0,well_kept,apartment,,heat_pump,4.71,False,True,True,True,False,False,Sep18
106992500,Sachsen,Dresden,Cotta,1157,440.0,565.0,125.0,,61.0,3.0,1920.0,refurbished,ground_floor,,gas_heating,1.37,False,True,False,False,False,False,Sep18
111353725,Sachsen,Nordsachsen_Kreis,Schkeuditz,4435,265.0,390.0,125.0,,38.93,2.0,1995.0,mint_condition,apartment,E,central_heating,3.56,False,False,False,True,True,False,May19
111360149,Hessen,Darmstadt,Bessungen,64285,893.0,1104.0,95.0,92.0,63.0,2.0,2019.0,first_time_use,apartment,,,5.17,True,True,True,True,False,False,May19
115199349,Niedersachsen,Rotenburg_Wümme_Kreis,Rotenburg_Wümme,27356,270.0,410.0,85.0,40.0,40.5,1.0,1993.0,well_kept,apartment,,central_heating,3.29,False,False,True,True,False,True,Feb20
107304203,Baden_Württemberg,Heilbronn_Kreis,Möckmühl,74219,505.0,675.0,170.0,,83.0,3.0,1993.0,modernized,ground_floor,NO_INFORMATION,central_heating,5.8,False,True,False,True,False,False,Sep18
63175456,Sachsen,Chemnitz,Altendorf,9116,326.0,460.0,134.0,,61.0,2.0,,refurbished,,,central_heating,0.0,False,False,False,True,True,False,Sep18
79792869,Hessen,Frankfurt_am_Main,Riedberg,60438,480.42,599.0,118.58,,21.56,1.0,2011.0,,apartment,,central_heating,,False,False,True,False,True,True,May19
103744552,Brandenburg,Potsdam_Mittelmark_Kreis,Werder_Havel,14542,1106.46,1385.4,278.94,139.47,92.98,2.0,,first_time_use_after_refurbishment,apartment,,central_heating,7.23,False,False,False,False,False,False,Sep18
110859046,Sachsen,Nordsachsen_Kreis,Delitzsch,4509,1465.0,1932.0,467.0,,212.3,5.0,2006.0,,ground_floor,,,3.39,False,True,False,True,False,False,May19
115653439,Berlin,Berlin,Kreuzberg_Kreuzberg,10969,267.81,467.81,100.0,100.0,39.36,1.0,1966.0,well_kept,apartment,,,7.88,False,False,False,False,False,False,Feb20
115513267,Niedersachsen,Stade_Kreis,Dollern,21739,710.0,,190.0,,75.9,2.0,2019.0,,apartment,,central_heating,2.5,True,False,False,False,False,False,Feb20
106240792,Sachsen,Chemnitz,Sonnenberg,9130,650.0,900.0,250.0,,103.0,4.0,,refurbished,,,,0.21,False,True,False,True,False,False,Oct19
95083529,Baden_Württemberg,Rastatt_Kreis,Rastatt,76437,1150.0,1400.0,250.0,,115.0,3.0,1870.0,mint_condition,roof_storey,,central_heating,4.09,False,True,False,True,False,False,May19
115649252,Bayern,Würzburg,Frauenland,97074,705.0,941.0,236.0,103.0,73.36,3.0,1964.0,well_kept,,,,1.6,False,False,False,False,False,False,Feb20
107377466,Berlin,Berlin,Mitte_Mitte,10115,2109.1,2407.1,298.0,140.0,140.0,3.0,2011.0,mint_condition,apartment,,floor_heating,8.7,False,True,True,True,False,True,Sep18
109000100,Berlin,Berlin,Weißensee_Weißensee,13086,649.0,779.0,130.0,,63.0,2.0,1937.0,well_kept,apartment,,self_contained_central_heating,9.32,False,False,False,False,False,False,May19
109672829,Thüringen,Gera,Bieblach/Tinz,7546,130.02,205.67,75.65,,23.64,1.0,1968.0,,,,central_heating,3.64,False,False,False,False,False,True,May19
79605518,Sachsen,Erzgebirgskreis,Schneeberg,8289,260.0,375.0,115.0,,52.0,2.0,1914.0,refurbished,other,D,central_heating,0.0,False,False,False,True,False,False,Sep18
103133941,Baden_Württemberg,Heidelberg,Bahnstadt,69115,1565.0,1810.0,245.0,,107.0,4.0,2016.0,first_time_use,apartment,A_PLUS,district_heating,,False,True,True,True,False,False,Sep18
107353183,Bayern,Nürnberg,Maxfeld,90409,750.0,820.0,70.0,,36.0,1.5,,,apartment,,central_heating,5.15,False,False,True,True,True,True,Sep18
108891376,Hessen,Darmstadt,Darmstadt_Mitte,64283,660.0,760.0,100.0,,20.0,1.0,,mint_condition,apartment,,,5.21,False,False,True,False,False,True,May19
115089716,Sachsen,Leipzig,Grünau_Mitte,4209,215.0,283.0,32.0,36.0,32.61,1.0,1979.0,first_time_use_after_refurbishment,apartment,,,3.28,False,False,False,True,False,False,Feb20
110484173,Hessen,Darmstadt,Darmstadt_Mitte,64283,1800.0,2150.0,350.0,,120.0,3.5,2007.0,well_kept,penthouse,,central_heating,4.81,False,True,True,True,False,True,May19
106360865,Nordrhein_Westfalen,Rhein_Sieg_Kreis,Swisttal,53913,395.82,663.72,250.0,,71.19,3.0,1996.0,,roof_storey,,central_heating,4.69,False,True,False,True,False,False,Sep18
90542601,Rheinland_Pfalz,Neustadt_an_der_Weinstraße,Gimmeldingen,67435,1390.0,1590.0,200.0,,144.0,4.0,2008.0,modernized,penthouse,,oil_heating,,False,True,False,True,False,True,Feb20
85627182,Sachsen_Anhalt,Harz_Kreis,Halberstadt,38820,260.0,360.0,100.0,,50.0,2.0,1970.0,well_kept,,,central_heating,1.96,False,False,False,True,False,True,May19
112174628,Thüringen,Gera,Lusan_Brüte,7549,402.44,559.32,95.49,61.39,68.21,3.0,1980.0,refurbished,,,,2.45,False,True,True,True,False,False,Oct19
88858640,Bayern,Bad_Kissingen_Kreis,Hammelburg,97762,290.0,,130.0,,55.0,2.0,,,roof_storey,,,4.0,False,False,False,False,False,True,May19
109060645,Sachsen_Anhalt,Mansfeld_Südharz_Kreis,Sangerhausen,6526,280.0,,55.0,80.0,58.0,3.0,1962.0,,apartment,C,district_heating,2.34,False,False,False,True,False,False,May19
112773227,Sachsen_Anhalt,Wittenberg_Kreis,Zahna,6895,236.83,361.83,60.0,65.0,49.34,2.0,1963.0,,,,,-0.48,False,True,False,False,False,False,Oct19
107382872,Brandenburg,Barnim_Kreis,Wandlitz,16348,650.0,850.0,200.0,,66.0,2.0,2017.0,mint_condition,apartment,A,floor_heating,5.8,True,False,False,True,False,True,Sep18
107349289,Niedersachsen,Aurich_Kreis,Großheide,26532,350.0,550.0,200.0,,75.0,2.0,1980.0,mint_condition,apartment,E,gas_heating,3.85,False,True,False,False,True,True,Sep18
111388485,Nordrhein_Westfalen,Köln,Mülheim,51063,1018.3,,150.0,74.0,80.85,3.0,2004.0,well_kept,apartment,B,,5.32,False,True,True,True,False,False,May19
111177804,Sachsen,Chemnitz,Schloßchemnitz,9113,419.0,593.0,174.0,,87.15,3.0,1900.0,first_time_use_after_refurbishment,roof_storey,,central_heating,0.19,False,False,False,True,True,False,May19
107301036,Niedersachsen,Hannover,Ledeburg,30419,478.0,628.5,132.0,,76.47,3.0,1908.0,,apartment,,,1.39,False,False,False,False,False,False,Sep18
114309833,Brandenburg,Havelland_Kreis,Rathenow,14712,415.0,575.0,160.0,113.0,75.0,3.0,1997.0,,,,,2.87,False,True,False,False,False,False,Feb20
106782756,Thüringen,Suhl,Suhl_Döllberg,98527,850.0,1050.0,200.0,,99.35,3.0,,,ground_floor,,,3.03,False,True,False,False,False,False,Sep18
103485377,Sachsen,Dresden,Striesen_Süd,1309,753.0,1021.25,188.25,,75.3,3.0,2018.0,first_time_use,apartment,,floor_heating,2.48,True,True,True,True,True,False,Sep18
98421281,Bayern,Traunstein_Kreis,Chieming,83339,1800.0,2100.0,300.0,,150.0,4.0,2017.0,mint_condition,apartment,C,wood_pellet_heating,4.48,False,True,True,True,False,False,May19
115664275,Niedersachsen,Göttingen_Kreis,Göttingen,37077,720.0,900.0,180.0,,63.3,3.0,1958.0,well_kept,,F,central_heating,2.81,False,True,False,True,False,False,Feb20
102372735,Sachsen,Leipzig_Kreis,Bad_Lausick,4651,280.0,355.0,75.0,,54.67,3.0,1980.0,fully_renovated,roof_storey,,night_storage_heater,3.11,False,False,False,True,False,False,Feb20
105999965,Bayern,Starnberg_Kreis,Inning_am_Ammersee,82266,1300.0,,250.0,,130.0,4.0,1984.0,well_kept,roof_storey,,central_heating,4.63,False,True,False,False,False,True,Sep18
111405260,Nordrhein_Westfalen,Herne,Herne_Mitte,44623,720.0,,188.0,125.0,125.0,5.0,1910.0,fully_renovated,apartment,,,2.99,False,False,False,False,False,False,May19
109003513,Sachsen_Anhalt,Harz_Kreis,Blankenburg_Harz,38889,323.5,520.0,72.0,124.5,82.83,4.0,1975.0,first_time_use_after_refurbishment,apartment,,central_heating,1.82,False,True,False,False,False,True,May19
111351976,Sachsen_Anhalt,Burgenlandkreis,Naumburg_Saale,6618,360.0,500.0,140.0,,75.0,3.0,,,ground_floor,,,2.91,False,False,False,False,False,False,May19
80327570,Nordrhein_Westfalen,Unna_Kreis,Lünen,44536,875.0,,250.0,,87.5,3.0,2015.0,mint_condition,apartment,,floor_heating,3.05,False,True,True,True,False,False,Feb20
107131851,Sachsen_Anhalt,Magdeburg,Neu_Olvenstedt,39130,237.7,332.78,95.08,,47.54,2.0,1984.0,modernized,other,C,district_heating,3.27,False,True,False,False,False,False,May19
110753899,Bayern,Starnberg_Kreis,Berg,82335,3740.0,3990.0,450.0,,160.0,4.0,2013.0,mint_condition,ground_floor,,gas_heating,5.56,False,True,True,True,True,True,May19
56078279,Rheinland_Pfalz,Mainz_Bingen_Kreis,Nierstein,55283,550.0,,90.0,,52.0,2.0,1997.0,mint_condition,ground_floor,D,central_heating,3.12,False,True,False,True,True,True,Oct19
115307459,Thüringen,Gera,Debschwitz,7548,250.0,,50.0,50.0,47.0,1.5,1904.0,well_kept,,,,1.83,False,False,False,True,False,False,Feb20
113148066,Sachsen,Dresden,Striesen_West,1309,475.0,625.0,150.0,,63.0,2.0,,refurbished,apartment,,district_heating,1.98,False,False,False,False,False,False,Oct19
106963651,Niedersachsen,Hannover_Kreis,Neustadt_am_Rübenberge,31535,760.0,910.0,150.0,,110.0,4.0,1905.0,first_time_use_after_refurbishment,apartment,,central_heating,3.45,False,True,False,False,True,True,Sep18
83758232,Nordrhein_Westfalen,Minden_Lübbecke_Kreis,Minden,32425,450.0,595.0,100.0,45.0,66.44,2.0,1962.0,,apartment,C,self_contained_central_heating,5.08,False,True,False,True,True,False,Sep18
115071406,Niedersachsen,Schaumburg_Kreis,Bad_Nenndorf,31542,495.0,645.0,150.0,,72.0,3.0,1967.0,first_time_use_after_refurbishment,apartment,,gas_heating,5.34,False,True,False,True,True,False,Feb20
113340130,Sachsen,Zwickau,Mitte_West,8056,375.0,500.0,125.0,,50.0,2.0,,fully_renovated,apartment,,district_heating,0.54,False,True,True,True,False,False,Oct19
104785887,Schleswig_Holstein,Herzogtum_Lauenburg_Kreis,Geesthacht,21502,661.0,841.0,180.0,65.0,71.83,2.0,2018.0,first_time_use,apartment,,central_heating,4.11,True,True,True,True,False,True,Sep18
87457154,Nordrhein_Westfalen,Dortmund,Hörde,44263,450.0,550.0,100.0,,57.1,2.0,1954.0,mint_condition,roof_storey,,self_contained_central_heating,4.69,False,True,False,True,True,True,Sep18
107371144,Nordrhein_Westfalen,Bochum,Langendreer,44892,415.0,,139.0,69.0,69.03,3.0,1964.0,,apartment,,,3.03,False,True,False,True,False,False,Sep18
113642957,Baden_Württemberg,Böblingen_Kreis,Bondorf,71149,1480.0,1790.0,230.0,,127.0,4.0,2019.0,first_time_use,apartment,A,floor_heating,5.65,True,True,False,True,False,True,Oct19
113361861,Sachsen,Dresden,Hosterwitz/Pillnitz,1326,399.19,599.19,100.0,100.0,60.3,3.0,1964.0,modernized,apartment,NO_INFORMATION,central_heating,1.42,False,True,False,True,False,False,Oct19
107328711,Sachsen_Anhalt,Saalekreis,Lieskau,6198,485.0,,110.0,75.0,74.0,3.0,1997.0,fully_renovated,roof_storey,C,central_heating,1.54,False,True,False,True,False,False,Sep18
111306507,Sachsen,Leipzig,Zentrum_Südost,4103,666.66,893.66,227.0,31.76,63.78,2.0,2015.0,,apartment,D,floor_heating,6.15,False,True,True,True,False,True,May19
81658295,Sachsen,Leipzig,Altlindenau,4177,372.0,527.0,155.0,,62.0,2.0,1910.0,fully_renovated,apartment,,gas_heating,4.67,False,False,False,True,False,False,Oct19
111118529,Niedersachsen,Oldenburg_Oldenburg,Eversten,26131,480.0,680.0,200.0,,67.66,2.5,,,apartment,,,5.29,False,True,False,True,False,False,May19
114191564,Nordrhein_Westfalen,Mettmann_Kreis,Velbert,42555,350.0,490.0,140.0,,71.0,2.0,1923.0,,roof_storey,,central_heating,3.46,False,False,False,False,False,False,Feb20
113716673,Mecklenburg_Vorpommern,Rügen_Kreis,Göhren,18586,525.0,645.0,120.0,,55.07,2.0,,fully_renovated,apartment,,gas_heating,2.73,False,False,False,True,False,True,Oct19
115708183,Nordrhein_Westfalen,Bielefeld,Innenstadt,33613,950.0,1100.0,150.0,,84.0,2.0,,,apartment,,,3.63,False,False,True,False,False,True,Feb20
114686929,Niedersachsen,Goslar_Kreis,Clausthal_Zellerfeld,38678,525.0,705.0,180.0,,107.0,4.0,1927.0,fully_renovated,apartment,NO_INFORMATION,self_contained_central_heating,3.4,False,False,False,True,False,True,Feb20
111373762,Nordrhein_Westfalen,Wuppertal,Barmen,42281,485.0,645.0,100.0,60.0,72.0,2.0,,first_time_use_after_refurbishment,roof_storey,,central_heating,3.21,False,True,False,True,False,False,May19
77988833,Nordrhein_Westfalen,Essen,Kupferdreh,45257,490.0,670.0,130.0,,76.0,2.0,1976.0,well_kept,roof_storey,,central_heating,4.11,False,False,False,True,False,True,Sep18
115428061,Baden_Württemberg,Rhein_Neckar_Kreis,Sandhausen,69207,690.0,910.0,220.0,,84.0,4.0,,,apartment,D,central_heating,3.91,False,True,False,False,False,False,Feb20
111079242,Nordrhein_Westfalen,Düsseldorf,Wersten,40591,525.0,645.0,120.0,,47.82,2.0,1992.0,,apartment,,central_heating,4.63,False,True,False,False,False,False,May19
110645856,Sachsen,Dresden,Johannstadt_Nord,1307,1148.0,,202.0,,91.53,4.0,2018.0,first_time_use,apartment,,,2.51,False,True,True,False,True,True,Feb20
113671576,Baden_Württemberg,Freiburg_im_Breisgau,Wiehre,79102,1902.0,2176.0,274.0,,121.58,3.0,2019.0,first_time_use,other,,floor_heating,6.55,True,False,True,True,False,True,Oct19
106492139,Niedersachsen,Göttingen_Kreis,Göttingen,37075,750.0,920.0,170.0,,72.0,2.0,1984.0,fully_renovated,ground_floor,,floor_heating,4.88,False,True,False,False,False,True,Sep18
111223624,Nordrhein_Westfalen,Remscheid,Klausen,42899,291.75,,140.0,78.0,66.15,3.5,1967.0,well_kept,apartment,,self_contained_central_heating,1.12,False,True,True,True,False,False,May19
81965290,Bremen,Bremerhaven,Mitte,27568,390.0,584.0,114.0,80.0,74.0,3.0,1930.0,modernized,apartment,,central_heating,1.82,False,True,False,True,False,False,Feb20
111115473,Nordrhein_Westfalen,Aachen,Burtscheider_Kurgarten,52066,780.0,860.0,80.0,,76.0,3.0,1956.0,refurbished,apartment,,floor_heating,3.97,False,True,False,True,False,False,May19
115173284,Sachsen,Chemnitz,Ebersdorf,9131,349.0,499.0,150.0,,66.36,3.0,1921.0,well_kept,apartment,,central_heating,0.19,False,False,False,False,False,False,Feb20
111059717,Nordrhein_Westfalen,Minden_Lübbecke_Kreis,Bad_Oeynhausen,32549,260.0,360.0,100.0,,46.88,2.0,1954.0,well_kept,roof_storey,,stove_heating,4.5,False,False,False,True,True,False,May19
111183169,Sachsen_Anhalt,Dessau_Roßlau,Innerstädtischer_Bereich_Mitte,6844,290.0,469.0,179.0,,55.7,3.0,2014.0,well_kept,apartment,D,central_heating,1.51,False,False,True,False,False,False,May19
115455281,Nordrhein_Westfalen,Köln,Lindenthal,50935,3000.0,3700.0,700.0,,255.0,6.0,,well_kept,maisonette,,,4.38,False,True,False,True,False,False,Feb20
113763393,Nordrhein_Westfalen,Neuss_Rhein_Kreis,Neuss,41468,1256.0,,157.0,157.0,104.82,4.0,2019.0,first_time_use,apartment,,heat_pump,4.17,True,True,False,True,False,False,Oct19
106610174,Nordrhein_Westfalen,Herne,Wanne,45652,375.0,500.0,125.0,,73.0,3.0,,well_kept,apartment,,gas_heating,2.92,False,False,False,True,False,False,May19
113419280,Baden_Württemberg,Ortenaukreis,Offenburg,77652,775.0,995.0,220.0,100.0,93.0,3.0,,refurbished,half_basement,E,central_heating,3.72,False,True,False,True,False,False,Oct19
103639644,Nordrhein_Westfalen,Essen,Katernberg,45327,500.0,680.0,90.0,90.0,92.0,3.0,,well_kept,apartment,NO_INFORMATION,,3.23,False,False,False,True,False,False,Sep18
115433162,Berlin,Berlin,Alt_Hohenschönhausen_Hohenschönhausen,13055,762.0,962.0,200.0,,63.5,2.5,1936.0,well_kept,other,,district_heating,6.17,False,True,False,True,True,True,Feb20
114468870,Sachsen_Anhalt,Burgenlandkreis,Elsteraue,6729,245.0,370.0,125.0,,50.7,2.0,1924.0,refurbished,apartment,,central_heating,0.2,False,False,False,False,True,True,Feb20
107806072,Sachsen,Mittelsachsen_Kreis,Freiberg,9599,259.0,379.0,120.0,,55.84,2.0,1900.0,fully_renovated,apartment,D,central_heating,1.53,False,False,False,False,False,False,May19
103878746,Baden_Württemberg,Freiburg_im_Breisgau,Stühlinger,79106,1250.0,1350.0,,,75.0,3.0,1962.0,,apartment,,self_contained_central_heating,4.81,False,True,False,True,False,True,May19
105279916,Nordrhein_Westfalen,Hagen,Wehringhausen,58089,387.0,563.0,92.0,84.0,84.0,3.0,1960.0,well_kept,apartment,,gas_heating,3.51,False,False,False,False,False,False,Sep18
115549014,Baden_Württemberg,Böblingen_Kreis,Sindelfingen,71067,395.0,495.0,100.0,,35.4,1.0,1980.0,well_kept,ground_floor,,central_heating,6.42,False,True,False,False,False,True,Feb20
113646135,Sachsen_Anhalt,Altmarkkreis_Salzwedel,Salzwedel,29410,199.0,329.0,70.0,60.0,36.1,1.5,1964.0,,raised_ground_floor,D,,3.06,False,False,False,True,False,False,Oct19
89561594,Sachsen,Leipzig,Böhlitz_Ehrenberg,4178,899.0,1197.0,149.0,149.0,125.0,3.5,1900.0,refurbished,roof_storey,,central_heating,3.13,False,True,False,True,True,False,Sep18
111076581,Nordrhein_Westfalen,Euskirchen_Kreis,Mechernich,53894,410.0,560.0,150.0,,73.6,3.0,1995.0,well_kept,roof_storey,,,3.52,False,True,False,True,False,False,May19
76789887,Sachsen_Anhalt,Burgenlandkreis,Naumburg_Saale,6618,635.0,,115.0,89.0,126.98,3.0,1850.0,,,,central_heating,1.02,False,False,False,False,False,False,Oct19
115679126,Hessen,Schwalm_Eder_Kreis,Knüllwald,34593,320.0,,175.0,,77.0,3.0,1889.0,well_kept,apartment,C,central_heating,3.23,False,False,False,False,True,True,Feb20
89478541,Sachsen,Zwickau_Kreis,Crimmitschau,8451,280.0,400.0,120.0,,56.0,3.0,1888.0,refurbished,maisonette,D,central_heating,0.0,False,False,False,True,False,False,May19
113469979,Nordrhein_Westfalen,Bochum,Kruppwerke,44793,317.84,450.84,76.0,57.0,39.73,1.0,1930.0,,apartment,,central_heating,5.02,False,False,False,True,False,False,Oct19
110965557,Nordrhein_Westfalen,Wuppertal,Oberbarmen,42277,350.0,,70.0,65.0,57.0,2.0,1961.0,well_kept,apartment,E,self_contained_central_heating,2.83,False,True,True,True,False,False,May19
110974811,Sachsen,Leipzig,Schleußig,4229,450.0,605.0,155.0,,73.1,2.0,,,raised_ground_floor,,central_heating,5.45,False,True,False,False,False,False,May19
106360987,Sachsen,Chemnitz,Glösa_Draisdorf,9114,265.0,330.0,65.0,,48.16,2.0,1912.0,,,D,self_contained_central_heating,0.0,False,False,False,False,True,False,May19
113869599,Nordrhein_Westfalen,Paderborn_Kreis,Paderborn,33102,409.0,,85.0,,47.0,2.0,1996.0,well_kept,apartment,,,3.29,False,True,False,True,False,True,Oct19
104317413,Sachsen,Dresden,Friedrichstadt,1159,390.0,514.0,124.0,,56.0,3.0,1900.0,refurbished,apartment,,central_heating,4.05,False,False,True,True,False,False,Oct19
113683261,Nordrhein_Westfalen,Hagen,Haspe,58135,340.0,460.0,120.0,,70.0,3.0,,refurbished,other,,self_contained_central_heating,1.76,False,False,False,False,False,False,Oct19
107297861,Thüringen,Weimar,Industriegebiet_Nord,99427,2677.0,3114.42,579.42,,289.71,7.0,1996.0,refurbished,apartment,B,central_heating,0.0,False,True,False,True,True,False,Sep18
113722200,Sachsen,Leipzig,Grünau_Mitte,4209,444.7,,96.0,40.0,46.81,2.0,1985.0,refurbished,apartment,,floor_heating,3.1,False,False,False,False,False,False,Feb20
115647617,Nordrhein_Westfalen,Recklinghausen_Kreis,Gladbeck,45968,439.0,618.0,115.0,64.0,62.93,2.5,1957.0,,ground_floor,,central_heating,3.34,False,True,False,True,False,False,Feb20
113847216,Bayern,Günzburg_Kreis,Ellzee,89352,650.0,,150.0,,75.0,2.0,2019.0,,loft,,,2.06,True,False,False,False,False,False,Oct19
106977814,Berlin,Berlin,Wedding_Wedding,13359,873.0,1049.0,74.0,102.0,69.84,2.0,1900.0,first_time_use_after_refurbishment,apartment,,central_heating,10.75,False,False,False,False,False,False,Sep18
114460813,Nordrhein_Westfalen,Bonn,Bad_Godesberg,53177,999.0,1186.0,187.0,93.5,89.04,3.5,2016.0,fully_renovated,apartment,NO_INFORMATION,,3.25,False,True,False,False,False,False,Feb20
113133177,Sachsen,Mittelsachsen_Kreis,Hainichen,9661,250.0,359.8,100.0,,55.33,2.0,,,raised_ground_floor,,central_heating,0.59,False,True,False,True,False,False,Oct19
113702356,Hessen,Darmstadt_Dieburg_Kreis,Babenhausen,64832,800.0,950.0,,,100.0,3.0,,,terraced_flat,,,4.34,False,True,False,False,False,True,Oct19
110459828,Sachsen,Leipzig,Schleußig,4229,757.0,957.0,200.0,,89.0,2.0,2005.0,refurbished,roof_storey,,central_heating,5.19,False,True,True,True,False,True,May19
106363252,Sachsen,Bautzen_Kreis,Kamenz,1917,355.0,510.0,75.0,80.0,58.1,3.0,1975.0,fully_renovated,apartment,D,district_heating,1.91,False,True,False,True,False,False,May19
84487026,Sachsen,Chemnitz,Schloßchemnitz,9113,203.0,304.0,101.0,,40.0,1.0,1910.0,well_kept,apartment,D,central_heating,0.74,False,False,False,True,True,False,Feb20
114538818,Schleswig_Holstein,Rendsburg_Eckernförde_Kreis,Rendsburg,24768,389.0,,99.0,72.0,63.0,3.0,1994.0,well_kept,,E,central_heating,4.11,False,False,False,True,False,False,Feb20
107710465,Sachsen,Plauen,Bahnhofsvorstadt,8523,289.0,440.0,150.0,,74.0,2.0,1900.0,refurbished,apartment,,district_heating,2.29,False,False,False,True,False,True,Feb20
113583448,Baden_Württemberg,Ludwigsburg_Kreis,Ludwigsburg,71634,980.0,980.0,200.0,,77.24,3.0,2019.0,first_time_use,apartment,,floor_heating,6.85,True,True,True,True,False,True,Oct19
107303276,Niedersachsen,Oldenburg_Oldenburg,Alexandersfeld,26127,785.0,855.0,70.0,,83.0,3.0,,,apartment,,floor_heating,5.48,False,True,True,False,False,True,Sep18
82708850,Sachsen_Anhalt,Jerichower_Land_Kreis,Biederitz,39175,380.0,530.0,75.0,75.0,63.0,2.5,1994.0,well_kept,roof_storey,,central_heating,1.64,False,True,False,True,False,False,May19
104361545,Nordrhein_Westfalen,Hagen,Wehringhausen,58089,400.0,600.0,110.0,90.0,67.77,3.0,1967.0,well_kept,roof_storey,,central_heating,3.51,False,False,False,False,False,False,Sep18
103808862,Sachsen,Bautzen_Kreis,Bautzen,2625,330.0,410.0,80.0,,64.0,2.0,1920.0,well_kept,,,self_contained_central_heating,1.75,False,False,False,False,True,False,Sep18
107360209,Bayern,Ingolstadt,Mitte,85049,649.0,769.0,120.0,,46.7,2.0,,first_time_use_after_refurbishment,,,central_heating,0.92,False,False,True,True,False,True,Sep18
107332530,Baden_Württemberg,Stuttgart,Zuffenhausen,70435,1600.0,1600.0,0.0,,60.0,3.0,,,apartment,,,8.47,False,False,False,False,False,False,Sep18
78076696,Nordrhein_Westfalen,Ennepe_Ruhr_Kreis,Witten,58454,450.0,615.0,165.0,80.0,67.0,2.0,1964.0,well_kept,roof_storey,,central_heating,2.34,False,True,False,True,True,True,Oct19
114573345,Sachsen,Leipzig_Kreis,Grimma,4668,360.0,440.0,80.0,,40.0,2.0,1900.0,first_time_use_after_refurbishment,,,floor_heating,3.52,False,True,False,False,False,False,Feb20
105774832,Nordrhein_Westfalen,Duisburg,Obermeiderich,47138,525.0,800.0,275.0,,111.0,3.0,1976.0,need_of_renovation,apartment,,central_heating,3.57,False,False,False,False,False,False,Sep18
113527716,Rheinland_Pfalz,Bad_Dürkheim_Kreis,Grünstadt,67269,400.0,500.0,100.0,,50.0,2.0,1997.0,well_kept,half_basement,,central_heating,2.82,False,True,False,False,False,True,Oct19
108542032,Sachsen,Chemnitz,Gablenz,9127,379.24,,168.54,,72.93,3.0,1930.0,,,,central_heating,0.0,False,False,False,True,False,False,May19
90673985,Nordrhein_Westfalen,Wuppertal,Elberfeld,42103,420.0,545.0,125.0,,71.0,2.0,1920.0,fully_renovated,apartment,,self_contained_central_heating,3.02,False,False,False,True,False,False,Oct19
109000976,Sachsen_Anhalt,Saalekreis,Merseburg,6217,317.0,502.0,66.0,119.0,66.01,3.0,1956.0,refurbished,apartment,,central_heating,-0.18,False,True,False,True,False,False,Oct19
114996001,Bayern,München,Trudering,81827,1650.0,1650.0,0.0,,73.0,2.0,1990.0,,,,,4.99,False,False,False,False,False,False,Feb20
115167692,Rheinland_Pfalz,Mainz,Oberstadt,55131,350.0,450.0,50.0,50.0,29.0,1.0,,,,,,4.04,False,True,False,False,False,False,Feb20
111338692,Sachsen_Anhalt,Burgenlandkreis,Naumburg_Saale,6618,250.0,345.0,95.0,,38.25,1.0,1996.0,mint_condition,apartment,,central_heating,2.91,False,True,False,True,False,False,May19
35674267,Nordrhein_Westfalen,Unna_Kreis,Bergkamen,59192,261.0,485.0,147.0,77.0,55.96,2.0,1986.0,well_kept,apartment,,district_heating,3.51,False,True,True,True,False,False,May19
103713581,Sachsen_Anhalt,Halle_Saale,Südliche_Neustadt,6124,305.0,511.0,106.0,100.0,66.36,4.0,1968.0,well_kept,,,central_heating,3.85,False,False,True,True,False,False,Sep18
111855019,Schleswig_Holstein,Pinneberg_Kreis,Schenefeld,22869,737.0,987.0,130.0,120.0,81.82,3.0,,well_kept,roof_storey,,,3.6,False,False,False,True,False,True,Oct19
111185369,Rheinland_Pfalz,Koblenz,Altstadt,56068,600.0,670.0,70.0,,50.0,2.0,,first_time_use_after_refurbishment,apartment,,self_contained_central_heating,4.56,False,False,False,False,False,True,May19
115171472,Nordrhein_Westfalen,Ennepe_Ruhr_Kreis,Hattingen,45525,525.0,735.0,210.0,,73.0,3.5,1965.0,fully_renovated,apartment,,gas_heating,2.35,False,True,False,True,False,True,Feb20
115635586,Nordrhein_Westfalen,Düsseldorf,Friedrichstadt,40215,2134.0,2379.0,245.0,,97.0,3.0,2019.0,first_time_use,apartment,NO_INFORMATION,district_heating,4.91,True,True,True,False,False,True,Feb20
110141175,Mecklenburg_Vorpommern,Neubrandenburg,Datzeviertel,17034,289.0,433.0,66.0,78.0,60.0,3.0,1981.0,well_kept,raised_ground_floor,D,central_heating,-0.23,False,False,False,True,False,False,Feb20
115347059,Sachsen_Anhalt,Magdeburg,Stadtfeld_West,39110,315.0,375.0,60.0,,56.56,2.0,1938.0,well_kept,apartment,,self_contained_central_heating,0.94,False,True,False,True,False,False,Feb20
111036157,Nordrhein_Westfalen,Düsseldorf,Lörick,40547,735.0,938.0,203.0,,92.0,4.0,1916.0,fully_renovated,roof_storey,,night_storage_heater,4.66,False,False,False,True,False,False,May19
115232787,Nordrhein_Westfalen,Düsseldorf,Unterrath,40468,520.0,699.0,179.0,59.0,57.5,2.0,1954.0,well_kept,roof_storey,F,central_heating,4.67,False,True,False,True,False,False,Feb20
114798087,Sachsen,Görlitz,Weinhübel,2827,348.0,470.0,122.0,,61.0,3.0,1953.0,refurbished,apartment,D,central_heating,1.32,False,False,False,False,True,True,Feb20
98796218,Sachsen_Anhalt,Dessau_Roßlau,Innerstädtischer_Bereich_Mitte,6844,270.0,420.0,75.0,75.0,49.05,2.0,1930.0,modernized,roof_storey,,central_heating,0.0,False,False,False,False,False,False,May19
113145362,Niedersachsen,Braunschweig,Westliches_Ringgebiet,38114,747.0,,115.0,60.0,83.0,3.0,1963.0,fully_renovated,apartment,,district_heating,1.07,False,True,False,True,True,True,Feb20
115563253,Nordrhein_Westfalen,Köln,Longerich,50739,690.0,,130.0,,68.0,2.0,1965.0,well_kept,ground_floor,,self_contained_central_heating,4.46,False,True,False,True,False,False,Feb20
107322561,Brandenburg,Havelland_Kreis,Rathenow,14712,313.34,,92.82,73.9,59.12,3.0,1981.0,fully_renovated,apartment,C,district_heating,1.89,False,False,False,True,False,False,Sep18
107363366,Nordrhein_Westfalen,Ennepe_Ruhr_Kreis,Hattingen,45529,270.0,445.0,175.0,,45.0,1.0,,,ground_floor,,,3.13,False,True,False,False,False,True,Sep18
89163027,Sachsen,Chemnitz,Sonnenberg,9130,480.0,688.0,208.0,,95.0,4.0,1900.0,well_kept,terraced_flat,,central_heating,0.62,False,True,True,True,True,False,Feb20
114846674,Mecklenburg_Vorpommern,Ostvorpommern_Kreis,Karlsburg,17495,347.46,474.46,71.0,56.0,57.91,2.0,1998.0,,,,district_heating,-0.54,False,True,False,True,False,False,Feb20
109855121,Sachsen_Anhalt,Halle_Saale,Westliche_Neustadt,6124,306.0,512.0,80.0,126.0,66.36,3.0,1967.0,fully_renovated,apartment,D,central_heating,3.35,False,False,True,False,False,True,May19
114069267,Sachsen,Leipzig,Möckern,4159,400.0,530.0,130.0,,64.0,2.0,,fully_renovated,ground_floor,,central_heating,3.8,False,True,False,True,True,True,Feb20
58556901,Nordrhein_Westfalen,Gelsenkirchen,Beckhausen,45899,395.0,395.0,70.0,,78.0,3.5,1924.0,fully_renovated,apartment,,self_contained_central_heating,3.57,False,False,False,True,False,True,Sep18
110606239,Hessen,Kassel_Kreis,Kaufungen,34260,540.0,,220.0,,75.0,3.0,,well_kept,,,central_heating,2.78,False,True,False,False,False,False,May19
114899431,Sachsen,Dresden,Innere_Altstadt,1067,1365.0,,225.0,,91.0,3.0,2018.0,first_time_use,,B,central_heating,1.74,False,True,True,True,False,False,Feb20
107374388,Sachsen,Mittelsachsen_Kreis,Hainichen,9661,240.0,331.4,91.4,,45.7,2.0,1991.0,well_kept,apartment,,central_heating,0.0,False,True,True,False,False,False,Sep18
115151270,Nordrhein_Westfalen,Düsseldorf,Derendorf,40476,1604.0,1874.0,217.0,53.0,118.75,3.5,2015.0,,apartment,B,,5.14,False,True,True,True,False,False,Feb20
114779051,Schleswig_Holstein,Stormarn_Kreis,Ahrensburg,22926,515.0,515.0,,,17.85,1.0,2019.0,first_time_use,,A_PLUS,floor_heating,3.76,True,True,True,False,False,False,Feb20
102238978,Baden_Württemberg,Rhein_Neckar_Kreis,Oftersheim,68723,900.0,1120.0,220.0,,120.0,4.0,1971.0,well_kept,apartment,,central_heating,5.0,False,True,False,True,False,True,Oct19
96702218,Sachsen_Anhalt,Magdeburg,Buckau,39104,347.68,501.65,153.97,,59.22,2.0,,mint_condition,ground_floor,,central_heating,2.38,False,True,False,True,False,False,Oct19
110686018,Sachsen,Chemnitz,Adelsberg,9127,790.0,1160.0,330.0,,116.74,4.0,1925.0,well_kept,maisonette,,gas_heating,0.0,False,True,False,True,True,True,May19
111577929,Nordrhein_Westfalen,Dortmund,Innenstadt,44139,1700.0,1850.0,150.0,,177.0,3.5,1964.0,well_kept,apartment,,floor_heating,4.1,False,True,True,True,False,True,Feb20
106714217,Bayern,Unterallgäu_Kreis,Pfaffenhausen,87772,670.0,860.0,170.0,,79.65,3.0,,first_time_use,apartment,,,4.41,False,True,True,True,False,False,Sep18
110008224,Thüringen,Nordhausen_Kreis,Nordhausen,99734,313.75,454.0,64.0,67.0,59.16,3.0,1963.0,,other,,,0.17,False,True,False,False,False,False,May19
84597940,Schleswig_Holstein,Kiel,Hassee,24113,560.0,790.0,130.0,100.0,65.0,2.5,1910.0,,raised_ground_floor,,central_heating,3.89,False,True,False,False,False,True,Feb20
111421782,Sachsen,Dresden,Mickten,1139,401.0,524.0,123.0,,53.4,2.0,,refurbished,,,central_heating,2.41,False,False,False,True,True,False,May19
111512761,Sachsen,Chemnitz,Kaßberg,9113,250.0,370.0,120.0,,50.0,2.0,,fully_renovated,,,central_heating,0.54,False,True,True,True,True,False,Oct19
112257247,Sachsen,Chemnitz,Lutherviertel,9126,289.0,434.0,145.0,,60.0,3.0,1928.0,well_kept,apartment,D,central_heating,0.76,False,False,False,True,True,True,Feb20
66609236,Baden_Württemberg,Reutlingen_Kreis,Reutlingen,72762,420.0,530.0,110.0,,31.49,1.0,1971.0,well_kept,apartment,,central_heating,3.98,False,True,False,True,False,True,Oct19
111750731,Nordrhein_Westfalen,Hagen,Haspe,58089,318.5,,,,67.0,2.5,,well_kept,apartment,,central_heating,1.76,False,False,False,True,False,False,Oct19
113757767,Hessen,Wetteraukreis,Bad_Vilbel,61118,1000.0,1150.0,150.0,,72.0,2.5,2018.0,,other,,self_contained_central_heating,4.5,True,True,False,False,False,True,Oct19
103849080,Rheinland_Pfalz,Südliche_Weinstraße_Kreis,Burrweiler,76835,1395.0,1595.0,200.0,,125.0,5.5,2018.0,first_time_use,penthouse,NO_INFORMATION,floor_heating,4.4,True,True,False,True,False,False,Sep18
92752276,Sachsen,Zwickau_Kreis,Glauchau,8371,354.0,499.0,70.0,75.0,61.0,3.0,1972.0,,,C,central_heating,0.19,False,True,False,True,False,False,May19
107357452,Berlin,Berlin,Charlottenburg_Charlottenburg,14057,655.0,780.0,70.0,55.0,46.8,2.0,1910.0,refurbished,apartment,,central_heating,8.74,False,False,False,True,False,True,Sep18
110954729,Sachsen,Sächsische_Schweiz_Osterzgebirge_Kreis,Dippoldiswalde,1744,452.0,627.0,175.0,,82.19,3.0,1996.0,well_kept,apartment,C,central_heating,0.63,False,False,False,True,False,False,Feb20
113816304,Nordrhein_Westfalen,Essen,Nordviertel,45141,492.0,604.0,112.0,,60.0,3.0,1957.0,,apartment,,self_contained_central_heating,4.7,False,False,False,True,False,False,Oct19
106654846,Sachsen,Görlitz,Innenstadt,2826,270.0,412.0,60.0,82.0,63.44,2.0,1920.0,,ground_floor,,central_heating,2.34,False,True,False,True,False,False,Feb20
115701406,Nordrhein_Westfalen,Düsseldorf,Bilk,40221,450.0,550.0,70.0,30.0,36.0,1.0,,,apartment,,,4.78,False,False,False,False,False,True,Feb20
115273460,Sachsen_Anhalt,Burgenlandkreis,Naumburg_Saale,6618,460.0,680.0,220.0,,86.94,4.0,1912.0,,apartment,E,central_heating,1.35,False,True,False,True,True,False,Feb20
115635055,Hessen,Darmstadt,Darmstadt_Nord,64295,480.0,630.0,150.0,,56.0,2.0,,modernized,roof_storey,,night_storage_heater,4.7,False,False,False,True,True,False,Feb20
87655395,Nordrhein_Westfalen,Mönchengladbach,Eicken,41063,365.5,595.5,90.0,140.0,65.01,2.0,1983.0,well_kept,apartment,,central_heating,3.39,False,True,False,True,False,False,Feb20
96748411,Niedersachsen,Osterode_am_Harz_Kreis,Bad_Lauterberg_im_Harz,37431,285.0,345.0,60.0,,56.07,2.0,1973.0,well_kept,apartment,,,0.0,False,True,False,True,False,False,May19
111064508,Saarland,Stadtverband_Saarbrücken_Kreis,Großrosseln,66352,420.0,670.0,250.0,,84.0,3.0,1871.0,well_kept,ground_floor,,district_heating,0.0,False,False,False,True,False,False,May19
113043841,Bayern,München,Bogenhausen,81927,2250.0,2600.0,260.0,,105.0,3.0,2020.0,first_time_use,apartment,,central_heating,5.56,True,True,True,True,False,False,Oct19
57846795,Niedersachsen,Osnabrück_Kreis,Bramsche,49565,320.0,400.0,80.0,,40.0,2.0,1995.0,mint_condition,ground_floor,,central_heating,4.68,False,True,False,True,False,False,May19
110363549,Sachsen,Leipzig_Kreis,Markranstädt,4420,846.0,1128.0,282.0,,140.0,5.0,1910.0,refurbished,maisonette,,central_heating,3.08,False,False,False,True,False,True,May19
54339582,Sachsen_Anhalt,Burgenlandkreis,Weißenfels,6667,299.3,419.02,119.72,,59.86,3.0,1930.0,mint_condition,apartment,C,central_heating,0.0,False,True,False,True,True,False,Oct19
108926843,Rheinland_Pfalz,Bernkastel_Wittlich_Kreis,Traben_Trarbach,56841,650.0,780.0,130.0,,139.0,3.0,1904.0,fully_renovated,apartment,,oil_heating,6.78,False,True,False,True,False,True,May19
111359077,Baden_Württemberg,Tuttlingen_Kreis,Tuttlingen,78532,1030.41,1290.41,260.0,,114.49,3.0,1994.0,fully_renovated,roof_storey,,gas_heating,5.91,False,True,True,True,False,True,May19
62867419,Nordrhein_Westfalen,Dortmund,Brackel,44309,540.0,715.0,115.0,60.0,76.0,3.0,1968.0,fully_renovated,ground_floor,,central_heating,3.72,False,True,False,True,False,False,May19
113701475,Sachsen,Mittelsachsen_Kreis,Freiberg,9599,245.0,359.0,114.0,,46.0,2.0,1975.0,fully_renovated,apartment,B,district_heating,1.18,False,True,False,True,False,False,Oct19
107360483,Nordrhein_Westfalen,Kleve_Kreis,Kleve,47533,756.0,946.0,110.0,80.0,90.0,3.0,2018.0,first_time_use,apartment,,central_heating,2.48,True,True,False,True,False,False,Sep18
115559483,Nordrhein_Westfalen,Essen,Holsterhausen,45147,630.0,851.0,221.0,65.0,81.38,3.0,1910.0,first_time_use_after_refurbishment,,D,district_heating,3.81,False,False,False,False,False,False,Feb20
115677808,Bayern,Nürnberg,Schniegling,90427,680.0,,160.0,,56.8,3.0,1900.0,first_time_use_after_refurbishment,apartment,E,central_heating,2.7,False,True,False,True,False,False,Feb20
107316204,Nordrhein_Westfalen,Duisburg,Hochemmerich,47226,310.0,462.0,104.0,48.0,59.0,2.0,1953.0,first_time_use_after_refurbishment,apartment,,district_heating,1.79,False,False,False,True,False,False,Sep18
108835735,Niedersachsen,Osnabrück,Weststadt,49078,1022.0,1202.0,180.0,,104.3,3.0,2017.0,,apartment,B,,4.18,False,True,True,False,False,False,Oct19
103155278,Sachsen,Dresden,Briesnitz,1157,380.0,507.0,127.0,,63.31,2.0,1930.0,refurbished,ground_floor,C,combined_heat_and_power_plant,2.19,False,True,False,True,False,False,Oct19
110678761,Brandenburg,Teltow_Fläming_Kreis,Blankenfelde_Mahlow,15831,1250.0,1500.0,250.0,,121.4,4.0,,modernized,ground_floor,,floor_heating,6.26,False,True,False,False,False,True,Feb20
111379651,Thüringen,Gotha_Kreis,Gotha,99867,460.0,685.0,125.0,100.0,93.0,4.0,,,maisonette,,gas_heating,4.29,False,False,False,True,True,False,May19
106218997,Nordrhein_Westfalen,Märkischer_Kreis,Lüdenscheid,58513,190.0,340.0,150.0,,38.0,1.0,1958.0,,roof_storey,B,gas_heating,3.23,False,False,False,False,False,False,Sep18
84503097,Sachsen,Leipzig_Kreis,Frohburg,4654,180.0,,70.0,,40.0,2.0,1920.0,modernized,roof_storey,H,self_contained_central_heating,1.89,False,False,False,False,False,False,Oct19
112425102,Mecklenburg_Vorpommern,Rostock,Toitenwinkel,18147,336.0,501.0,105.0,60.0,61.82,3.0,1990.0,,apartment,,district_heating,2.02,False,True,False,True,False,False,Oct19
88548190,Nordrhein_Westfalen,Duisburg,Neumühl,47167,380.0,575.0,75.0,75.0,76.0,3.5,1971.0,fully_renovated,apartment,,gas_heating,3.57,False,True,False,True,True,False,Sep18
108407891,Nordrhein_Westfalen,Borken_Kreis,Stadtlohn,48703,600.0,900.0,200.0,,100.0,4.0,2017.0,fully_renovated,apartment,E,gas_heating,3.33,False,True,False,False,False,True,Oct19
109969923,Sachsen,Leipzig,Eutritzsch,4129,390.0,510.0,120.0,,56.0,2.0,1915.0,well_kept,apartment,,central_heating,5.09,False,False,False,False,True,True,May19
110350660,Bayern,Nürnberg,Eibach,90451,505.0,665.0,160.0,,48.0,2.0,1995.0,well_kept,apartment,,central_heating,4.23,False,False,False,True,False,True,Feb20
113852235,Bayern,Miltenberg_Kreis,Obernburg_am_Main,63785,825.0,955.0,130.0,,73.0,2.0,2015.0,mint_condition,roof_storey,,floor_heating,3.65,False,True,False,True,False,True,Oct19
113504740,Nordrhein_Westfalen,Rhein_Sieg_Kreis,Neunkirchen_Seelscheid,53819,750.0,1030.0,280.0,,112.0,4.0,1978.0,modernized,ground_floor,,oil_heating,3.97,False,True,False,True,True,True,Oct19
106000484,Brandenburg,Cottbus,Sachsendorf,3048,247.95,,147.2,,42.75,1.0,1976.0,refurbished,ground_floor,,central_heating,0.0,False,True,True,True,False,True,Sep18
107826573,Thüringen,Gera,Stadtmitte,7545,346.0,480.0,134.0,,67.0,3.0,1986.0,mint_condition,apartment,,district_heating,2.6,False,False,False,True,False,False,May19
113854972,Berlin,Berlin,Marienfelde_Tempelhof,12277,730.0,950.0,220.0,,80.0,3.0,1968.0,well_kept,other,NO_INFORMATION,gas_heating,6.23,False,True,False,True,False,True,Oct19
100900306,Sachsen_Anhalt,Halle_Saale,Kröllwitz,6120,1564.64,1920.24,355.6,,142.24,4.0,,first_time_use_after_refurbishment,,,floor_heating,4.29,False,True,False,False,False,False,Sep18
110743111,Bayern,Mühldorf_am_Inn_Kreis,Mühldorf_am_Inn,84453,511.1,683.1,108.0,64.0,64.37,3.0,1949.0,,ground_floor,,central_heating,4.11,False,False,False,True,False,False,May19
114286990,Bayern,Augsburg,Innenstadt,86150,982.24,1192.72,210.48,,70.16,2.0,2019.0,first_time_use_after_refurbishment,apartment,,district_heating,3.79,True,False,True,True,False,False,Feb20
68316502,Niedersachsen,Wesermarsch_Kreis,Nordenham,26954,300.0,,150.0,,60.0,1.0,1957.0,,apartment,,central_heating,3.65,False,False,False,False,False,False,Oct19
109815676,Niedersachsen,Oldenburg_Oldenburg,Bürgerfelde,26121,324.0,,140.0,,36.0,1.0,1972.0,well_kept,apartment,,central_heating,6.49,False,True,True,True,False,True,May19
111136821,Nordrhein_Westfalen,Solingen,Solingen_Mitte,42651,261.51,,168.0,99.0,57.0,2.0,1979.0,fully_renovated,apartment,F,central_heating,3.06,False,True,True,True,False,True,May19
112412988,Nordrhein_Westfalen,Wesel_Kreis,Hamminkeln,46499,790.0,,260.0,,86.65,2.5,2019.0,mint_condition,apartment,A_PLUS,central_heating,2.84,True,True,True,False,False,False,Oct19
106217171,Schleswig_Holstein,Kiel,Schilksee,24159,770.0,930.0,100.0,60.0,77.0,3.0,1972.0,modernized,,,central_heating,4.05,False,False,True,False,False,False,Sep18
115600585,Nordrhein_Westfalen,Lippe_Kreis,Detmold,32756,270.0,350.0,80.0,,38.0,1.0,,mint_condition,ground_floor,,central_heating,3.83,False,False,False,False,False,True,Feb20
115690579,Nordrhein_Westfalen,Gelsenkirchen,Schalke,45881,460.0,,80.0,80.0,98.0,4.0,,well_kept,roof_storey,C,district_heating,2.24,False,False,False,True,False,True,Feb20
114448389,Sachsen,Dresden,Friedrichstadt,1067,295.0,445.0,70.0,80.0,60.56,3.0,1980.0,well_kept,other,NO_INFORMATION,district_heating,2.73,False,False,False,True,False,False,Feb20
114558640,Nordrhein_Westfalen,Recklinghausen_Kreis,Castrop_Rauxel,44575,355.0,500.0,75.0,75.0,60.0,4.5,1954.0,well_kept,,,central_heating,3.27,False,False,False,True,False,False,Feb20
113500555,Sachsen_Anhalt,Magdeburg,Kannenstieg,39128,315.0,455.0,70.0,70.0,60.33,3.0,1976.0,,other,,,1.27,False,True,False,False,False,False,Oct19
105939763,Nordrhein_Westfalen,Unna_Kreis,Lünen,44536,265.34,352.34,87.0,,59.0,2.5,1974.0,,apartment,,,3.33,False,True,False,True,False,False,Sep18
114991919,Nordrhein_Westfalen,Bochum,Günnigfeld,44866,180.0,300.0,120.0,,37.2,1.0,1915.0,,roof_storey,,central_heating,3.52,False,False,False,False,False,False,Feb20
90767726,Nordrhein_Westfalen,Oberhausen,Marienkirche,46047,491.0,694.0,121.0,82.0,81.0,3.0,1962.0,,apartment,,central_heating,4.92,False,True,False,False,False,False,Sep18
115634230,Sachsen,Chemnitz,Bernsdorf,9126,455.0,615.0,90.0,70.0,65.42,1.0,1904.0,well_kept,apartment,E,central_heating,0.38,False,False,False,False,False,True,Feb20
79664243,Hessen,Wetteraukreis,Bad_Nauheim,61231,640.0,,,,75.16,3.0,1990.0,well_kept,apartment,,central_heating,,False,True,False,True,False,False,May19
106384600,Sachsen_Anhalt,Harz_Kreis,Quedlinburg,6484,314.88,439.88,45.0,80.0,57.25,3.0,1968.0,first_time_use_after_refurbishment,,,district_heating,3.64,False,True,False,True,False,False,Sep18
115305102,Sachsen_Anhalt,Börde_Kreis,Oschersleben_Bode,39387,820.0,,140.0,110.0,116.35,3.0,2019.0,refurbished,,,,0.72,True,False,True,True,False,False,Feb20
105891573,Rheinland_Pfalz,Rhein_Hunsrück_Kreis,Simmern/Hunsrück,55469,900.0,1100.0,200.0,,150.0,5.0,1984.0,well_kept,maisonette,C,gas_heating,2.86,False,True,True,False,False,False,Sep18
99448439,Sachsen_Anhalt,Wittenberg_Kreis,Annaburg,6925,260.0,390.0,130.0,70.0,59.0,3.0,,modernized,ground_floor,,district_heating,0.15,False,True,False,True,False,False,Feb20
115540520,Sachsen,Chemnitz,Hilbersdorf,9131,420.3,,170.0,,76.42,3.0,1910.0,refurbished,,,central_heating,0.2,False,True,False,True,True,False,Feb20
110051858,Thüringen,Gera,Gera_Ost,7545,304.27,435.52,77.56,53.69,59.66,3.0,1966.0,refurbished,,,central_heating,2.65,False,True,False,True,False,False,May19
113164395,Sachsen_Anhalt,Saalekreis,Merseburg,6217,247.39,383.97,43.81,92.77,51.54,2.0,1931.0,negotiable,apartment,,,-0.18,False,True,False,True,False,False,Oct19
115470274,Nordrhein_Westfalen,Duisburg,Obermeiderich,47137,329.0,,126.0,53.0,57.0,3.0,1958.0,well_kept,apartment,,district_heating,3.17,False,True,False,True,False,False,Feb20
115694302,Nordrhein_Westfalen,Aachen,Hansemannplatz/Jülicher_Straße,52070,520.0,670.0,,,54.0,2.0,,,apartment,,,2.55,False,False,False,True,True,False,Feb20
110063899,Thüringen,Gera,Stadtmitte,7546,327.0,471.0,84.0,60.0,70.0,4.0,1968.0,fully_renovated,apartment,,central_heating,2.6,False,True,False,False,False,False,May19
114521464,Baden_Württemberg,Schwarzwald_Baar_Kreis,Bad_Dürrheim,78073,1700.85,2110.0,409.15,103.35,147.9,4.0,2020.0,,,,,5.99,True,True,True,True,False,False,Feb20
111381950,Baden_Württemberg,Heilbronn,Heilbronner_Kernstadt,74072,800.0,900.0,100.0,,80.0,4.0,,,apartment,,central_heating,7.86,False,False,True,True,False,True,May19
108373161,Sachsen_Anhalt,Anhalt_Bitterfeld_Kreis,Bitterfeld_Wolfen,6766,280.0,385.0,50.0,55.0,49.5,2.0,,first_time_use_after_refurbishment,apartment,,district_heating,1.69,False,True,False,True,False,False,May19
111354996,Baden_Württemberg,Bodenseekreis,Friedrichshafen,88046,500.0,650.0,150.0,,34.0,1.0,1973.0,fully_renovated,ground_floor,,oil_heating,3.73,False,True,False,True,False,True,May19
109673072,Sachsen,Dresden,Kleinzschachwitz,1259,440.0,570.0,130.0,,58.02,2.0,1995.0,,,,central_heating,1.3,False,False,False,True,True,False,May19
111959175,Sachsen,Dresden,Löbtau_Nord,1159,538.5,683.5,145.0,115.0,71.8,3.0,1920.0,refurbished,,,central_heating,2.47,False,False,False,True,False,False,Oct19
105052419,Sachsen,Chemnitz,Sonnenberg,9130,214.8,322.8,54.0,54.0,53.7,2.0,,refurbished,apartment,,central_heating,0.0,False,False,False,True,False,False,Sep18
107332531,Niedersachsen,Stade_Kreis,Stade,21682,700.22,887.22,187.0,,80.95,3.0,1972.0,refurbished,ground_floor,NO_INFORMATION,central_heating,4.41,False,True,False,True,True,True,Sep18
83651534,Nordrhein_Westfalen,Bonn,Bad_Godesberg,53173,630.0,860.0,260.0,,77.0,2.0,1972.0,modernized,apartment,,gas_heating,3.29,False,True,False,True,False,False,Oct19
107101871,Hessen,Rheingau_Taunus_Kreis,Niedernhausen,65527,695.0,915.0,190.0,,75.0,3.0,,well_kept,apartment,,central_heating,3.61,False,False,False,True,False,True,Sep18
115508496,Nordrhein_Westfalen,Essen,Katernberg,45327,334.0,567.61,156.0,77.84,64.87,2.0,1978.0,fully_renovated,apartment,,,3.57,False,True,True,True,False,False,Feb20
108482052,Sachsen_Anhalt,Saalekreis,Merseburg,6217,295.0,407.0,112.0,,53.5,2.0,1940.0,refurbished,apartment,B,district_heating,1.82,False,False,False,False,False,False,May19
102125532,Sachsen,Görlitz,Königshufen,2828,274.56,424.56,150.0,80.0,70.4,3.0,1986.0,fully_renovated,,,district_heating,2.04,False,True,False,False,False,False,Sep18
112884014,Bayern,Kitzingen_Kreis,Kitzingen,97318,670.0,,120.0,,78.0,3.0,,first_time_use_after_refurbishment,roof_storey,,,4.65,False,False,False,True,False,False,Oct19
107334529,Baden_Württemberg,Esslingen_Kreis,Nürtingen,72622,1650.0,1650.0,,,87.0,4.0,1912.0,well_kept,apartment,H,gas_heating,4.65,False,False,False,True,False,True,Sep18
113492686,Bayern,Rosenheim_Kreis,Gstadt_am_Chiemsee,83257,1100.0,1250.0,150.0,,100.0,3.0,,first_time_use_after_refurbishment,apartment,,oil_heating,3.03,False,True,False,False,True,True,Oct19
115118631,Brandenburg,Teltow_Fläming_Kreis,Luckenwalde,14943,325.0,445.0,120.0,,45.5,2.0,1904.0,fully_renovated,apartment,,central_heating,5.34,False,False,False,False,False,True,Feb20
111241415,Schleswig_Holstein,Steinburg_Kreis,Wilster,25554,355.0,,175.0,,70.0,2.5,1971.0,,apartment,,central_heating,3.71,False,False,False,True,False,False,May19
114989687,Sachsen_Anhalt,Magdeburg,Werder,39114,738.24,1015.08,138.42,138.42,92.28,3.0,1933.0,fully_renovated,ground_floor,D,central_heating,2.33,False,True,False,True,False,False,Feb20
115652986,Hessen,Kassel,Rothenditmold,34127,260.0,355.0,,,18.0,1.0,,,ground_floor,,,2.56,False,False,False,False,False,True,Feb20
106440413,Sachsen,Leipzig,Plagwitz,4229,606.0,724.0,118.0,,53.85,1.0,2018.0,first_time_use,,,floor_heating,5.6,True,True,True,True,False,True,Sep18
71839504,Sachsen,Plauen,Südvorstadt,8527,278.4,386.4,108.0,,60.0,2.0,1929.0,,roof_storey,,,1.71,False,False,False,True,False,False,Oct19
113444551,Saarland,Stadtverband_Saarbrücken_Kreis,Saarbrücken,66121,650.0,650.0,250.0,,88.0,2.0,1975.0,well_kept,other,,central_heating,2.37,False,True,True,True,False,True,Oct19
111247031,Mecklenburg_Vorpommern,Nordwestmecklenburg_Kreis,Grevesmühlen,23936,280.0,386.0,50.0,56.0,49.43,2.0,1974.0,fully_renovated,ground_floor,C,central_heating,1.67,False,True,False,True,True,True,May19
111225346,Bayern,Aschaffenburg,Stadtmitte,63739,495.0,595.0,100.0,,43.0,2.0,,well_kept,apartment,,central_heating,4.04,False,True,True,True,False,True,May19
113880703,Nordrhein_Westfalen,Wesel_Kreis,Neukirchen_Vluyn,47506,1080.0,1300.0,220.0,,99.0,2.5,2020.0,first_time_use,penthouse,,district_heating,2.75,True,True,True,True,False,False,Feb20
111887653,Nordrhein_Westfalen,Duisburg,Beeck,47139,341.0,545.6,124.0,80.6,62.0,2.0,1974.0,fully_renovated,apartment,,,2.46,False,True,False,True,False,False,Oct19
106736917,Berlin,Berlin,Friedrichshain_Friedrichshain,10245,1394.54,1744.0,350.0,,100.0,3.0,,well_kept,apartment,,,10.09,False,True,False,False,False,False,Sep18
111204719,Niedersachsen,Northeim_Kreis,Northeim,37154,351.34,500.34,149.0,35.0,61.31,2.0,1995.0,,roof_storey,,central_heating,4.27,False,True,False,False,True,False,May19
113270076,Nordrhein_Westfalen,Recklinghausen_Kreis,Marl,45770,240.0,400.0,160.0,,46.0,3.0,1948.0,,ground_floor,F,central_heating,2.66,False,False,False,True,False,False,Oct19
100730429,Hamburg,Hamburg,Altona_Altstadt,22767,1100.0,1378.25,151.0,127.25,79.5,2.0,1972.0,refurbished,apartment,,central_heating,5.98,False,True,True,True,False,True,Feb20
88601913,Nordrhein_Westfalen,Duisburg,Hochheide,47198,259.0,,115.0,,44.0,2.0,1985.0,well_kept,apartment,,central_heating,3.7,False,True,False,True,False,False,Feb20
53844390,Nordrhein_Westfalen,Soest_Kreis,Warstein,59581,350.0,480.0,130.0,,69.0,2.0,1999.0,well_kept,roof_storey,,central_heating,1.96,False,False,False,True,False,False,Sep18
115650107,Berlin,Berlin,Karow_Weißensee,13125,530.07,699.0,168.93,52.79,59.99,2.0,1997.0,refurbished,ground_floor,C,district_heating,6.33,False,True,False,True,False,True,Feb20
97420229,Rheinland_Pfalz,Kaiserslautern,Innenstadt,67655,260.0,345.0,85.0,,35.0,1.0,1950.0,,apartment,,district_heating,3.08,False,False,False,False,False,False,Sep18
110239697,Nordrhein_Westfalen,Hochsauerlandkreis,Meschede,59872,430.0,683.0,156.0,97.0,79.04,3.0,1972.0,well_kept,apartment,,central_heating,4.42,False,True,True,False,True,False,May19
110951816,Sachsen,Vogtlandkreis,Falkenstein/Vogtland,8223,300.0,440.0,140.0,,66.0,3.0,,modernized,,,central_heating,3.06,False,False,False,True,True,False,May19
113147209,Nordrhein_Westfalen,Bochum,Südinnenstadt,44789,1270.0,1540.0,270.0,,120.0,3.0,1930.0,well_kept,raised_ground_floor,,central_heating,4.7,False,True,False,True,True,True,Oct19
110874074,Berlin,Berlin,Lichterfelde_Steglitz,14167,1250.0,1480.0,,,75.0,1.0,1939.0,mint_condition,roof_storey,NO_INFORMATION,district_heating,8.51,False,True,True,False,False,True,May19
112055052,Sachsen,Chemnitz,Bernsdorf,9126,250.0,353.0,103.0,,51.0,2.0,,fully_renovated,apartment,,,0.0,False,True,False,True,True,True,Oct19
34840555,Hessen,Darmstadt,Darmstadt_West,64295,1300.0,1680.0,260.0,,112.0,4.0,2002.0,mint_condition,penthouse,,central_heating,3.82,False,True,True,True,False,False,Oct19
115641991,Hessen,Main_Taunus_Kreis,Flörsheim_am_Main,65439,460.0,540.0,80.0,,28.0,1.0,,fully_renovated,half_basement,,central_heating,3.71,False,False,False,False,True,True,Feb20
106786045,Nordrhein_Westfalen,Aachen_Kreis,Eschweiler,52249,438.0,623.0,185.0,,73.0,4.0,1965.0,,roof_storey,D,,3.17,False,False,False,False,False,False,Sep18
110310671,Niedersachsen,Hameln_Pyrmont_Kreis,Hameln,31787,630.0,,170.0,,83.4,4.0,1985.0,well_kept,ground_floor,,central_heating,4.95,False,True,False,True,True,True,May19
111056064,Mecklenburg_Vorpommern,Nordvorpommern_Kreis,Ribnitz_Damgarten,18311,579.0,,120.0,,65.0,2.0,1994.0,well_kept,apartment,,central_heating,2.0,False,True,False,True,True,False,May19
114767399,Mecklenburg_Vorpommern,Rostock,Markgrafenheide,18119,823.5,,180.0,,67.5,2.0,2020.0,mint_condition,apartment,,central_heating,2.11,True,True,True,False,True,False,Feb20
110786963,Sachsen,Mittelsachsen_Kreis,Burgstädt,9217,535.0,737.0,182.0,,91.0,4.0,,refurbished,raised_ground_floor,,gas_heating,0.98,False,True,False,True,True,False,May19
106687269,Sachsen_Anhalt,Magdeburg,Stadtfeld_Ost,39108,294.85,499.0,204.15,78.96,60.36,3.0,1967.0,,apartment,C,district_heating,1.54,False,True,False,False,False,False,Sep18
111328549,Schleswig_Holstein,Pinneberg_Kreis,Pinneberg,25421,670.0,820.0,150.0,,61.71,2.0,1970.0,modernized,apartment,,central_heating,4.72,False,True,False,True,False,True,May19
46363917,Nordrhein_Westfalen,Essen,Freisenbruch,45276,550.0,685.0,135.0,,78.0,3.0,1967.0,well_kept,apartment,,electric_heating,3.13,False,True,False,True,False,False,Feb20
105700677,Rheinland_Pfalz,Rhein_Lahn_Kreis,Lahnstein,56112,690.0,940.0,250.0,,84.0,3.0,,well_kept,apartment,,central_heating,4.35,False,True,False,True,False,False,Oct19
113680965,Nordrhein_Westfalen,Dortmund,Scharnhorst,44328,489.0,693.0,140.0,64.0,69.15,3.0,1973.0,,apartment,B,central_heating,4.42,False,True,False,True,False,False,Oct19
103946000,Sachsen,Meißen_Kreis,Riesa,1589,340.0,,50.0,,74.92,2.0,1899.0,well_kept,apartment,,self_contained_central_heating,0.74,False,True,False,True,True,False,Oct19
112369643,Thüringen,Gotha_Kreis,Gotha,99867,514.0,690.0,176.0,,96.0,3.0,,fully_renovated,apartment,,central_heating,3.19,False,True,False,True,True,False,Oct19
110879195,Sachsen_Anhalt,Magdeburg,Stadtfeld_Ost,39108,321.93,466.93,80.0,65.0,61.32,3.0,1961.0,,other,,,3.08,False,False,False,False,False,False,May19
115700626,Sachsen,Görlitz,Hagenwerder,2827,233.0,340.0,117.0,,58.3,3.0,1958.0,fully_renovated,apartment,,gas_heating,,False,False,False,True,True,False,Feb20
109806577,Nordrhein_Westfalen,Aachen,Adalbertsteinweg,52070,700.0,860.0,160.0,,82.0,3.0,,well_kept,roof_storey,,gas_heating,4.82,False,False,False,True,False,True,May19
109002734,Sachsen,Leipzig_Kreis,Bad_Lausick,4651,262.0,431.0,50.0,119.0,62.43,3.0,1988.0,first_time_use_after_refurbishment,roof_storey,,central_heating,2.74,False,True,False,True,False,False,May19
111772947,Brandenburg,Potsdam_Mittelmark_Kreis,Stahnsdorf,14532,1596.0,1995.0,399.0,,133.0,5.0,2018.0,first_time_use,maisonette,,central_heating,4.8,True,True,False,True,True,True,Oct19
108167295,Nordrhein_Westfalen,Wesel_Kreis,Wesel,46483,390.0,470.0,80.0,,56.0,2.0,1958.0,fully_renovated,apartment,,night_storage_heater,2.56,False,False,False,True,False,False,May19
111417414,Nordrhein_Westfalen,Dortmund,Renninghausen,44225,307.34,514.34,147.0,60.0,63.0,2.5,1970.0,,apartment,D,central_heating,4.39,False,True,True,True,False,False,May19
106105000,Sachsen,Leipzig,Sellerhausen_Stünz,4318,465.0,,185.0,,84.5,2.0,,,roof_storey,,,4.92,False,False,False,False,False,False,Sep18
113853163,Bayern,München,Perlach,81737,1200.0,1525.0,250.0,,98.6,3.0,1972.0,first_time_use_after_refurbishment,,,central_heating,5.13,False,True,True,True,False,False,Oct19
112573377,Sachsen,Chemnitz,Bernsdorf,9126,375.0,509.0,134.0,,65.54,3.0,1900.0,well_kept,,E,central_heating,0.0,False,True,False,False,True,False,Oct19
114033523,Nordrhein_Westfalen,Mülheim_an_der_Ruhr,Holthausen,45472,550.0,870.0,320.0,,78.0,2.0,,well_kept,apartment,,central_heating,2.78,False,True,False,False,False,False,Feb20
84101941,Sachsen,Chemnitz,Kappel,9119,299.0,,80.0,50.0,57.5,3.0,1974.0,refurbished,apartment,C,district_heating,,False,True,False,True,False,False,Oct19
105519488,Baden_Württemberg,Mannheim,Feudenheim,68259,1250.0,1400.0,150.0,,113.0,2.0,2002.0,fully_renovated,roof_storey,,floor_heating,4.4,False,True,False,True,False,False,Sep18
111819839,Mecklenburg_Vorpommern,Rostock,Seebad_Warnemünde,18119,790.0,952.5,162.5,,65.0,2.0,2019.0,first_time_use,apartment,NO_INFORMATION,floor_heating,3.34,True,True,True,False,False,True,Feb20
109971160,Bayern,Pfaffenhofen_an_der_Ilm_Kreis,Geisenfeld,85290,950.0,1150.0,200.0,,83.6,3.0,2018.0,mint_condition,apartment,,wood_pellet_heating,4.55,True,True,True,True,False,True,May19
106662212,Nordrhein_Westfalen,Ennepe_Ruhr_Kreis,Witten,58452,359.73,559.73,200.0,,79.94,2.5,1952.0,well_kept,apartment,,central_heating,3.23,False,True,False,True,True,False,Sep18
57682958,Sachsen_Anhalt,Saalekreis,Merseburg,6217,325.0,475.0,75.0,75.0,55.0,2.0,1927.0,well_kept,ground_floor,NO_INFORMATION,central_heating,0.0,False,False,False,True,False,False,May19
111890674,Sachsen,Chemnitz,Zentrum,9113,232.47,335.79,103.32,,51.66,2.0,1900.0,well_kept,,,central_heating,0.55,False,False,False,False,False,False,Oct19
109914573,Bremen,Bremerhaven,Geestemünde,27570,450.0,,175.0,,75.0,3.0,1959.0,well_kept,apartment,,central_heating,3.93,False,True,False,True,False,False,May19
93398700,Hessen,Werra_Meißner_Kreis,Witzenhausen,37217,400.0,500.0,100.0,,85.0,3.0,1978.0,fully_renovated,ground_floor,,oil_heating,2.22,False,True,False,True,False,True,Oct19
107372992,Hessen,Frankfurt_am_Main,Sachsenhausen_Nord,60594,2198.0,2553.0,355.0,,141.75,4.0,2014.0,mint_condition,apartment,,,5.15,False,True,True,True,False,True,Sep18
115654987,Berlin,Berlin,Charlottenburg_Charlottenburg,14059,359.69,499.69,90.0,50.0,50.0,2.0,1958.0,well_kept,apartment,,district_heating,6.13,False,False,False,False,False,False,Feb20
66865321,Nordrhein_Westfalen,Heinsberg_Kreis,Erkelenz,41812,570.0,670.0,100.0,,73.0,2.0,,well_kept,apartment,,self_contained_central_heating,3.23,False,False,False,True,True,True,May19
115554463,Thüringen,Erfurt,Roter_Berg,99087,240.0,355.0,115.0,44.0,44.27,2.0,1979.0,well_kept,,,district_heating,1.01,False,True,True,False,False,False,Feb20
109710523,Nordrhein_Westfalen,Dortmund,Dorstfeld,44149,450.0,640.0,100.0,90.0,63.0,2.5,,mint_condition,ground_floor,,central_heating,4.69,False,False,False,True,False,False,May19
115506400,Bayern,Passau,Haidenhof_Süd,94032,440.0,540.0,100.0,,30.0,1.0,2011.0,mint_condition,apartment,,central_heating,4.09,False,True,True,True,False,True,Feb20
110023073,Sachsen,Chemnitz,Kaßberg,9112,815.0,1065.0,250.0,,124.7,4.0,1900.0,first_time_use,,,floor_heating,0.43,False,True,True,False,False,False,May19
71489298,Sachsen,Leipzig,Schönefeld_Abtnaundorf,4347,412.73,627.73,115.0,100.0,86.0,3.0,1910.0,refurbished,apartment,,central_heating,3.51,False,False,False,True,True,False,Feb20
113338263,Nordrhein_Westfalen,Bochum,Grumme,44807,700.0,901.0,201.0,,87.5,3.5,1962.0,,ground_floor,,gas_heating,4.41,False,True,False,False,True,False,Oct19
115443632,Bayern,München,Solln,81479,3265.0,3665.0,400.0,,208.0,4.0,2001.0,mint_condition,other,C,floor_heating,4.58,False,True,True,True,True,True,Feb20
104903247,Hessen,Offenbach_am_Main,Stadtmitte,63069,920.0,1020.0,100.0,,85.0,3.0,1900.0,fully_renovated,roof_storey,,self_contained_central_heating,4.44,False,True,False,True,False,True,Feb20
113821396,Niedersachsen,Hildesheim_Kreis,Nordstemmen,31171,415.0,565.0,60.0,90.0,70.94,2.5,1998.0,mint_condition,roof_storey,,central_heating,5.17,False,True,False,True,False,False,Oct19
105442962,Sachsen_Anhalt,Halle_Saale,Giebichenstein,6114,218.0,288.0,40.0,30.0,24.14,1.0,,refurbished,,,district_heating,2.86,False,False,False,False,False,True,Feb20
89558057,Sachsen,Chemnitz,Kaßberg,9112,800.0,,240.0,,120.0,3.0,1910.0,well_kept,maisonette,,floor_heating,1.89,False,True,False,False,False,False,Sep18
106984115,Baden_Württemberg,Rhein_Neckar_Kreis,Leimen,69181,1500.0,1650.0,150.0,,126.0,4.0,,mint_condition,apartment,,,4.94,False,True,False,True,True,True,Sep18
110829740,Hessen,Kassel,Kirchditmold,34128,413.95,523.95,110.0,,48.7,2.5,1949.0,,apartment,,self_contained_central_heating,4.0,False,True,False,True,False,False,May19
106893298,Hessen,Frankfurt_am_Main,Nordend_Ost,60386,990.0,1220.0,220.0,,58.0,2.0,1973.0,well_kept,apartment,,central_heating,6.38,False,True,True,False,False,True,Sep18
112279582,Sachsen,Leipzig,Connewitz,4277,1073.84,1310.79,236.95,,100.83,4.0,2018.0,first_time_use,apartment,B,district_heating,4.32,True,True,True,False,False,True,Oct19
114444885,Hessen,Marburg_Biedenkopf_Kreis,Marburg,35039,555.0,660.0,105.0,,73.7,3.0,1965.0,well_kept,apartment,,self_contained_central_heating,1.61,False,True,False,True,False,False,Feb20
113700302,Sachsen,Chemnitz,Kaßberg,9112,425.0,605.0,180.0,,77.18,3.0,1997.0,,apartment,,,0.54,False,False,False,True,False,True,Oct19
113485060,Bayern,Bad_Tölz_Wolfratshausen_Kreis,Geretsried,82538,427.35,592.35,97.0,68.0,56.98,2.0,2019.0,first_time_use,ground_floor,B,floor_heating,5.22,True,True,True,False,False,False,Oct19
113142567,Sachsen,Dresden,Strehlen,1277,202.38,295.0,92.62,,23.26,1.0,1970.0,,,,,2.83,False,False,True,False,False,False,Oct19
115645826,Bayern,Nürnberg,Röthenbach_Ost,90451,510.0,670.0,160.0,,47.3,2.0,1994.0,well_kept,apartment,B,district_heating,2.52,False,True,False,False,False,False,Feb20
111341161,Hessen,Main_Kinzig_Kreis,Gelnhausen,63571,800.0,1025.0,225.0,,95.0,3.0,1991.0,well_kept,maisonette,,central_heating,4.04,False,True,False,True,True,False,May19
110518993,Thüringen,Nordhausen_Kreis,Nordhausen,99734,200.75,365.0,55.0,100.0,41.73,2.0,1980.0,,other,,,1.75,False,True,False,False,False,False,May19
70921276,Bremen,Bremerhaven,Mitte,27568,279.0,,86.0,,54.0,2.0,1939.0,modernized,ground_floor,,self_contained_central_heating,1.82,False,True,False,True,False,False,May19
112794617,Baden_Württemberg,Rastatt_Kreis,Rastatt,76437,831.0,1004.0,173.0,,83.12,3.0,,,ground_floor,,floor_heating,4.41,False,True,True,True,False,True,Feb20
111407925,Thüringen,Altenburger_Land_Kreis,Altenburg,4600,275.0,373.0,55.0,43.0,45.91,2.0,1885.0,refurbished,apartment,,central_heating,1.14,False,False,False,False,False,True,May19
110768064,Baden_Württemberg,Stuttgart,Mitte,70173,1360.0,,230.0,,68.0,2.0,,,apartment,,,7.69,False,False,False,True,False,True,May19
101392229,Sachsen,Chemnitz,Hilbersdorf,9131,325.0,440.0,115.0,60.0,65.0,2.0,,well_kept,roof_storey,,central_heating,0.0,False,True,False,True,True,False,Feb20
109729916,Sachsen,Görlitz,Südstadt,2826,428.3,553.3,50.0,75.0,86.0,3.0,,,apartment,,central_heating,1.79,False,True,False,True,False,False,May19
114942061,Sachsen_Anhalt,Halle_Saale,Südliche_Innenstadt,6110,530.0,695.0,165.0,,76.09,3.0,1910.0,refurbished,roof_storey,,central_heating,2.03,False,True,False,True,False,False,Feb20
110292279,Mecklenburg_Vorpommern,Neubrandenburg,Datzeviertel,17034,290.0,470.0,180.0,72.0,71.79,3.0,1979.0,modernized,,C,district_heating,-0.23,False,True,False,False,False,False,May19
108092507,Hessen,Wetteraukreis,Bad_Vilbel,61118,2320.0,2830.0,510.0,,160.0,5.0,,first_time_use,terraced_flat,,,4.56,False,True,True,False,True,True,May19
111055961,Niedersachsen,Hildesheim_Kreis,Hildesheim,31134,480.0,,110.0,,63.0,3.0,1900.0,first_time_use_after_refurbishment,apartment,E,central_heating,5.45,False,True,False,False,False,False,May19
115383444,Sachsen,Leipzig,Reudnitz_Thonberg,4317,488.08,616.2,128.12,,61.01,2.0,,,ground_floor,,district_heating,4.33,False,True,False,True,True,True,Feb20
114873663,Rheinland_Pfalz,Kaiserslautern,Innenstadt,67657,370.0,550.0,180.0,,30.0,1.0,,fully_renovated,,,,3.4,False,False,False,False,False,False,Feb20
110393753,Bayern,München,Bogenhausen,81677,2450.0,2820.0,370.0,,111.32,4.0,2018.0,mint_condition,apartment,A,combined_heat_and_power_plant,5.56,True,True,True,True,True,True,Oct19
112405082,Sachsen,Chemnitz,Kaßberg,9112,165.0,230.0,65.0,,28.11,1.0,1905.0,,apartment,,,0.54,False,False,False,False,False,False,Oct19
107352385,Nordrhein_Westfalen,Viersen_Kreis,Willich,47877,320.0,,95.0,,42.0,1.0,1982.0,well_kept,apartment,,central_heating,4.11,False,True,False,True,False,False,Sep18
87770624,Bayern,Nürnberg,Maxfeld,90409,810.0,810.0,0.0,,56.0,1.5,1973.0,,,D,central_heating,6.67,False,True,True,False,False,True,Sep18
111825918,Berlin,Berlin,Weißensee_Weißensee,13086,1999.0,2279.0,280.0,,113.8,4.0,2019.0,first_time_use,maisonette,,central_heating,7.32,True,True,True,False,False,True,Oct19
108115444,Sachsen_Anhalt,Dessau_Roßlau,Innerstädtischer_Bereich_Nord,6844,325.0,465.0,140.0,,58.87,3.0,1910.0,well_kept,apartment,C,central_heating,1.01,False,False,False,True,True,False,May19
110665366,Sachsen,Leipzig,Wahren,4159,440.12,572.76,132.64,,60.29,2.0,1927.0,refurbished,apartment,,central_heating,4.5,False,True,True,True,False,False,May19
111415084,Schleswig_Holstein,Schleswig_Flensburg_Kreis,Schleswig,24837,850.0,,90.0,90.0,85.0,3.0,1902.0,modernized,ground_floor,D,,2.62,False,True,False,False,False,True,May19
115702414,Hessen,Wetteraukreis,Niddatal,61194,650.0,840.0,95.0,95.0,77.0,3.0,1974.0,well_kept,half_basement,,central_heating,4.13,False,True,False,False,True,False,Feb20
72061136,Bayern,Mühldorf_am_Inn_Kreis,Haag_in_Oberbayern,83527,1065.0,1320.0,235.0,,142.0,3.5,2008.0,well_kept,loft,,central_heating,5.88,False,True,False,False,True,False,Oct19
98759187,Bayern,Bamberg,Insel,96047,344.0,434.0,90.0,30.0,27.5,1.0,1940.0,modernized,apartment,,district_heating,7.83,False,False,True,False,False,True,May19
110182096,Berlin,Berlin,Tiergarten_Tiergarten,10785,1830.0,2356.5,409.5,117.0,117.0,3.0,,refurbished,maisonette,,district_heating,10.17,False,False,True,True,False,True,May19
110144708,Niedersachsen,Holzminden_Kreis,Holzminden,37603,320.0,470.0,150.0,,78.91,3.0,1930.0,well_kept,apartment,,self_contained_central_heating,2.11,False,False,False,False,False,True,May19
111321751,Niedersachsen,Oldenburg_Oldenburg,Kreyenbrück,26133,1150.0,1275.0,125.0,,120.0,4.0,2004.0,,penthouse,A,gas_heating,5.36,False,True,False,False,False,True,May19
115660880,Niedersachsen,Goslar_Kreis,Bad_Harzburg,38667,1350.0,1552.0,202.0,,95.0,3.0,2018.0,mint_condition,penthouse,,heat_pump,3.31,False,True,True,True,False,True,Feb20
113763902,Bayern,Dillingen_an_der_Donau_Kreis,Dillingen_an_der_Donau,89407,780.0,1000.0,220.0,,125.0,3.0,1985.0,mint_condition,raised_ground_floor,,floor_heating,7.3,False,True,False,True,False,True,Oct19
96915756,Bayern,Nürnberg,St._Jobst,90491,825.0,825.0,0.0,,45.0,1.0,1965.0,,ground_floor,H,central_heating,5.26,False,True,False,False,True,True,May19
113546268,Niedersachsen,Vechta_Kreis,Lohne_Oldenburg,49393,625.0,815.0,190.0,,88.96,3.0,2017.0,,,A_PLUS,,0.0,False,False,False,False,False,False,Feb20
108875597,Sachsen,Chemnitz,Kapellenberg,9120,330.0,450.0,120.0,,60.0,3.0,1961.0,fully_renovated,apartment,B,central_heating,-0.37,False,True,False,True,False,False,May19
112604377,Nordrhein_Westfalen,Düren_Kreis,Langerwehe,52379,850.0,1100.0,150.0,100.0,110.0,3.0,1997.0,well_kept,maisonette,,floor_heating,4.29,False,True,False,True,False,True,Oct19
65465630,Sachsen,Nordsachsen_Kreis,Zwochau,4509,280.0,,100.0,,51.7,2.0,1980.0,fully_renovated,apartment,C,central_heating,3.24,False,False,False,True,False,False,Feb20
82906400,Nordrhein_Westfalen,Wesel_Kreis,Moers,47443,539.0,770.0,231.0,,83.0,4.5,1969.0,well_kept,apartment,D,central_heating,,False,True,False,True,True,False,Feb20
103112230,Berlin,Berlin,Treptow_Treptow,12435,650.0,780.0,70.0,60.0,51.5,2.0,1910.0,fully_renovated,apartment,,district_heating,10.2,False,False,False,True,False,False,Oct19
105750084,Schleswig_Holstein,Neumünster,Faldera,24537,360.0,560.0,120.0,80.0,64.0,2.0,1971.0,,apartment,,district_heating,4.84,False,True,True,False,False,True,Sep18
104052022,Hessen,Hochtaunuskreis,Bad_Homburg_vor_der_Höhe,61348,960.0,1160.0,200.0,,78.0,2.0,1984.0,modernized,apartment,,central_heating,4.37,False,True,True,True,False,False,Oct19
102005348,Sachsen,Görlitz,Innenstadt,2826,270.0,389.0,119.0,,57.0,2.0,,,apartment,,central_heating,1.79,False,False,False,True,False,False,Sep18
104455792,Niedersachsen,Osterode_am_Harz_Kreis,Bad_Lauterberg_im_Harz,37431,260.0,380.0,120.0,,38.0,2.0,1900.0,refurbished,apartment,NO_INFORMATION,self_contained_central_heating,2.22,False,False,False,False,False,False,May19
107005963,Thüringen,Gera,Debschwitz,7548,255.0,,145.0,,60.0,2.0,1904.0,well_kept,apartment,,central_heating,1.92,False,False,False,False,False,False,Sep18
115435719,Nordrhein_Westfalen,Düsseldorf,Bilk,40225,2750.0,3300.0,550.0,,220.0,6.0,1963.0,well_kept,apartment,G,oil_heating,4.78,False,False,False,False,True,False,Feb20
110005817,Hessen,Offenbach_Kreis,Neu_Isenburg,63263,1219.5,1475.6,256.1,,135.5,3.0,1989.0,well_kept,apartment,,central_heating,5.57,False,True,False,False,False,False,May19
111337312,Niedersachsen,Stade_Kreis,Buxtehude,21614,650.0,,79.0,,65.0,3.0,1965.0,first_time_use_after_refurbishment,apartment,,central_heating,4.19,False,True,False,True,False,True,May19
106773362,Rheinland_Pfalz,Koblenz,Altstadt,56068,1800.0,2010.0,210.0,,164.0,3.0,1949.0,first_time_use_after_refurbishment,penthouse,,central_heating,4.88,False,True,True,True,False,False,Sep18
115556610,Sachsen,Zwickau_Kreis,Limbach_Oberfrohna,9212,320.0,470.0,150.0,,69.0,3.0,1889.0,well_kept,apartment,,central_heating,0.74,False,False,False,True,False,True,Feb20
110375928,Nordrhein_Westfalen,Hagen,Wehringhausen,58089,296.0,,84.0,,58.0,2.0,1951.0,well_kept,,,self_contained_central_heating,1.75,False,True,False,False,False,False,May19
115662060,Hessen,Frankfurt_am_Main,Westend_Süd,60323,1600.0,1760.0,120.0,40.0,93.0,4.0,,,apartment,,self_contained_central_heating,4.58,False,True,False,True,False,True,Feb20
107341601,Sachsen_Anhalt,Dessau_Roßlau,Alten,6847,324.0,407.56,83.56,,71.92,3.0,1993.0,first_time_use_after_refurbishment,,,district_heating,-1.89,False,True,False,False,False,False,Sep18
111993234,Sachsen,Chemnitz,Zentrum,9111,490.0,613.0,123.0,,61.23,2.0,1930.0,well_kept,,B,,0.55,False,True,True,False,False,False,Oct19
112386760,Bayern,Mühldorf_am_Inn_Kreis,Ampfing,84539,833.0,,,,98.0,2.0,2019.0,first_time_use,,,floor_heating,5.31,True,True,False,True,False,False,Oct19
110085733,Sachsen,Leipzig_Kreis,Bad_Lausick,4651,319.0,449.0,130.0,65.0,58.0,3.0,1960.0,modernized,apartment,,oil_heating,3.02,False,True,False,True,True,True,Oct19
104587887,Sachsen,Mittelsachsen_Kreis,Großschirma,9603,702.0,936.0,234.0,,117.0,4.0,1915.0,first_time_use_after_refurbishment,apartment,B,floor_heating,1.75,False,True,False,False,True,False,Sep18
106965358,Nordrhein_Westfalen,Rhein_Erft_Kreis,Bedburg,50181,406.0,567.5,161.5,,57.0,2.0,1975.0,refurbished,apartment,E,central_heating,1.59,False,True,False,True,True,False,Sep18
104181609,Hessen,Fulda_Kreis,Flieden,36103,250.0,300.0,50.0,,20.0,1.0,,mint_condition,ground_floor,,wood_pellet_heating,5.71,False,False,False,True,False,True,May19
108852854,Sachsen,Chemnitz,Hilbersdorf,9131,252.0,363.0,111.0,,50.48,2.0,1913.0,refurbished,roof_storey,,central_heating,0.0,False,False,False,True,True,True,May19
109766105,Niedersachsen,Ammerland_Kreis,Westerstede,26655,480.0,,170.0,,63.0,3.0,1978.0,fully_renovated,apartment,E,central_heating,3.23,False,True,False,False,False,False,May19
115637380,Baden_Württemberg,Konstanz_Kreis,Allensbach,78467,520.0,640.0,120.0,,50.0,2.0,1962.0,well_kept,roof_storey,,central_heating,2.68,False,True,False,True,False,True,Feb20
106820773,Bayern,Passau_Kreis,Fürstenstein,94538,395.0,515.0,120.0,,60.77,2.0,2018.0,mint_condition,apartment,,central_heating,4.02,True,True,False,True,True,False,Sep18
113643097,Hessen,Rheingau_Taunus_Kreis,Niedernhausen,65527,305.0,395.0,90.0,,32.0,1.0,1970.0,modernized,apartment,,central_heating,3.74,False,True,False,False,False,True,Oct19
114820523,Baden_Württemberg,Hohenlohekreis,Niedernhall,74676,660.0,830.0,170.0,,63.62,2.0,2018.0,mint_condition,roof_storey,NO_INFORMATION,floor_heating,4.46,False,True,True,True,False,False,Feb20
107354259,Berlin,Berlin,Biesdorf_Marzahn,12689,495.0,,70.0,70.0,50.0,2.0,1995.0,well_kept,apartment,,self_contained_central_heating,7.41,False,True,False,True,True,True,Sep18
98255916,Sachsen,Hoyerswerda,Kühnicht,2977,369.0,,85.0,64.0,70.93,3.0,,refurbished,apartment,,district_heating,-1.79,False,True,False,True,False,False,Feb20
103220053,Schleswig_Holstein,Plön_Kreis,Preetz,24211,484.0,,80.0,86.0,56.9,2.5,1956.0,well_kept,raised_ground_floor,,central_heating,4.35,False,True,False,True,True,True,May19
111204880,Bayern,München,Altstadt,80469,2250.0,2500.0,250.0,,105.0,3.0,1902.0,fully_renovated,apartment,,central_heating,5.94,False,True,True,True,False,True,May19
109543242,Sachsen,Dresden,Südvorstadt_West,1187,1225.0,1463.0,,,73.33,3.0,2018.0,first_time_use,apartment,,,2.71,True,True,True,False,False,True,May19
65604921,Nordrhein_Westfalen,Gelsenkirchen,Buer,45894,315.02,515.02,110.0,90.0,73.0,3.0,1979.0,well_kept,apartment,D,central_heating,3.28,False,True,False,True,True,False,Feb20
109992215,Baden_Württemberg,Rastatt_Kreis,Durmersheim,76448,710.0,,85.0,45.0,70.26,2.0,2012.0,mint_condition,apartment,,gas_heating,4.42,False,True,True,True,False,True,May19
113857182,Sachsen,Bautzen_Kreis,Bautzen,2625,378.66,504.88,126.22,,63.11,2.0,1994.0,,roof_storey,,,1.93,False,True,True,True,False,False,Oct19
111087875,Sachsen,Chemnitz,Sonnenberg,9130,295.0,450.0,130.0,,64.0,2.0,,,roof_storey,,central_heating,0.21,False,False,True,False,False,True,May19
109755598,Sachsen,Chemnitz,Gablenz,9126,245.0,320.0,75.0,,47.0,2.0,1909.0,refurbished,,D,central_heating,0.19,False,False,False,True,True,True,Oct19
107309235,Nordrhein_Westfalen,Mettmann_Kreis,Ratingen,40880,344.53,,139.0,,58.44,2.0,1972.0,modernized,apartment,C,district_heating,3.66,False,True,True,True,False,False,Sep18
111053597,Sachsen,Dresden,Loschwitz/Wachwitz,1326,750.0,1035.0,260.0,,82.9,2.0,1889.0,refurbished,roof_storey,,central_heating,1.16,False,True,False,True,False,False,May19
107347845,Sachsen_Anhalt,Burgenlandkreis,Naumburg_Saale,6618,329.0,470.0,66.0,75.0,65.33,3.0,1955.0,refurbished,ground_floor,,central_heating,1.69,False,True,False,True,False,False,Sep18
106059768,Mecklenburg_Vorpommern,Neubrandenburg,Reitbahnviertel,17034,260.0,410.0,150.0,65.0,70.06,3.0,1988.0,modernized,,NO_INFORMATION,district_heating,-2.5,False,True,False,False,False,False,Sep18
111388563,Sachsen_Anhalt,Halle_Saale,Tornau,6118,375.0,475.0,100.0,60.0,60.0,3.0,2019.0,first_time_use,apartment,NO_INFORMATION,central_heating,,True,True,False,True,False,True,May19
105472098,Sachsen,Nordsachsen_Kreis,Eilenburg,4838,410.0,530.0,120.0,,67.0,2.0,1998.0,well_kept,ground_floor,,district_heating,1.75,False,True,False,True,False,False,Sep18
113357518,Hessen,Main_Kinzig_Kreis,Nidderau,61130,800.0,1000.0,200.0,,115.0,4.0,1965.0,well_kept,maisonette,,,3.7,False,True,False,True,False,False,Oct19
109667992,Sachsen,Leipzig,Schönefeld_Abtnaundorf,4347,315.0,425.0,110.0,,51.85,2.0,,,roof_storey,,central_heating,4.84,False,False,False,False,False,True,May19
111363226,Brandenburg,Uckermark_Kreis,Prenzlau,17291,200.0,296.52,93.52,50.0,31.87,2.0,1945.0,well_kept,apartment,E,,2.3,False,False,False,True,False,False,May19
114063234,Sachsen_Anhalt,Harz_Kreis,Wernigerode,38855,219.0,299.0,80.0,,22.0,1.0,1993.0,well_kept,apartment,C,,1.88,False,False,False,False,False,True,Feb20
80027161,Sachsen,Görlitz,Innenstadt,2826,395.0,545.0,150.0,,71.96,2.0,,,apartment,,central_heating,1.89,False,False,False,True,False,False,Sep18
113723667,Berlin,Berlin,Schöneberg_Schöneberg,10827,1699.0,2078.0,179.0,200.0,169.0,4.0,1905.0,refurbished,apartment,,central_heating,7.59,False,False,False,False,False,True,Oct19
115636750,Sachsen_Anhalt,Jerichower_Land_Kreis,Burg,39288,311.12,421.24,110.12,,47.88,2.0,,modernized,apartment,NO_INFORMATION,district_heating,1.12,False,False,False,True,False,False,Feb20
110761939,Sachsen,Sächsische_Schweiz_Osterzgebirge_Kreis,Freital,1705,406.0,551.0,145.0,,58.0,2.0,,fully_renovated,ground_floor,,gas_heating,1.64,False,True,False,True,False,False,May19
94376107,Bayern,München,Maxvorstadt,80335,1700.0,,220.0,,70.0,2.0,2000.0,mint_condition,maisonette,,central_heating,6.96,False,True,True,True,False,True,Sep18
110549763,Bayern,München,Harlaching,81545,1500.0,1500.0,0.0,,50.0,2.0,,,,,,6.13,False,False,False,True,False,False,May19
115578670,Hessen,Frankfurt_am_Main,Sindlingen,65931,520.0,580.0,60.0,,21.0,1.0,2019.0,first_time_use,ground_floor,,floor_heating,5.11,True,False,False,True,False,True,Feb20
80072645,Rheinland_Pfalz,Alzey_Worms_Kreis,Alzey,55232,341.25,461.25,120.0,50.0,50.0,1.0,1965.0,fully_renovated,,,central_heating,2.99,False,False,False,False,False,False,Sep18
112751183,Hamburg,Hamburg,Lohbrügge,21033,515.0,,130.0,70.0,60.0,2.0,1994.0,well_kept,apartment,,central_heating,4.84,False,False,False,True,True,True,Oct19
113924570,Sachsen_Anhalt,Halle_Saale,Damaschkestraße,6130,399.0,567.0,84.0,84.0,70.0,3.0,1929.0,,,G,,2.69,False,False,False,True,False,False,Feb20
113164087,Hessen,Frankfurt_am_Main,Westend_Süd,60325,620.0,750.0,130.0,,37.0,1.0,1968.0,fully_renovated,apartment,,self_contained_central_heating,4.42,False,True,True,True,False,True,Feb20
111349247,Nordrhein_Westfalen,Düsseldorf,Oberkassel,40545,2900.0,3275.0,375.0,,205.0,5.5,1926.0,mint_condition,ground_floor,NO_INFORMATION,central_heating,4.13,False,False,False,True,True,False,May19
110974215,Nordrhein_Westfalen,Aachen,Forst,52078,650.0,760.0,110.0,,84.0,3.0,,well_kept,apartment,NO_INFORMATION,self_contained_central_heating,2.97,False,True,False,False,False,False,May19
111407328,Sachsen_Anhalt,Halle_Saale,Altstadt,6112,814.96,1018.7,203.74,,102.0,2.0,2018.0,refurbished,loft,,central_heating,4.88,True,False,True,False,False,False,May19
107372868,Sachsen,Leipzig,Möckern,4159,425.0,555.0,130.0,55.0,64.0,2.0,1910.0,well_kept,apartment,,central_heating,4.76,False,True,False,False,True,True,Sep18
112222747,Berlin,Berlin,Mitte_Mitte,10115,1875.0,2040.0,165.0,,75.0,2.0,2019.0,first_time_use,apartment,,central_heating,6.6,True,False,False,False,False,True,Oct19
115697143,Nordrhein_Westfalen,Düsseldorf,Flingern_Nord,40233,850.0,950.0,100.0,,63.0,2.0,,first_time_use_after_refurbishment,apartment,,self_contained_central_heating,4.91,False,False,False,False,False,False,Feb20
115649530,Sachsen,Bautzen_Kreis,Bischofswerda,1877,349.0,504.0,93.0,62.0,67.71,2.0,1850.0,refurbished,,,central_heating,2.72,False,True,False,False,False,False,Feb20
114833513,Sachsen,Mittelsachsen_Kreis,Frankenberg/Sachsen,9669,300.0,450.0,150.0,,65.8,2.5,1940.0,fully_renovated,raised_ground_floor,,central_heating,0.96,False,False,False,True,True,False,Feb20
109855364,Sachsen,Zwickau_Kreis,Limbach_Oberfrohna,9212,280.0,392.0,56.0,56.0,56.0,2.0,1920.0,first_time_use_after_refurbishment,apartment,,central_heating,0.0,False,False,False,True,True,False,May19
113869518,Baden_Württemberg,Stuttgart,West,70176,780.0,830.0,50.0,,27.0,1.0,,modernized,apartment,,central_heating,5.99,False,False,False,False,False,True,Oct19
113392276,Baden_Württemberg,Mannheim,Käfertal,68309,1069.53,,242.0,158.0,101.86,4.0,1920.0,first_time_use,ground_floor,,,4.16,False,True,True,True,False,False,Oct19
110401150,Nordrhein_Westfalen,Köln,Sülz,50939,800.0,900.0,50.0,50.0,58.0,2.0,2010.0,well_kept,apartment,,central_heating,4.24,False,False,True,False,False,False,May19
110878755,Nordrhein_Westfalen,Bielefeld,Jöllenbeck,33739,770.0,990.0,190.0,,85.0,3.0,,first_time_use,apartment,,,3.18,False,True,False,True,False,False,May19
102477776,Sachsen,Zwickau,Innenstadt,8056,570.0,820.0,250.0,,121.0,5.0,,well_kept,roof_storey,,central_heating,3.77,False,False,False,True,False,False,Sep18
111288186,Nordrhein_Westfalen,Dortmund,Wambel,44143,347.6,457.6,110.0,,44.0,2.0,1962.0,refurbished,roof_storey,,self_contained_central_heating,4.02,False,False,False,False,False,True,May19
113663991,Nordrhein_Westfalen,Duisburg,Röttgersbach,47169,528.0,789.0,261.0,101.0,77.0,3.0,1967.0,well_kept,,,,2.79,False,True,False,False,False,False,Oct19
94114476,Nordrhein_Westfalen,Köln,Rodenkirchen,50996,980.0,1390.0,350.0,,103.0,3.0,1961.0,modernized,ground_floor,,gas_heating,2.94,False,True,False,True,True,False,Feb20
113395917,Nordrhein_Westfalen,Rhein_Erft_Kreis,Frechen,50226,2330.0,2330.0,,,97.0,3.0,,mint_condition,other,,floor_heating,3.97,False,False,False,False,False,True,Oct19
115526485,Bayern,München,Sendling,81373,1700.0,1700.0,0.0,,53.0,2.0,1959.0,,,,,5.36,False,True,False,True,False,False,Feb20
106178535,Sachsen_Anhalt,Magdeburg,Stadtfeld_Ost,39108,464.0,,178.0,,71.0,2.0,1996.0,,apartment,,central_heating,1.54,False,False,False,False,False,True,Sep18
79782510,Mecklenburg_Vorpommern,Stralsund,Tribseer_Vorstadt,18437,420.0,485.0,65.0,,74.0,3.0,1900.0,well_kept,apartment,,self_contained_central_heating,3.03,False,True,False,False,True,False,May19
110208040,Nordrhein_Westfalen,Essen,Altendorf,45143,832.0,1052.0,220.0,,104.0,4.0,1981.0,modernized,maisonette,,floor_heating,3.73,False,True,False,False,False,True,May19
113862113,Nordrhein_Westfalen,Köln,Zollstock,50969,584.0,674.0,65.0,25.0,27.0,1.0,1991.0,refurbished,apartment,,central_heating,5.31,False,False,True,False,False,True,Oct19
111418051,Berlin,Berlin,Tiergarten_Tiergarten,10557,740.0,790.0,50.0,,16.0,1.0,,modernized,apartment,,central_heating,10.17,False,True,False,False,False,True,May19
96554048,Saarland,Saarpfalz_Kreis,Homburg,66424,245.0,320.0,75.0,,21.0,1.0,1970.0,well_kept,apartment,D,central_heating,1.64,False,True,False,True,False,True,May19
112062572,Sachsen_Anhalt,Saalekreis,Bad_Dürrenberg,6231,261.0,375.0,53.0,61.0,47.29,2.0,1962.0,,,C,,0.54,False,True,False,True,False,False,Oct19
113705051,Mecklenburg_Vorpommern,Müritz_Kreis,Waren_Müritz,17192,380.0,548.0,80.0,79.92,66.63,3.0,1969.0,,other,,,3.09,False,True,False,True,False,False,Oct19
115669881,Hessen,Main_Taunus_Kreis,Bad_Soden_am_Taunus,65812,750.0,895.0,145.0,,70.0,2.5,1972.0,well_kept,ground_floor,,night_storage_heater,3.73,False,True,True,True,False,True,Feb20
110767427,Rheinland_Pfalz,Germersheim_Kreis,Minfeld,76872,315.0,395.0,80.0,,45.0,2.0,1993.0,fully_renovated,half_basement,,gas_heating,4.35,False,False,False,False,False,False,May19
99623464,Hessen,Gießen_Kreis,Gießen,35390,890.0,1040.0,,,83.0,3.0,,,,,,4.88,False,False,True,True,False,False,Sep18
115708435,Hessen,Odenwaldkreis,Höchst_im_Odenwald,64739,450.0,570.0,120.0,,72.0,3.0,,,other,,,3.76,False,False,False,False,False,False,Feb20
115550426,Nordrhein_Westfalen,Recklinghausen_Kreis,Recklinghausen,45657,355.0,470.0,70.0,45.0,51.4,2.0,1926.0,,roof_storey,,district_heating,3.2,False,True,False,True,False,False,Feb20
62883915,Sachsen,Chemnitz,Bernsdorf,9126,299.0,425.0,126.0,,52.63,2.0,1929.0,refurbished,,,central_heating,0.0,False,True,False,True,True,False,Feb20
113861564,Sachsen,Chemnitz,Lutherviertel,9126,439.0,624.0,185.0,,76.98,3.0,1956.0,,apartment,,,0.57,False,True,False,False,False,True,Oct19
113446531,Nordrhein_Westfalen,Wuppertal,Barmen,42281,350.0,540.0,112.0,70.0,79.8,2.0,1900.0,well_kept,roof_storey,,central_heating,3.11,False,False,False,True,False,False,Feb20
115639378,Niedersachsen,Helmstedt_Kreis,Schöningen,38364,370.0,515.0,80.0,65.0,67.16,3.0,1956.0,first_time_use_after_refurbishment,apartment,,central_heating,0.0,False,True,False,True,True,False,Feb20
113917662,Bayern,Nürnberg,Trierer_Straße,90469,895.0,895.0,0.0,,78.0,2.0,1990.0,,ground_floor,F,central_heating,4.69,False,False,False,False,False,True,Feb20
111077972,Sachsen,Chemnitz,Kaßberg,9112,215.0,299.0,84.0,,37.15,1.0,1910.0,well_kept,apartment,,gas_heating,0.54,False,False,True,True,False,False,Oct19
110307978,Schleswig_Holstein,Neumünster,Innenstadt,24534,300.0,415.0,90.0,25.0,43.0,2.0,1963.0,well_kept,apartment,,district_heating,4.68,False,False,False,False,False,True,May19
106590651,Bayern,München,Sendling_Westpark,81737,1590.0,1840.0,250.0,,111.0,3.0,1920.0,first_time_use_after_refurbishment,apartment,,central_heating,7.48,False,True,False,True,False,True,Sep18
113496648,Sachsen,Görlitz_Kreis,Großschönau,2779,260.0,350.0,90.0,,42.0,2.0,1997.0,modernized,roof_storey,D,central_heating,2.48,False,False,False,False,False,False,Oct19
115196223,Niedersachsen,Hannover_Kreis,Springe,31832,1150.0,1350.0,200.0,,102.2,3.0,2019.0,first_time_use,apartment,,district_heating,3.98,True,True,True,False,False,False,Feb20
56085745,Thüringen,Saalfeld_Rudolstadt_Kreis,Unterwellenborn,7333,209.0,300.0,81.0,,38.0,2.0,1949.0,refurbished,apartment,D,central_heating,-2.08,False,False,False,True,False,False,Oct19
110720085,Berlin,Berlin,Steglitz_Steglitz,12157,481.0,,68.0,30.0,33.0,1.0,1914.0,modernized,apartment,A,self_contained_central_heating,8.76,False,False,False,False,False,True,May19
115691586,Bayern,Ansbach_Kreis,Neuendettelsau,91564,518.0,688.0,125.0,,61.0,2.0,2014.0,mint_condition,ground_floor,,floor_heating,3.83,False,True,True,True,False,True,Feb20
90509625,Rheinland_Pfalz,Ludwigshafen_am_Rhein,Mitte,67059,410.0,490.0,80.0,,55.0,1.0,1955.0,modernized,apartment,,district_heating,4.0,False,True,False,True,False,True,Oct19
115519650,Schleswig_Holstein,Segeberg_Kreis,Kaltenkirchen,24568,385.44,529.44,108.0,36.0,48.18,1.5,1971.0,,apartment,D,central_heating,3.81,False,True,False,True,False,False,Feb20
110455490,Niedersachsen,Hannover,Zoo,30175,795.0,925.0,130.0,,72.02,3.0,1955.0,fully_renovated,apartment,,self_contained_central_heating,2.88,False,False,False,True,False,False,May19
113681362,Nordrhein_Westfalen,Dortmund,Huckarde,44369,849.0,1061.0,212.0,,102.25,5.0,1956.0,,ground_floor,,self_contained_central_heating,4.66,False,True,False,True,False,False,Oct19
111262395,Sachsen,Chemnitz,Kaßberg,9112,385.0,605.0,220.0,,85.59,4.0,1900.0,mint_condition,roof_storey,C,central_heating,0.54,False,False,False,True,True,False,Oct19
115403499,Nordrhein_Westfalen,Düsseldorf,Stadtmitte,40211,670.0,,210.0,,74.0,2.0,1958.0,fully_renovated,apartment,D,central_heating,5.06,False,False,False,False,False,False,Feb20
113711143,Sachsen_Anhalt,Magdeburg,Neue_Neustadt,39124,705.0,888.0,183.0,,86.9,4.0,2019.0,first_time_use_after_refurbishment,roof_storey,D,district_heating,1.63,True,True,False,True,False,True,Oct19
113816899,Bayern,Bayreuth,Altstadt/Glocken/Geigenreuth,95444,390.0,510.0,120.0,,39.0,1.0,2016.0,mint_condition,apartment,,wood_pellet_heating,3.83,False,True,True,True,False,True,Oct19
110886611,Sachsen,Dresden,Wilsdruffer_Vorstadt/Seevorstadt_West,1067,1058.09,1354.76,149.73,86.94,99.82,4.0,2018.0,first_time_use,apartment,,,3.6,False,False,True,False,False,True,Feb20
93007390,Sachsen,Leipzig,Reudnitz_Thonberg,4315,627.0,822.0,195.0,,99.0,3.0,1899.0,refurbished,apartment,D,central_heating,6.45,False,False,False,True,True,True,Feb20
114207727,Sachsen,Dresden,Leipziger_Vorstadt,1097,599.0,798.0,199.0,,86.38,3.0,,refurbished,,,central_heating,2.7,False,False,False,True,False,False,Feb20
115159689,Sachsen_Anhalt,Halle_Saale,Südliche_Innenstadt,6110,270.0,400.0,130.0,,45.0,1.0,1930.0,well_kept,apartment,,gas_heating,2.03,False,False,False,True,True,False,Feb20
115582614,Hessen,Offenbach_am_Main,Bieber,63073,520.0,760.0,240.0,,73.0,2.0,1994.0,well_kept,other,,central_heating,4.69,False,True,False,True,True,True,Feb20
70958903,Niedersachsen,Peine_Kreis,Peine,31226,580.0,790.0,150.0,60.0,78.0,2.5,2002.0,well_kept,maisonette,,central_heating,3.26,False,True,False,False,True,True,Feb20
111426968,Nordrhein_Westfalen,Recklinghausen_Kreis,Castrop_Rauxel,44575,502.39,660.39,116.0,42.0,73.09,3.0,1929.0,,apartment,,central_heating,3.36,False,False,False,True,False,False,May19
114662987,Nordrhein_Westfalen,Gelsenkirchen,Ückendorf,45886,269.0,,80.0,60.0,49.0,2.0,1952.0,well_kept,apartment,,central_heating,2.21,False,False,False,False,False,False,Feb20
114782545,Nordrhein_Westfalen,Aachen_Kreis,Eschweiler,52249,890.0,,250.0,,115.0,4.0,1910.0,modernized,apartment,,central_heating,2.43,False,True,False,False,False,False,Feb20
106764433,Nordrhein_Westfalen,Ennepe_Ruhr_Kreis,Gevelsberg,58285,244.9,320.0,75.1,,31.0,1.0,2013.0,,,,,3.28,False,False,False,False,False,False,Sep18
109672686,Sachsen,Sächsische_Schweiz_Osterzgebirge_Kreis,Freital,1705,266.0,409.0,75.0,68.0,61.7,2.0,1893.0,,,,central_heating,1.64,False,False,False,True,False,False,May19
115691944,Baden_Württemberg,Stuttgart,Süd,70199,850.0,830.0,0.0,0.0,27.0,1.0,,mint_condition,,,,5.12,False,False,False,False,False,True,Feb20
109161181,Saarland,Stadtverband_Saarbrücken_Kreis,Heusweiler,66265,420.0,,80.0,,65.0,3.0,,,half_basement,,self_contained_central_heating,1.55,False,True,False,False,False,False,May19
103281189,Sachsen,Dresden,Bühlau/Weißer_Hirsch,1324,1430.0,1755.0,325.0,,130.0,4.0,1997.0,mint_condition,maisonette,,gas_heating,1.22,False,True,False,False,False,False,Sep18
91160973,Nordrhein_Westfalen,Duisburg,Laar,47119,393.0,623.0,230.0,,71.36,3.0,1952.0,fully_renovated,roof_storey,H,central_heating,3.1,False,False,True,False,True,False,May19
90420507,Sachsen,Sächsische_Schweiz_Osterzgebirge_Kreis,Pirna,1796,347.34,480.49,78.15,55.0,57.89,2.0,,refurbished,ground_floor,,central_heating,1.64,False,False,False,True,False,False,May19
113923050,Nordrhein_Westfalen,Minden_Lübbecke_Kreis,Minden,32423,465.66,645.66,150.0,,72.93,3.0,1980.0,,apartment,C,central_heating,4.84,False,True,True,True,False,False,Feb20
89676435,Hessen,Frankfurt_am_Main,Westend_Süd,60325,1890.0,,300.0,,126.0,3.0,,fully_renovated,apartment,,central_heating,4.42,False,True,False,True,False,True,Feb20
115634947,Rheinland_Pfalz,Trier,Olewig,54296,350.0,425.0,75.0,,23.0,1.0,,,,,floor_heating,3.31,False,True,True,False,False,True,Feb20
85510624,Hessen,Main_Taunus_Kreis,Hattersheim_am_Main,65795,380.0,410.0,30.0,,17.0,1.0,1990.0,well_kept,other,,gas_heating,3.49,False,False,False,False,False,False,Feb20
112950120,Bremen,Bremen,Radio_Bremen,28211,910.0,1075.0,165.0,,104.18,3.0,2012.0,modernized,apartment,,central_heating,3.08,False,True,True,True,False,True,Oct19
112681128,Sachsen,Mittelsachsen_Kreis,Oederan,9569,367.0,550.0,183.0,90.0,77.5,2.0,1782.0,refurbished,apartment,,central_heating,0.79,False,True,False,False,True,False,Oct19
115186236,Berlin,Berlin,Buckow_Neukölln,12351,297.66,437.66,90.0,50.0,41.0,1.0,1963.0,well_kept,apartment,,central_heating,5.77,False,True,False,False,False,False,Feb20
110938208,Schleswig_Holstein,Neumünster,Innenstadt,24534,500.0,695.0,135.0,60.0,76.61,3.0,1981.0,first_time_use_after_refurbishment,apartment,,district_heating,4.84,False,True,False,True,False,True,May19
111417612,Bayern,Passau,Haidenhof_Nord,94032,600.68,760.68,85.0,75.0,63.43,3.0,1959.0,,apartment,,central_heating,7.43,False,True,False,True,False,False,May19
83556054,Brandenburg,Potsdam_Mittelmark_Kreis,Borkwalde,14822,600.0,750.0,150.0,,79.27,3.0,1994.0,well_kept,apartment,,central_heating,6.78,False,True,False,True,False,True,Sep18
111173822,Rheinland_Pfalz,Rhein_Lahn_Kreis,Hahnstätten,65623,360.0,611.0,251.0,78.0,88.53,4.0,1971.0,mint_condition,apartment,,central_heating,3.87,False,False,False,True,False,False,May19
106068037,Bayern,Fürth,Südstadt,90763,367.0,443.0,76.0,,30.55,1.5,,first_time_use,apartment,B,gas_heating,5.88,False,False,True,True,False,True,Sep18
62356429,Sachsen,Nordsachsen_Kreis,Arzberg,4886,329.0,521.0,172.0,,71.5,3.0,1993.0,well_kept,roof_storey,C,,2.33,False,True,False,True,False,False,Sep18
106859330,Bayern,Ansbach,Stadt,91522,650.0,800.0,150.0,,70.0,3.0,1996.0,well_kept,maisonette,D,central_heating,4.23,False,True,False,False,False,True,Sep18
111206265,Hamburg,Hamburg,Eißendorf,21075,1995.0,2345.0,200.0,150.0,175.0,4.0,2006.0,well_kept,apartment,,central_heating,4.95,False,True,True,False,True,True,May19
82802814,Sachsen,Chemnitz,Hilbersdorf,9131,195.0,273.0,78.0,,35.5,2.0,1910.0,well_kept,raised_ground_floor,,,2.04,False,False,False,True,False,False,Sep18
110807060,Sachsen,Chemnitz,Hilbersdorf,9131,219.0,317.0,98.0,,44.65,2.0,1904.0,well_kept,raised_ground_floor,,central_heating,-0.2,False,True,False,True,False,False,Oct19
113812254,Sachsen,Nordsachsen_Kreis,Schkeuditz,4435,500.0,688.0,188.0,,79.01,4.0,1906.0,refurbished,other,NO_INFORMATION,gas_heating,3.8,False,True,False,True,False,False,Oct19
111393751,Niedersachsen,Wolfsburg,Steimker_Berg,38446,1298.2,1547.2,249.0,,99.6,3.0,2020.0,first_time_use,apartment,,district_heating,-1.33,True,True,True,True,False,True,May19
112274974,Sachsen,Leipzig,Neulindenau,4205,899.0,1079.0,180.0,,89.88,3.0,2019.0,first_time_use,apartment,,district_heating,3.58,True,True,True,True,True,False,Oct19
113540970,Bayern,Starnberg_Kreis,Inning_am_Ammersee,82266,1050.0,,150.0,,94.0,3.0,1980.0,,roof_storey,,central_heating,4.02,False,True,False,False,False,False,Oct19
113291868,Sachsen,Chemnitz,Siegmar,9117,1050.0,1340.0,290.0,,146.0,4.0,2015.0,first_time_use_after_refurbishment,maisonette,D,floor_heating,-0.18,False,True,False,True,False,False,Oct19
111262511,Nordrhein_Westfalen,Münster,Bahnhofsviertel,48143,890.0,1200.0,310.0,,65.0,2.0,2019.0,first_time_use,apartment,A,floor_heating,5.7,True,False,True,False,False,True,May19
109928509,Berlin,Berlin,Kreuzberg_Kreuzberg,10965,1131.0,1266.0,135.0,,47.13,2.0,1900.0,,apartment,,central_heating,8.63,False,True,False,False,False,False,Oct19
109622605,Bayern,München,Haidhausen,81669,2200.0,2600.0,400.0,,111.78,4.0,1972.0,,,,,6.86,False,True,True,False,False,True,May19
111267527,Hamburg,Hamburg,Ohlsdorf,22335,470.0,560.0,90.0,,18.0,1.0,1913.0,,roof_storey,,central_heating,5.62,False,False,False,False,False,False,May19
92884624,Nordrhein_Westfalen,Neuss_Rhein_Kreis,Grevenbroich,42525,690.0,830.0,140.0,,101.0,3.0,1953.0,,apartment,,self_contained_central_heating,4.29,False,False,False,True,True,False,Sep18
103783106,Nordrhein_Westfalen,Essen,Südostviertel,45139,549.0,789.0,151.0,89.0,88.93,3.0,1927.0,,apartment,,central_heating,3.03,False,True,False,True,False,False,Sep18
107795168,Nordrhein_Westfalen,Gelsenkirchen,Buer,45894,599.0,784.0,185.0,,62.1,2.5,,well_kept,roof_storey,,central_heating,3.18,False,True,False,False,False,False,May19
113239383,Thüringen,Sonneberg_Kreis,Sonneberg,96515,415.0,,180.0,,74.0,2.5,1996.0,well_kept,maisonette,,central_heating,1.82,False,False,True,True,False,True,Oct19
113795855,Nordrhein_Westfalen,Dortmund,Mengede,44359,350.0,460.0,110.0,,63.0,2.0,,,other,,gas_heating,2.89,False,True,False,True,False,True,Oct19
78201032,Brandenburg,Ostprignitz_Ruppin_Kreis,Neuruppin,16827,260.0,360.0,100.0,,36.0,1.0,1996.0,,apartment,,central_heating,5.08,False,True,False,True,False,False,Feb20
91768914,Hessen,Frankfurt_am_Main,Westend_Süd,60325,1150.0,1450.0,300.0,,60.0,1.0,,fully_renovated,apartment,,self_contained_central_heating,4.08,False,True,True,False,False,True,May19
110764652,Sachsen,Chemnitz,Kaßberg,9112,225.0,317.0,92.0,,41.6,2.0,1910.0,well_kept,roof_storey,,,0.0,False,False,False,True,False,False,May19
108662478,Berlin,Berlin,Charlottenburg_Charlottenburg,14057,1562.0,1772.0,210.0,,71.0,3.0,1927.0,first_time_use_after_refurbishment,apartment,D,district_heating,8.57,False,True,True,True,False,True,May19
115446098,Baden_Württemberg,Stuttgart,Untertürkheim,70327,550.0,760.0,210.0,,33.0,1.5,,refurbished,half_basement,,,4.98,False,False,False,True,False,True,Feb20
115287718,Rheinland_Pfalz,Trier,Euren,54294,980.0,1150.0,170.0,,87.88,3.5,2020.0,first_time_use,ground_floor,NO_INFORMATION,,3.96,True,True,False,True,True,True,Feb20
106387667,Niedersachsen,Diepholz_Kreis,Weyhe,28844,1490.0,,250.0,,120.0,3.0,2018.0,first_time_use,ground_floor,,heat_pump,4.05,True,True,True,True,True,False,Sep18
109105729,Sachsen,Zwickau_Kreis,Glauchau,8371,315.0,500.0,170.0,,70.31,2.0,1994.0,,other,,central_heating,0.19,False,True,False,True,False,False,May19
107883249,Sachsen_Anhalt,Wittenberg_Kreis,Coswig_Anhalt,6869,264.0,410.0,67.0,79.0,58.51,3.0,1961.0,need_of_renovation,apartment,D,central_heating,-0.68,False,True,False,True,False,False,Feb20
113787159,Berlin,Berlin,Charlottenburg_Charlottenburg,10627,945.0,1100.0,110.0,45.0,51.6,2.0,1963.0,,apartment,F,central_heating,6.83,False,True,True,False,False,True,Oct19
105867553,Sachsen,Leipzig,Stötteritz,4299,395.0,520.0,125.0,,56.3,2.0,,first_time_use_after_refurbishment,apartment,,central_heating,4.48,False,False,True,True,False,True,Sep18
107697971,Sachsen_Anhalt,Anhalt_Bitterfeld_Kreis,Bitterfeld_Wolfen,6749,639.4,939.64,122.32,177.92,111.2,7.0,1946.0,refurbished,apartment,NO_INFORMATION,gas_heating,1.69,False,False,False,True,False,False,Feb20
108861531,Baden_Württemberg,Enzkreis,Remchingen,75196,1300.0,1680.0,380.0,,138.0,4.0,2017.0,,apartment,A,,5.41,False,True,True,False,False,False,May19
115700453,Baden_Württemberg,Stuttgart,Degerloch,70597,1480.0,1480.0,0.0,,55.0,2.0,1905.0,,apartment,,,5.12,False,False,False,False,False,False,Feb20
74839151,Sachsen_Anhalt,Anhalt_Bitterfeld_Kreis,Bitterfeld_Wolfen,6749,308.83,428.83,120.0,,64.34,2.0,1928.0,fully_renovated,apartment,C,district_heating,1.69,False,True,False,True,True,False,Feb20
113468270,Sachsen,Chemnitz,Lutherviertel,9126,200.0,295.0,47.5,47.5,41.57,1.0,,refurbished,roof_storey,,central_heating,0.57,False,False,False,True,False,False,Oct19
109628724,Sachsen_Anhalt,Dessau_Roßlau,Roßlau,6862,510.0,760.0,250.0,,96.9,4.0,1996.0,well_kept,,NO_INFORMATION,self_contained_central_heating,0.0,False,False,True,True,False,False,May19
102120816,Sachsen,Bautzen_Kreis,Bautzen,2625,350.0,480.0,65.0,65.0,68.78,3.0,1980.0,refurbished,apartment,C,district_heating,1.93,False,True,False,False,False,False,Oct19
114131603,Hessen,Frankfurt_am_Main,Westend_Süd,60320,3390.0,3870.0,480.0,,160.0,4.0,2019.0,mint_condition,other,B,central_heating,4.38,True,True,True,True,False,True,Feb20
109233379,Sachsen,Sächsische_Schweiz_Osterzgebirge_Kreis,Freital,1705,280.0,395.0,115.0,,43.39,1.0,1995.0,well_kept,roof_storey,C,central_heating,1.3,False,True,False,True,False,True,May19
113567359,Nordrhein_Westfalen,Olpe_Kreis,Kirchhundem,57399,540.0,790.0,250.0,,108.0,5.0,1975.0,negotiable,ground_floor,,oil_heating,3.54,False,True,False,True,True,False,Oct19
110295465,Nordrhein_Westfalen,Gelsenkirchen,Bulmke_Hüllen,45881,399.0,577.0,108.0,70.0,62.69,3.5,1955.0,,apartment,,central_heating,1.79,False,True,False,True,False,False,May19
115650853,Bayern,Nürnberg,Galgenhof,90459,430.0,510.0,80.0,,50.0,2.0,1952.0,,apartment,E,self_contained_central_heating,3.7,False,False,False,True,False,False,Feb20
115557392,Rheinland_Pfalz,Mayen_Koblenz_Kreis,Mayen,56727,550.0,735.0,75.0,75.0,105.0,3.0,1998.0,fully_renovated,maisonette,C,self_contained_central_heating,5.1,False,True,False,True,False,True,Feb20
85117021,Bayern,Neumarkt_in_der_Oberpfalz_Kreis,Neumarkt_in_der_Oberpfalz,92318,1050.0,1230.0,180.0,,93.0,4.0,2013.0,mint_condition,ground_floor,,floor_heating,5.71,False,True,False,True,True,True,Feb20
106921505,Sachsen,Dresden,Seevorstadt_Ost,1219,399.0,498.0,99.0,,41.0,2.0,1994.0,first_time_use_after_refurbishment,apartment,,district_heating,2.5,False,True,False,True,True,False,Sep18
106612085,Sachsen,Chemnitz,Wittgensdorf,9228,299.0,429.0,130.0,,59.76,2.0,1996.0,well_kept,roof_storey,,central_heating,0.0,False,True,False,True,False,False,Sep18
107888588,Hessen,Frankfurt_am_Main,Bockenheim,60486,1600.0,1680.0,80.0,,85.0,3.0,1900.0,fully_renovated,apartment,,gas_heating,5.22,False,True,False,True,False,True,Oct19
113769651,Nordrhein_Westfalen,Duisburg,Mittelmeiderich,47137,300.0,430.0,60.0,70.0,57.0,2.0,1936.0,well_kept,roof_storey,NO_INFORMATION,central_heating,2.64,False,False,False,True,False,False,Oct19
112295891,Sachsen,Leipzig,Leutzsch,4179,395.0,540.0,145.0,,65.3,2.0,1900.0,fully_renovated,apartment,,central_heating,3.71,False,True,False,True,True,False,Oct19
103717779,Baden_Württemberg,Waldshut_Kreis,Bad_Säckingen,79713,1165.0,1410.0,245.0,,121.0,4.5,2016.0,mint_condition,apartment,A_PLUS,wood_pellet_heating,4.35,False,True,False,True,True,True,Oct19
107229769,Mecklenburg_Vorpommern,Nordwestmecklenburg_Kreis,Perlin,19209,337.0,485.0,63.0,85.0,63.0,3.0,1971.0,,apartment,,central_heating,1.61,False,False,False,True,False,False,May19
115565937,Nordrhein_Westfalen,Gütersloh_Kreis,Steinhagen,33803,402.0,542.0,140.0,,63.0,2.0,1985.0,modernized,apartment,,central_heating,2.17,False,True,False,True,False,False,Feb20
111107992,Nordrhein_Westfalen,Essen,Werden,45239,1400.0,1400.0,,,120.0,4.0,1926.0,first_time_use_after_refurbishment,half_basement,,gas_heating,3.47,False,True,False,True,True,False,May19
109865072,Bayern,Nürnberg,Wöhrd,90489,433.42,505.42,72.0,,39.8,1.0,1955.0,well_kept,,NO_INFORMATION,,4.69,False,False,False,False,False,False,May19
115519761,Sachsen,Dresden,Räcknitz/Zschertnitz,1217,545.0,761.0,116.0,100.0,77.29,3.0,1976.0,,apartment,C,central_heating,2.0,False,True,True,False,False,False,Feb20
114975417,Sachsen_Anhalt,Magdeburg,Stadtfeld_West,39110,398.97,583.11,181.14,,61.38,2.0,,well_kept,apartment,,central_heating,1.1,False,True,False,False,False,True,Feb20
114998315,Sachsen,Leipzig,Paunsdorf,4328,945.0,1229.0,177.0,107.0,126.0,4.0,1920.0,refurbished,raised_ground_floor,,central_heating,3.42,False,True,False,False,False,False,Feb20
113871314,Niedersachsen,Göttingen_Kreis,Göttingen,37085,750.0,950.0,200.0,,72.0,2.0,2014.0,mint_condition,half_basement,,,2.35,False,True,True,True,False,True,Oct19
106379497,Nordrhein_Westfalen,Kleve_Kreis,Straelen,47638,675.0,,180.0,,84.55,3.0,2019.0,first_time_use,roof_storey,A_PLUS,central_heating,2.11,True,True,False,False,False,False,Sep18
105593488,Sachsen_Anhalt,Burgenlandkreis,Zeitz,6712,500.0,698.0,75.0,124.0,124.0,7.0,,fully_renovated,apartment,,central_heating,0.0,False,False,False,True,True,False,Sep18
112575716,Sachsen_Anhalt,Börde_Kreis,Oschersleben_Bode,39387,290.42,400.0,55.0,,55.85,2.0,1995.0,fully_renovated,roof_storey,,central_heating,0.73,False,False,False,True,False,False,Feb20
113598346,Bayern,München,Nymphenburg,80639,660.0,760.0,100.0,,38.0,1.0,1994.0,well_kept,apartment,D,central_heating,5.43,False,False,True,True,False,False,Oct19
111217645,Niedersachsen,Hannover_Kreis,Sehnde,31319,620.0,765.0,145.0,,77.49,3.0,1979.0,modernized,apartment,,,4.78,False,False,False,False,False,False,May19
110400551,Sachsen_Anhalt,Magdeburg,Alte_Neustadt,39106,295.0,395.0,50.0,50.0,48.63,2.0,1963.0,fully_renovated,apartment,B,central_heating,1.54,False,True,False,True,False,False,May19
114393113,Nordrhein_Westfalen,Essen,Rüttenscheid,45131,1750.0,,,,80.0,2.0,1972.0,well_kept,apartment,,,3.68,False,False,True,False,False,False,Feb20
94016776,Hessen,Groß_Gerau_Kreis,Rüsselsheim_am_Main,65428,475.0,625.0,150.0,,60.0,1.5,1987.0,well_kept,roof_storey,,central_heating,3.7,False,False,False,False,False,True,Sep18
115358093,Bayern,Deggendorf_Kreis,Metten,94526,890.0,1170.0,280.0,,108.0,4.0,1964.0,well_kept,apartment,NO_INFORMATION,,4.57,False,True,False,False,True,True,Feb20
112692214,Nordrhein_Westfalen,Oberhausen,Holten,46147,340.0,450.0,110.0,,48.0,2.0,1970.0,fully_renovated,apartment,,gas_heating,2.41,False,False,False,True,False,False,Oct19
113844244,Rheinland_Pfalz,Birkenfeld_Kreis,Idar_Oberstein,55743,150.0,230.0,80.0,,16.0,1.0,,,other,,,2.67,False,False,False,False,False,False,Oct19
106657344,Nordrhein_Westfalen,Duisburg,Aldenrade,47179,595.0,815.0,220.0,,98.0,3.5,1910.0,,ground_floor,,,3.28,False,False,False,False,False,False,Sep18
110762303,Nordrhein_Westfalen,Rhein_Erft_Kreis,Brühl,50321,1490.0,1490.0,,,111.56,3.0,2019.0,first_time_use,maisonette,,heat_pump,3.41,True,True,False,True,False,False,May19
113900004,Baden_Württemberg,Mannheim,Neckarstadt_West,68169,870.0,1090.0,220.0,,97.0,4.0,2016.0,mint_condition,apartment,,floor_heating,3.91,False,True,False,True,False,False,Feb20
110857875,Nordrhein_Westfalen,Köln,Dünnwald,51069,1190.0,1440.0,225.0,,100.0,4.0,2019.0,first_time_use,,A,gas_heating,4.61,True,True,False,True,False,False,May19
106026461,Sachsen_Anhalt,Magdeburg,Sudenburg,39112,485.0,727.5,242.5,,97.0,3.0,1996.0,fully_renovated,roof_storey,,central_heating,1.69,False,False,False,False,False,False,Sep18
108315637,Nordrhein_Westfalen,Duisburg,Friemersheim,47229,300.0,371.0,71.0,,46.72,2.0,1956.0,fully_renovated,,,self_contained_central_heating,3.28,False,True,False,True,False,False,Oct19
114484709,Baden_Württemberg,Rhein_Neckar_Kreis,Nußloch,69226,670.0,750.0,80.0,,63.0,3.0,1970.0,refurbished,half_basement,,electric_heating,4.3,False,True,False,False,False,True,Feb20
101447340,Nordrhein_Westfalen,Ennepe_Ruhr_Kreis,Ennepetal,58256,375.0,525.0,150.0,,73.0,2.0,1979.0,fully_renovated,roof_storey,,oil_heating,1.69,False,False,False,False,True,False,Sep18
86886463,Hessen,Main_Taunus_Kreis,Flörsheim_am_Main,65439,840.0,940.0,100.0,,30.0,2.0,2008.0,,ground_floor,A_PLUS,,2.44,False,False,False,False,False,False,Feb20
110977186,Hessen,Wiesbaden,"Rheingauviertel,_Hollerborn",65187,742.21,1065.48,193.28,59.99,77.31,2.0,2018.0,first_time_use,ground_floor,,,2.78,True,True,True,False,False,True,May19
115294563,Baden_Württemberg,Stuttgart,West,70193,2850.0,3086.0,146.0,,222.0,7.0,1904.0,well_kept,apartment,G,self_contained_central_heating,5.51,False,True,False,True,False,True,Feb20
108405797,Niedersachsen,Heidekreis,Munster,29633,425.0,599.0,95.0,79.0,70.97,4.0,1957.0,well_kept,apartment,,,5.77,False,True,False,False,False,False,May19
111324954,Niedersachsen,Harburg_Kreis,Rosengarten,21224,733.0,879.6,146.6,,73.3,3.0,,well_kept,apartment,,,3.69,False,True,False,True,False,True,May19
106368748,Sachsen,Vogtlandkreis,Falkenstein/Vogtland,8223,456.0,649.0,193.0,,114.0,3.0,1901.0,well_kept,apartment,E,gas_heating,2.17,False,True,False,True,True,False,Sep18
111389757,Nordrhein_Westfalen,Düsseldorf,Pempelfort,40477,785.0,913.0,128.0,,57.0,2.0,2016.0,well_kept,apartment,,district_heating,5.1,False,True,True,True,False,True,May19
113059958,Thüringen,Nordhausen_Kreis,Nordhausen,99734,250.0,375.5,72.5,53.0,52.79,3.0,1975.0,fully_renovated,other,,central_heating,0.35,False,True,False,False,False,False,Oct19
110740474,Schleswig_Holstein,Nordfriesland_Kreis,Mildstedt,25866,594.0,724.0,80.0,50.0,69.85,3.0,2019.0,,apartment,A,self_contained_central_heating,3.98,True,False,False,False,False,False,May19
75219858,Niedersachsen,Hannover,List,30177,437.0,533.0,96.0,,48.5,2.0,1950.0,well_kept,apartment,,self_contained_central_heating,4.35,False,False,False,True,True,False,May19
113005930,Baden_Württemberg,Emmendingen_Kreis,Elzach,79215,1518.0,1780.0,262.0,,144.55,4.0,2019.0,first_time_use,penthouse,,wood_pellet_heating,2.91,True,True,True,True,False,False,Oct19
79781129,Nordrhein_Westfalen,Krefeld,Fischeln,47807,370.0,480.0,90.0,,57.0,2.0,1969.0,well_kept,apartment,,central_heating,2.99,False,True,True,True,False,False,May19
111043179,Nordrhein_Westfalen,Märkischer_Kreis,Werdohl,58791,612.0,884.0,272.0,,136.0,6.0,1998.0,fully_renovated,apartment,,,2.78,False,True,False,True,False,False,May19
115689116,Bremen,Bremen,Handelshäfen,28217,910.0,1158.88,158.38,90.5,90.5,3.0,2016.0,mint_condition,apartment,B,central_heating,,False,True,True,False,False,True,Feb20
106212826,Thüringen,Saale_Holzland_Kreis,Hermsdorf,7629,280.0,400.0,120.0,,59.0,3.0,1968.0,well_kept,apartment,,district_heating,1.89,False,True,False,True,False,False,Sep18
112533183,Hessen,Wetteraukreis,Bad_Vilbel,61118,800.0,1000.0,200.0,,89.0,2.0,1994.0,fully_renovated,apartment,,central_heating,4.55,False,False,True,False,False,False,Oct19
111262345,Niedersachsen,Stade_Kreis,Stade,21680,765.0,940.0,175.0,,78.78,2.0,2019.0,first_time_use,ground_floor,A_PLUS,gas_heating,3.74,True,True,False,False,True,True,May19
111458231,Nordrhein_Westfalen,Neuss_Rhein_Kreis,Grevenbroich,41515,820.0,1015.0,150.0,45.0,82.0,2.0,2019.0,first_time_use,apartment,,floor_heating,3.77,True,True,True,False,False,False,Oct19
114468464,Schleswig_Holstein,Pinneberg_Kreis,Wedel,22880,680.0,820.0,140.0,,75.0,3.0,1900.0,,apartment,,self_contained_central_heating,3.85,False,False,False,False,False,True,Feb20
109969323,Nordrhein_Westfalen,Mülheim_an_der_Ruhr,Dümpten,45475,1100.0,1500.0,400.0,,125.0,4.0,,,ground_floor,,,3.09,False,True,False,True,True,False,May19
110766874,Schleswig_Holstein,Herzogtum_Lauenburg_Kreis,Geesthacht,21502,395.0,530.0,55.0,80.0,44.0,2.0,,,roof_storey,,central_heating,5.19,False,False,False,True,False,True,May19
115541413,Nordrhein_Westfalen,Düsseldorf,Gerresheim,40625,620.0,820.0,200.0,,70.0,3.0,,well_kept,ground_floor,,,4.12,False,True,False,True,False,True,Feb20
88136567,Sachsen_Anhalt,Magdeburg,Stadtfeld_West,39110,662.42,1005.05,342.63,,114.21,4.0,1906.0,refurbished,maisonette,,central_heating,1.26,False,True,False,False,False,False,Oct19
105322388,Nordrhein_Westfalen,Krefeld,Cracau,47798,490.0,640.0,150.0,,73.0,2.0,,modernized,apartment,,self_contained_central_heating,3.03,False,True,False,True,False,False,Sep18
113683796,Hessen,Frankfurt_am_Main,Praunheim,60488,900.0,1150.0,150.0,,76.0,3.0,,first_time_use_after_refurbishment,apartment,,,4.84,False,False,False,False,False,True,Oct19
104712655,Nordrhein_Westfalen,Wesel_Kreis,Moers,47447,650.0,830.0,180.0,,90.0,2.5,,,apartment,C,central_heating,3.17,False,True,False,True,False,False,Sep18
107314524,Berlin,Berlin,Marzahn_Marzahn,12679,430.0,642.0,212.0,,65.0,3.0,,,apartment,,district_heating,7.69,False,True,False,True,False,True,Sep18
115133799,Nordrhein_Westfalen,Essen,Kray,45307,366.0,519.0,153.0,57.0,54.56,3.0,1931.0,,roof_storey,D,central_heating,3.21,False,False,False,False,False,False,Feb20
112603851,Brandenburg,Dahme_Spreewald_Kreis,Schönefeld,12529,999.0,1252.76,253.76,,90.63,4.0,2019.0,first_time_use,apartment,B,central_heating,5.64,True,True,True,False,False,True,Oct19
113452025,Thüringen,Gera,Untermhaus,7548,433.0,556.0,79.0,44.0,60.0,2.0,1998.0,well_kept,roof_storey,C,central_heating,1.82,False,False,False,False,False,False,Oct19
109998269,Brandenburg,Teltow_Fläming_Kreis,Luckenwalde,14943,457.02,670.31,76.17,137.12,76.17,3.0,1998.0,fully_renovated,apartment,C,district_heating,3.23,False,True,False,True,False,True,May19
107319629,Nordrhein_Westfalen,Köln,Höhenhaus,51061,670.0,860.0,190.0,,70.0,2.0,1985.0,well_kept,apartment,,central_heating,4.6,False,True,False,True,False,True,Sep18
113774543,Bayern,Aichach_Friedberg_Kreis,Kissing,86438,650.0,800.0,150.0,,61.0,2.0,1991.0,well_kept,apartment,NO_INFORMATION,central_heating,4.58,False,True,False,True,False,True,Oct19
104044796,Berlin,Berlin,Steglitz_Steglitz,12165,630.0,744.0,114.0,24.0,47.37,2.0,1956.0,modernized,apartment,,central_heating,8.79,False,True,False,False,False,False,Feb20
113827170,Schleswig_Holstein,Neumünster,Innenstadt,24534,422.0,592.0,90.0,80.0,65.5,2.5,1964.0,well_kept,apartment,,district_heating,4.94,False,False,False,True,False,True,Oct19
113820200,Hessen,Hochtaunuskreis,Friedrichsdorf,61381,994.0,1244.0,250.0,,75.0,3.0,,,roof_storey,,floor_heating,4.37,False,True,False,True,False,True,Oct19
113670793,Sachsen_Anhalt,Magdeburg,Stadtfeld_West,39110,295.0,425.0,70.0,60.0,58.0,3.0,1964.0,,,,,1.26,False,False,False,False,False,False,Oct19
113895100,Hessen,Offenbach_am_Main,Stadtmitte,63069,1600.0,2000.0,400.0,,170.0,6.0,1905.0,,maisonette,,central_heating,5.32,False,False,False,True,True,False,Feb20
99195814,Bayern,Deggendorf_Kreis,Außernzell,94532,770.0,,150.0,,115.0,4.0,1989.0,,roof_storey,E,central_heating,4.08,False,True,False,False,False,True,Oct19
115409901,Bayern,München_Kreis,Haar,85540,1275.0,1375.0,100.0,,86.0,3.0,1973.0,modernized,ground_floor,,night_storage_heater,5.27,False,True,True,True,True,True,Feb20
110829802,Hessen,Kassel,Kirchditmold,34128,403.07,596.07,113.0,80.0,62.01,3.0,1957.0,,ground_floor,,central_heating,4.0,False,False,False,True,False,False,May19
106074810,Sachsen,Chemnitz,Lutherviertel,9126,299.0,,70.0,70.0,65.0,2.0,,well_kept,apartment,,central_heating,0.0,False,False,False,True,True,False,Sep18
97548916,Bayern,Rosenheim_Kreis,Bernau_am_Chiemsee,83233,800.0,946.0,146.0,,70.0,2.5,2017.0,mint_condition,roof_storey,,floor_heating,3.74,True,True,True,True,False,True,Sep18
103791531,Hessen,Bergstraße_Kreis,Zwingenberg,64673,1380.0,1725.0,345.0,,115.0,3.0,2018.0,first_time_use,roof_storey,,floor_heating,5.51,True,True,True,True,False,False,Sep18
113788720,Nordrhein_Westfalen,Krefeld,Cracau,47798,690.0,960.0,150.0,120.0,98.0,4.0,,modernized,ground_floor,,gas_heating,2.79,False,False,False,True,False,False,Oct19
109003718,Nordrhein_Westfalen,Recklinghausen_Kreis,Recklinghausen,45661,401.16,467.6,153.77,86.91,66.86,2.0,1995.0,fully_renovated,apartment,,central_heating,3.17,False,False,False,False,False,False,May19
53644949,Niedersachsen,Northeim_Kreis,Northeim,37154,290.0,,70.0,60.0,48.92,2.0,1970.0,,roof_storey,F,central_heating,3.85,False,False,False,True,False,False,May19
115349136,Sachsen_Anhalt,Halle_Saale,Südstadt,6128,275.0,420.0,80.0,65.0,54.95,3.0,1976.0,refurbished,other,,district_heating,3.01,False,True,True,True,False,False,Feb20
106021706,Rheinland_Pfalz,Bad_Kreuznach_Kreis,Bad_Kreuznach,55543,695.0,955.0,260.0,,91.0,3.0,1907.0,modernized,apartment,,central_heating,4.23,False,True,False,True,False,False,Sep18
103946022,Sachsen,Meißen_Kreis,Riesa,1587,230.0,,80.0,,37.74,1.0,1978.0,first_time_use_after_refurbishment,raised_ground_floor,,central_heating,0.0,False,True,False,False,False,False,Sep18
113753891,Nordrhein_Westfalen,Düren_Kreis,Düren,52349,359.0,429.0,100.0,,36.5,2.0,,first_time_use_after_refurbishment,,,,3.7,False,True,False,True,False,False,Oct19
113541257,Bayern,München_Kreis,Feldkirchen,85622,1030.0,1238.0,178.0,,66.6,2.0,1993.0,fully_renovated,roof_storey,D,district_heating,5.14,False,False,False,False,False,False,Oct19
81076393,Sachsen,Leipzig_Kreis,Pegau,4523,250.0,360.0,110.0,,42.0,2.0,2000.0,fully_renovated,apartment,,central_heating,0.0,False,False,False,True,True,False,Feb20
108994319,Sachsen,Meißen_Kreis,Meißen,1662,325.0,485.0,160.0,,65.0,3.0,1996.0,,apartment,,central_heating,1.37,False,True,False,True,False,False,Oct19
106532936,Bayern,München,Harlaching,81545,3030.0,3450.0,300.0,,124.0,3.5,2017.0,,maisonette,A,central_heating,4.47,False,True,True,True,False,True,Feb20
87909946,Nordrhein_Westfalen,Krefeld,Uerdingen,47829,700.0,850.0,150.0,,88.0,2.0,,first_time_use_after_refurbishment,ground_floor,,gas_heating,3.32,False,True,False,True,True,False,Sep18
104501650,Hessen,Offenbach_Kreis,Neu_Isenburg,63263,1150.0,1400.0,250.0,,86.0,3.0,2018.0,first_time_use_after_refurbishment,apartment,,central_heating,5.36,True,True,False,True,False,False,Sep18
106871619,Nordrhein_Westfalen,Düsseldorf,Oberkassel,40545,2400.0,2700.0,300.0,,177.0,4.0,1899.0,modernized,ground_floor,,self_contained_central_heating,4.07,False,True,False,True,True,False,Sep18
113680577,Bremen,Bremerhaven,Geestemünde,27570,302.0,473.0,95.0,76.0,54.18,3.0,,,,,central_heating,3.05,False,False,False,False,False,False,Feb20
110712796,Rheinland_Pfalz,Bad_Kreuznach_Kreis,Bad_Kreuznach,55545,900.0,1200.0,300.0,,160.0,3.5,,,apartment,,central_heating,5.33,False,True,False,False,False,False,Feb20
92468617,Schleswig_Holstein,Stormarn_Kreis,Reinbek,21465,1300.0,1580.0,150.0,130.0,125.0,4.5,1985.0,well_kept,ground_floor,,oil_heating,3.57,False,True,False,True,True,True,Feb20
110129814,Sachsen_Anhalt,Mansfeld_Südharz_Kreis,Lutherstadt_Eisleben,6295,215.0,,60.0,70.0,40.6,2.0,1973.0,,apartment,,district_heating,1.69,False,False,False,True,False,False,May19
113785078,Baden_Württemberg,Karlsruhe_Kreis,Linkenheim_Hochstetten,76351,835.0,,110.0,,72.0,2.5,2019.0,first_time_use,apartment,A_PLUS,heat_pump,4.42,True,True,False,False,False,True,Oct19
104891395,Sachsen,Dresden,Südvorstadt_West,1187,649.5,,103.76,,32.0,1.0,1905.0,mint_condition,,,district_heating,2.38,False,False,True,True,False,False,Sep18
109662934,Nordrhein_Westfalen,Oberbergischer_Kreis,Waldbröl,51545,670.0,,170.0,,78.8,2.0,2019.0,,maisonette,,floor_heating,2.95,True,True,False,False,False,False,May19
103835969,Bayern,München,Aubing,81245,840.0,985.0,145.0,,44.0,1.5,2018.0,mint_condition,apartment,,floor_heating,6.1,False,True,True,True,False,True,Feb20
115362921,Sachsen,Leipzig,Zentrum_Süd,4107,610.0,860.0,250.0,,76.0,2.0,1900.0,refurbished,raised_ground_floor,,district_heating,4.36,False,True,True,False,False,True,Feb20
111011941,Hessen,Gießen_Kreis,Gießen,35392,800.0,980.0,180.0,,81.0,3.0,1989.0,well_kept,apartment,NO_INFORMATION,gas_heating,2.71,False,True,False,True,False,True,May19
115186278,Bayern,Landshut,Nikola,84034,1070.0,1320.0,250.0,,113.0,3.5,1991.0,well_kept,,D,,1.82,False,True,True,False,False,True,Feb20
110512537,Sachsen,Dresden,Striesen_West,1309,510.0,720.0,210.0,,70.9,2.0,1900.0,refurbished,roof_storey,,,2.6,False,False,False,True,False,False,May19
110450694,Hessen,Gießen_Kreis,Gießen,35396,1200.0,1500.0,300.0,,180.0,5.5,,,,,,2.35,False,True,False,False,False,True,May19
114946808,Nordrhein_Westfalen,Siegen_Wittgenstein_Kreis,Siegen,57074,600.0,800.0,200.0,,95.0,3.0,1974.0,fully_renovated,ground_floor,,oil_heating,3.84,False,True,False,False,False,True,Feb20
107323229,Hessen,Wiesbaden,"Rheingauviertel,_Hollerborn",65197,1200.0,1300.0,100.0,,120.0,4.0,1903.0,,apartment,,self_contained_central_heating,3.0,False,True,False,True,False,False,Sep18
87867090,Nordrhein_Westfalen,Wuppertal,Elberfeld,42119,980.0,1300.0,320.0,,109.0,3.0,2016.0,first_time_use,apartment,,central_heating,3.21,False,True,True,True,False,True,Feb20
108985758,Nordrhein_Westfalen,Mönchengladbach,Rheydt,41239,490.0,710.0,110.0,110.0,82.9,3.0,1965.0,,apartment,,central_heating,3.13,False,True,True,True,False,False,Feb20
111625011,Sachsen,Sächsische_Schweiz_Osterzgebirge_Kreis,Dohna,1809,190.0,,162.0,,38.0,2.0,,,,,,1.27,False,False,False,False,False,False,Oct19
111256494,Hessen,Frankfurt_am_Main,Westend_Süd,60325,1200.0,1400.0,200.0,,86.0,2.0,1970.0,well_kept,apartment,,central_heating,5.15,False,True,False,False,False,True,May19
81511268,Nordrhein_Westfalen,Gelsenkirchen,Bismarck,45889,188.25,,72.0,,35.52,2.0,1926.0,well_kept,roof_storey,,self_contained_central_heating,2.42,False,False,False,False,False,True,Oct19
113539311,Bayern,Nürnberg,Thon,90425,1290.0,,400.0,,145.0,4.0,1997.0,well_kept,roof_storey,,central_heating,4.45,False,True,True,True,False,True,Oct19
110744282,Sachsen,Chemnitz,Altendorf,9116,341.0,478.0,137.0,,62.09,3.0,1899.0,well_kept,apartment,C,,0.0,False,True,False,True,False,False,May19
110898607,Thüringen,Schmalkalden_Meiningen_Kreis,Meiningen,98617,400.0,,130.0,,62.0,2.0,,,other,,central_heating,1.79,False,True,True,False,False,False,May19
102532892,Sachsen_Anhalt,Halle_Saale,Altstadt,6108,438.0,598.0,160.0,,73.0,2.0,1907.0,refurbished,other,,central_heating,5.8,False,False,False,False,False,True,May19
113226404,Sachsen_Anhalt,Magdeburg,Buckau,39104,1099.0,1335.0,236.0,,98.0,2.0,1923.0,,maisonette,NO_INFORMATION,central_heating,2.38,False,False,False,True,False,True,Oct19
115194171,Hamburg,Hamburg,Rahlstedt,22149,1047.8,1336.8,289.0,144.5,92.86,3.0,1988.0,well_kept,roof_storey,NO_INFORMATION,central_heating,4.43,False,True,False,True,False,True,Feb20
106891533,Schleswig_Holstein,Herzogtum_Lauenburg_Kreis,Mölln,23879,530.0,675.0,145.0,,56.32,2.0,2009.0,modernized,apartment,,central_heating,3.08,False,True,True,True,False,True,Sep18
113693656,Nordrhein_Westfalen,Mülheim_an_der_Ruhr,Heißen,45472,435.0,595.0,160.0,,56.0,2.5,,well_kept,roof_storey,,self_contained_central_heating,3.18,False,False,False,False,False,True,Oct19
109758668,Sachsen,Plauen,Bahnhofsvorstadt,8523,406.0,526.0,120.0,,67.56,2.0,1910.0,well_kept,,,central_heating,1.91,False,True,False,True,False,False,Oct19
114525997,Sachsen_Anhalt,Halle_Saale,Südliche_Neustadt,6124,330.0,494.0,79.0,85.0,65.45,4.0,1984.0,well_kept,apartment,,,1.89,False,True,False,True,False,False,Feb20
111327266,Thüringen,Erfurt,Andreasvorstadt,99089,580.0,800.0,220.0,,80.0,3.0,,modernized,maisonette,,,4.05,False,False,False,True,True,False,May19
86230283,Nordrhein_Westfalen,Düren_Kreis,Nideggen,52385,895.0,1115.0,110.0,110.0,110.0,2.5,1984.0,mint_condition,half_basement,,central_heating,3.26,False,True,False,True,True,False,Feb20
113141981,Sachsen,Leipzig,Kleinzschocher,4229,650.0,840.0,190.0,,83.23,4.0,,first_time_use_after_refurbishment,maisonette,,central_heating,3.87,False,False,False,False,False,False,Oct19
100084867,Sachsen,Mittelsachsen_Kreis,Hainichen,9661,346.0,499.0,153.0,,69.34,3.0,1993.0,well_kept,apartment,E,central_heating,2.04,False,True,False,True,False,False,May19
113869249,Hessen,Frankfurt_am_Main,Gutleutviertel,60327,1150.0,1300.0,150.0,,100.0,3.0,1900.0,modernized,apartment,,self_contained_central_heating,5.9,False,True,False,True,False,False,Oct19
85187931,Nordrhein_Westfalen,Ennepe_Ruhr_Kreis,Witten,58452,445.0,630.0,185.0,80.0,64.0,2.0,1973.0,fully_renovated,apartment,NO_INFORMATION,central_heating,3.23,False,True,False,True,True,False,Sep18
115533402,Sachsen,Leipzig,Sellerhausen_Stünz,4318,342.55,,77.0,70.0,59.06,3.0,1965.0,modernized,apartment,,central_heating,3.43,False,False,False,True,False,False,Feb20
109917261,Hamburg,Hamburg,HafenCity,20457,1410.15,1603.7,193.55,,55.3,2.0,2018.0,mint_condition,apartment,A,district_heating,,True,True,True,False,False,False,May19
106484853,Nordrhein_Westfalen,Mönchengladbach,Eicken,41063,1300.0,1632.0,205.0,127.0,172.4,4.0,1995.0,well_kept,maisonette,,central_heating,3.03,False,True,False,True,False,False,Sep18
112703877,Bayern,München,Hadern,81375,1900.0,2230.0,150.0,,125.0,3.0,1981.0,fully_renovated,ground_floor,,,5.41,False,False,False,True,False,True,Oct19
110601650,Sachsen,Zwickau_Kreis,Crimmitschau,8451,172.0,263.0,44.0,47.0,35.92,1.0,1890.0,,ground_floor,E,central_heating,0.0,False,False,False,True,False,False,May19
111354236,Nordrhein_Westfalen,Essen,Kettwig,45219,522.9,622.9,100.0,,63.0,2.0,1972.0,fully_renovated,ground_floor,,night_storage_heater,3.83,False,True,True,True,False,False,May19
104344090,Sachsen,Plauen,Dobenau,8523,180.0,290.0,110.0,,53.2,2.0,1956.0,,,D,central_heating,3.7,False,False,False,True,False,False,Oct19
111283021,Bayern,Neu_Ulm_Kreis,Elchingen,89275,450.0,,,,60.0,2.0,,,apartment,,,4.7,False,False,False,False,False,False,May19
115170129,Nordrhein_Westfalen,Essen,Südostviertel,45139,490.0,740.0,250.0,,72.0,3.0,1963.0,fully_renovated,roof_storey,,central_heating,3.41,False,False,False,True,True,False,Feb20
90623582,Hessen,Rheingau_Taunus_Kreis,Idstein,65510,890.0,1140.0,250.0,,89.0,3.0,2016.0,mint_condition,ground_floor,,floor_heating,3.77,False,True,True,True,True,True,Oct19
107331424,Niedersachsen,Oldenburg_Oldenburg,Nadorst,26123,950.0,1200.0,250.0,,111.38,3.0,2018.0,first_time_use,apartment,A,central_heating,6.22,True,True,False,False,False,False,Sep18
109209139,Schleswig_Holstein,Nordfriesland_Kreis,Friedrichstadt,25840,327.0,,,,54.5,3.0,,well_kept,apartment,,,3.96,False,True,False,False,False,True,May19
112958583,Nordrhein_Westfalen,Bonn,Bad_Godesberg,53173,700.0,870.0,170.0,,75.8,2.0,1955.0,modernized,raised_ground_floor,D,central_heating,3.29,False,True,False,True,False,False,Oct19
115077660,Sachsen,Meißen_Kreis,Coswig,1640,310.0,420.0,110.0,,49.0,2.0,1970.0,,raised_ground_floor,C,district_heating,1.95,False,True,False,True,True,True,Feb20
107200949,Hessen,Frankfurt_am_Main,Sachsenhausen_Nord,60594,410.0,560.0,150.0,,39.0,1.0,,,apartment,,central_heating,5.15,False,False,False,True,False,False,Sep18
109837694,Baden_Württemberg,Rhein_Neckar_Kreis,Walldorf,69180,988.8,1238.8,250.0,,96.0,3.5,1977.0,first_time_use_after_refurbishment,roof_storey,D,central_heating,4.46,False,True,False,True,False,False,May19
110418342,Sachsen,Chemnitz,Schloßchemnitz,9113,256.0,371.0,115.0,,47.9,2.0,,fully_renovated,,,central_heating,0.0,False,True,True,True,False,False,May19
115308098,Sachsen_Anhalt,Halle_Saale,Nördliche_Neustadt,6122,268.1,369.7,61.3,40.3,38.3,1.0,1972.0,first_time_use_after_refurbishment,apartment,,,1.1,False,True,True,True,False,False,Feb20
115646543,Sachsen_Anhalt,Magdeburg,Stadtfeld_Ost,39108,374.0,495.0,60.5,60.5,55.0,2.0,1924.0,,,B,,1.36,False,True,False,False,False,False,Feb20
115611789,Niedersachsen,Hildesheim_Kreis,Sarstedt,31157,800.0,920.0,120.0,,91.21,3.0,2015.0,mint_condition,apartment,,gas_heating,4.16,False,True,False,False,False,False,Feb20
111246024,Thüringen,Gera,Debschwitz,7548,500.0,672.0,72.0,100.0,86.0,3.0,,well_kept,,NO_INFORMATION,central_heating,2.47,False,True,False,True,False,False,May19
81966632,Bayern,Aichach_Friedberg_Kreis,Friedberg,86316,440.0,600.0,160.0,,47.0,1.0,,mint_condition,half_basement,,wood_pellet_heating,6.33,False,False,False,False,False,True,Sep18
109468079,Sachsen,Chemnitz,Sonnenberg,9130,397.0,549.0,152.0,,66.14,2.0,1900.0,first_time_use_after_refurbishment,apartment,,floor_heating,0.0,False,True,True,True,True,True,May19
92289916,Nordrhein_Westfalen,Mettmann_Kreis,Erkrath,40699,550.0,765.0,215.0,,68.4,2.0,1968.0,fully_renovated,apartment,E,district_heating,2.7,False,False,False,True,False,False,Feb20
113373245,Sachsen_Anhalt,Burgenlandkreis,Naumburg_Saale,6618,380.0,530.0,150.0,,69.0,2.0,,,other,,,1.02,False,False,False,False,False,False,Oct19
113444402,Sachsen,Nordsachsen_Kreis,Eilenburg,4838,292.0,437.0,69.0,76.0,62.5,3.0,,,apartment,NO_INFORMATION,central_heating,2.82,False,True,False,True,False,False,Oct19
111320611,Nordrhein_Westfalen,Krefeld,Benrad_Süd,47804,439.0,,156.0,,66.08,3.0,1966.0,well_kept,apartment,,district_heating,2.99,False,True,False,False,False,False,May19
82428092,Hessen,Offenbach_am_Main,Stadtmitte,63065,710.0,850.0,140.0,,64.0,3.0,2011.0,mint_condition,ground_floor,,gas_heating,2.33,False,False,False,True,False,True,May19
105867550,Sachsen,Leipzig,Stötteritz,4299,520.0,685.0,165.0,,74.1,3.0,,first_time_use_after_refurbishment,apartment,,central_heating,4.48,False,False,True,True,False,False,Sep18
106974512,Saarland,Stadtverband_Saarbrücken_Kreis,Saarbrücken,66115,650.0,900.0,250.0,,100.0,2.5,1975.0,first_time_use_after_refurbishment,apartment,E,central_heating,2.99,False,True,True,True,False,True,Sep18
115581552,Nordrhein_Westfalen,Rhein_Erft_Kreis,Brühl,50321,680.0,850.0,170.0,,65.7,2.0,1965.0,well_kept,apartment,,central_heating,3.64,False,True,False,True,False,False,Feb20
74033394,Nordrhein_Westfalen,Essen,Steele,45276,401.7,541.7,140.0,,77.25,2.0,1956.0,fully_renovated,roof_storey,D,self_contained_central_heating,3.03,False,False,False,True,False,True,Sep18
115666548,Nordrhein_Westfalen,Ennepe_Ruhr_Kreis,Hattingen,45529,379.0,523.0,88.0,56.0,64.25,3.0,1964.0,,,C,central_heating,2.78,False,True,False,True,False,False,Feb20
106212219,Sachsen,Chemnitz,Kaßberg,9112,465.0,629.0,164.0,,83.0,4.0,1932.0,well_kept,apartment,,central_heating,0.0,False,True,False,True,False,False,Sep18
115625439,Hessen,Main_Taunus_Kreis,Flörsheim_am_Main,65439,650.0,750.0,100.0,,35.0,2.0,,first_time_use_after_refurbishment,ground_floor,,self_contained_central_heating,3.71,False,False,False,False,False,True,Feb20
115517044,Bayern,München,Nymphenburg,80639,2100.0,2400.0,300.0,,71.0,2.0,2011.0,mint_condition,apartment,,floor_heating,5.13,False,True,True,True,False,True,Feb20
115519035,Bayern,Traunstein_Kreis,Traunstein,83278,1400.0,1600.0,200.0,,118.0,4.0,1900.0,refurbished,maisonette,,,4.66,False,True,False,True,False,True,Feb20
113835195,Nordrhein_Westfalen,Dortmund,Sommerberg,44267,1284.0,1391.0,107.0,,107.0,3.0,2019.0,first_time_use,apartment,A_PLUS,central_heating,2.02,True,False,True,False,False,False,Oct19
98331888,Sachsen_Anhalt,Magdeburg,Neustädter_Feld,39128,225.0,297.0,72.0,,29.0,1.0,1997.0,well_kept,apartment,D,district_heating,2.0,False,False,True,True,False,True,May19
110404694,Nordrhein_Westfalen,Olpe_Kreis,Drolshagen,57489,750.0,,100.0,,115.0,3.0,,well_kept,,,,3.28,False,True,False,False,False,True,May19
110363725,Sachsen_Anhalt,Halle_Saale,Südstadt,6128,230.0,332.0,38.0,64.0,45.98,2.0,1974.0,first_time_use_after_refurbishment,ground_floor,,central_heating,5.77,False,False,False,True,False,False,May19
109191604,Nordrhein_Westfalen,Recklinghausen_Kreis,Herten,45701,490.0,635.0,145.0,,66.0,3.5,1960.0,first_time_use,apartment,,district_heating,2.84,False,False,False,True,False,False,Oct19
113110867,Sachsen,Leipzig,Gohlis_Mitte,4157,550.0,749.0,199.0,,78.41,3.0,1899.0,refurbished,,,central_heating,4.25,False,False,False,True,False,False,Oct19
110952964,Schleswig_Holstein,Stormarn_Kreis,Reinbek,21465,478.0,648.0,85.0,85.0,56.17,2.0,,well_kept,apartment,,district_heating,4.64,False,False,False,False,False,False,May19
104711775,Berlin,Berlin,Wedding_Wedding,13347,363.29,527.79,108.43,56.07,57.84,2.0,1951.0,first_time_use_after_refurbishment,other,,district_heating,10.75,False,True,True,False,False,True,Sep18
103872149,Baden_Württemberg,Karlsruhe,Mühlburg,76185,820.0,950.0,130.0,,74.35,3.0,,modernized,raised_ground_floor,,district_heating,5.1,False,True,False,True,False,True,Oct19
115283778,Nordrhein_Westfalen,Wesel_Kreis,Wesel,46483,326.97,555.18,147.21,81.0,73.05,3.5,1973.0,well_kept,ground_floor,F,central_heating,2.5,False,True,True,True,True,False,Feb20
107338000,Sachsen,Chemnitz,Sonnenberg,9130,395.0,,165.0,,79.0,3.0,1997.0,well_kept,apartment,,central_heating,0.0,False,True,True,True,False,False,Sep18
113148969,Mecklenburg_Vorpommern,Ostvorpommern_Kreis,Heringsdorf,17424,840.0,1074.0,234.0,,117.4,3.0,1999.0,,,,,-0.76,False,False,False,False,False,False,Oct19
115511231,Rheinland_Pfalz,Speyer,Kernstadt_Süd,67346,840.0,920.0,80.0,,120.0,3.0,,first_time_use_after_refurbishment,other,,district_heating,3.18,False,False,False,False,False,False,Feb20
111287849,Bremen,Bremen,Bahnhofsvorstadt,28195,490.0,665.0,95.0,80.0,56.0,2.0,1960.0,,,E,central_heating,4.84,False,True,True,True,False,False,May19
113289644,Brandenburg,Potsdam_Mittelmark_Kreis,Michendorf,14552,488.0,615.0,127.0,,53.12,3.0,1986.0,refurbished,roof_storey,A,wood_pellet_heating,4.25,False,True,False,False,False,False,Oct19
115222870,Sachsen,Chemnitz,Sonnenberg,9130,299.0,439.0,140.0,,69.88,3.0,1900.0,,ground_floor,,,0.63,False,True,False,True,False,False,Feb20
110965288,Mecklenburg_Vorpommern,Rostock,Stadtmitte,18146,1390.0,,245.0,,70.0,2.0,,fully_renovated,apartment,C,central_heating,4.28,False,True,False,False,False,True,May19
75025063,Baden_Württemberg,Stuttgart,Rohr,70565,2350.0,2930.0,450.0,200.0,168.0,6.0,1955.0,mint_condition,raised_ground_floor,C,central_heating,4.73,False,True,False,True,True,True,Oct19
64509769,Baden_Württemberg,Ostalbkreis,Aalen,73434,690.0,890.0,200.0,,87.0,3.0,2012.0,mint_condition,apartment,,,5.41,False,True,True,True,True,False,Feb20
111978773,Bayern,München,Neuhausen,80634,1500.0,1730.0,130.0,100.0,85.0,2.0,1950.0,first_time_use_after_refurbishment,roof_storey,B,central_heating,7.11,False,True,True,False,False,False,Oct19
115653958,Berlin,Berlin,Weißensee_Weißensee,13088,548.09,792.13,244.04,82.37,59.77,2.0,1999.0,,apartment,C,district_heating,6.67,False,True,False,False,False,True,Feb20
115314435,Bayern,Dachau_Kreis,Karlsfeld,85757,1365.0,1565.0,200.0,,91.0,3.0,1978.0,modernized,apartment,,central_heating,5.79,False,True,False,True,False,True,Feb20
111131628,Nordrhein_Westfalen,Märkischer_Kreis,Lüdenscheid,58511,560.0,680.0,120.0,,93.0,4.0,1980.0,,apartment,,central_heating,3.67,False,True,False,True,False,False,May19
109939519,Niedersachsen,Stade_Kreis,Buxtehude,21614,495.0,595.0,50.0,50.0,55.0,1.0,,well_kept,ground_floor,,gas_heating,4.19,False,True,False,False,False,True,May19
115626185,Saarland,Stadtverband_Saarbrücken_Kreis,Saarbrücken,66117,300.0,450.0,150.0,,25.36,1.0,1973.0,well_kept,apartment,NO_INFORMATION,district_heating,2.18,False,True,True,True,False,True,Feb20
105928897,Sachsen,Sächsische_Schweiz_Osterzgebirge_Kreis,Hermsdorf/Erzgebirge,1776,225.0,0.0,110.0,,50.0,2.0,1985.0,,roof_storey,,central_heating,-1.05,False,False,False,True,True,False,Oct19
115434852,Baden_Württemberg,Breisgau_Hochschwarzwald_Kreis,Heitersheim,79423,1600.0,1990.0,330.0,,165.0,4.0,2020.0,first_time_use_after_refurbishment,maisonette,,central_heating,3.39,True,True,False,True,False,False,Feb20
42173276,Niedersachsen,Hameln_Pyrmont_Kreis,Bad_Pyrmont,31812,580.0,580.0,170.0,,140.0,4.5,2001.0,well_kept,apartment,,central_heating,,False,True,False,True,True,False,May19
112727647,Sachsen_Anhalt,Halle_Saale,Südliche_Neustadt,6124,736.0,995.0,259.0,129.0,60.88,3.0,1969.0,,,,,1.32,False,True,False,True,False,False,Oct19
111146996,Sachsen_Anhalt,Magdeburg,Neustädter_Feld,39128,499.0,699.0,120.0,80.0,82.55,4.0,1980.0,negotiable,,NO_INFORMATION,central_heating,2.66,False,False,True,True,False,False,May19
113595499,Sachsen,Zwickau,Pölbitz,8058,197.0,295.0,60.0,38.0,38.27,2.0,1993.0,well_kept,apartment,A,central_heating,1.11,False,False,True,True,False,False,Feb20
91301387,Sachsen_Anhalt,Halle_Saale,Saaleaue,6108,365.0,530.0,165.0,,65.0,3.0,1910.0,well_kept,roof_storey,,central_heating,1.96,False,False,False,True,False,False,Oct19
115610128,Nordrhein_Westfalen,Recklinghausen_Kreis,Dorsten,46286,291.99,457.98,165.99,,75.45,3.0,1973.0,well_kept,apartment,C,night_storage_heater,3.04,False,True,True,False,False,False,Feb20
111400627,Bayern,Freising_Kreis,Hallbergmoos,85399,800.0,920.0,120.0,,85.0,2.0,,,ground_floor,,,4.76,False,True,False,False,True,True,May19
112375016,Sachsen_Anhalt,Halle_Saale,Silberhöhe,6132,240.0,360.0,60.0,60.0,41.73,2.0,1982.0,well_kept,apartment,B,central_heating,1.61,False,False,False,True,False,False,Oct19
113086680,Hessen,Frankfurt_am_Main,Niederursel,60439,1180.0,1425.0,245.0,,100.0,3.0,2018.0,first_time_use,roof_storey,A_PLUS,central_heating,5.41,True,True,False,False,False,False,Oct19
62057451,Sachsen,Zwickau_Kreis,Oberlungwitz,9353,211.71,320.18,58.41,50.06,41.72,2.0,1983.0,refurbished,,NO_INFORMATION,central_heating,1.96,False,True,False,True,False,False,May19
110742317,Baden_Württemberg,Heidelberg,Bahnstadt,69115,480.0,580.0,100.0,,20.0,1.0,2014.0,mint_condition,,,floor_heating,,False,False,True,True,False,True,Feb20
115172531,Sachsen,Mittelsachsen_Kreis,Rechenberg_Bienenmühle,9623,175.0,265.0,90.0,,37.24,2.0,2001.0,fully_renovated,apartment,A,central_heating,-0.21,False,False,False,True,True,False,Feb20
104355379,Nordrhein_Westfalen,Gelsenkirchen,Horst,45899,291.0,,79.5,53.0,53.0,2.0,1955.0,well_kept,apartment,F,central_heating,3.57,False,False,False,True,False,False,Sep18
77362365,Nordrhein_Westfalen,Neuss_Rhein_Kreis,Rommerskirchen,41569,580.0,,100.0,100.0,114.0,2.0,1965.0,well_kept,apartment,,central_heating,2.94,False,True,False,True,False,False,Sep18
114342335,Nordrhein_Westfalen,Essen,Westviertel,45127,575.0,735.0,160.0,,66.26,2.0,2000.0,well_kept,,,central_heating,3.53,False,False,False,True,True,False,Feb20
111218025,Hessen,Wetteraukreis,Wöllstadt,61206,550.0,690.0,140.0,,75.0,3.0,1976.0,well_kept,apartment,,gas_heating,4.51,False,True,False,False,False,True,May19
106191910,Nordrhein_Westfalen,Oberbergischer_Kreis,Gummersbach,51643,690.0,890.0,200.0,,70.0,3.0,2018.0,first_time_use,apartment,NO_INFORMATION,floor_heating,3.24,True,True,True,True,False,False,Sep18
106879567,Berlin,Berlin,Friedrichshain_Friedrichshain,10245,1820.0,2140.0,220.0,100.0,114.0,3.0,1918.0,first_time_use,roof_storey,,central_heating,10.09,False,True,True,True,False,False,Sep18
113867475,Hessen,Limburg_Weilburg_Kreis,Weilburg,35781,500.0,700.0,90.0,130.0,94.0,4.0,,well_kept,ground_floor,,central_heating,3.26,False,True,False,True,False,False,Oct19
107363349,Nordrhein_Westfalen,Düsseldorf,Bilk,40223,417.63,633.66,146.03,40.0,58.42,2.0,2018.0,first_time_use,apartment,,central_heating,5.11,True,True,True,True,False,False,Sep18
109680472,Baden_Württemberg,Mannheim,Lindenhof,68199,380.0,470.0,90.0,,22.5,1.0,1995.0,well_kept,apartment,NO_INFORMATION,district_heating,4.95,False,False,True,False,False,True,May19
108055544,Sachsen,Chemnitz,Schloßchemnitz,9113,265.0,360.0,95.0,,47.0,2.0,,fully_renovated,apartment,,,0.19,False,True,False,True,True,True,May19
110678018,Nordrhein_Westfalen,Neuss_Rhein_Kreis,Neuss,41466,470.0,620.0,150.0,0.0,66.88,2.0,1952.0,,roof_storey,,central_heating,3.75,False,False,False,False,False,False,May19
113773662,Baden_Württemberg,Bodenseekreis,Überlingen,88662,700.0,880.0,180.0,,81.0,4.0,,well_kept,apartment,NO_INFORMATION,central_heating,1.73,False,False,False,False,False,True,Oct19
115275205,Niedersachsen,Verden_Kreis,Achim,28832,765.0,,220.0,,90.0,3.0,1918.0,fully_renovated,ground_floor,,central_heating,4.05,False,False,False,False,False,True,Feb20
115644135,Nordrhein_Westfalen,Remscheid,Kremenholl,42857,449.0,,140.0,80.0,69.73,3.0,1964.0,fully_renovated,apartment,,central_heating,2.86,False,True,False,True,False,False,Feb20
115710523,Bayern,München,Neuhausen,80636,1070.0,1190.0,120.0,,56.0,2.0,1910.0,mint_condition,apartment,,central_heating,5.53,False,False,False,True,True,True,Feb20
113255682,Sachsen,Zwickau,Bockwa,8056,210.0,314.0,104.0,54.0,45.04,2.0,2000.0,well_kept,,,central_heating,1.62,False,False,False,True,False,False,Oct19
107356145,Hessen,Wetteraukreis,Echzell,61209,549.0,,100.0,100.0,76.0,3.0,1997.0,well_kept,apartment,,floor_heating,2.94,False,True,False,False,False,False,Sep18
115568561,Saarland,Neunkirchen_Kreis,Spiesen_Elversberg,66583,670.0,850.0,180.0,,79.0,3.0,2017.0,mint_condition,penthouse,A_PLUS,floor_heating,2.15,False,True,True,True,False,True,Feb20
105570628,Sachsen_Anhalt,Wittenberg_Kreis,Lutherstadt_Wittenberg,6886,329.0,469.0,70.0,70.0,60.72,3.0,1995.0,modernized,apartment,,central_heating,0.0,False,True,False,True,False,True,Sep18
102076123,Hessen,Frankfurt_am_Main,Unterliederbach,65929,720.0,850.0,130.0,,36.0,1.0,1977.0,,apartment,,central_heating,5.61,False,True,True,True,False,True,Sep18
111384423,Hamburg,Hamburg,Ottensen,22763,1227.6,1421.6,194.0,,55.8,2.0,1983.0,well_kept,ground_floor,,central_heating,5.84,False,True,False,True,True,True,May19
113762012,Sachsen,Zwickau_Kreis,Gersdorf,9355,448.4,627.4,179.0,,89.68,4.0,1993.0,well_kept,apartment,,central_heating,-0.39,False,False,False,False,False,False,Oct19
95643919,Nordrhein_Westfalen,Oberbergischer_Kreis,Radevormwald,42477,690.0,920.0,230.0,,123.0,2.0,1870.0,well_kept,loft,,central_heating,3.39,False,False,False,True,True,False,Sep18
111828655,Brandenburg,Uckermark_Kreis,Prenzlau,17291,390.0,585.0,195.0,95.0,76.27,4.0,1981.0,well_kept,apartment,C,district_heating,0.69,False,True,False,True,False,False,Feb20
115652511,Sachsen_Anhalt,Magdeburg,Buckau,39104,452.0,610.0,158.0,,66.49,2.0,1893.0,refurbished,,C,central_heating,2.2,False,True,False,True,False,False,Feb20
111247182,Schleswig_Holstein,Ostholstein_Kreis,Neustadt_in_Holstein,23730,278.0,368.0,90.0,,49.51,2.0,1959.0,well_kept,apartment,,,4.53,False,False,False,False,False,True,May19
115117820,Hessen,Frankfurt_am_Main,Sachsenhausen_Süd,60598,1250.0,1508.0,258.0,,74.0,2.0,2017.0,mint_condition,ground_floor,B,floor_heating,4.79,False,True,True,True,False,True,Feb20
111755377,Bremen,Bremen,Aumund_Hammersbeck,28755,515.0,,141.0,,66.0,2.5,1968.0,,,F,oil_heating,2.97,False,False,False,True,False,True,Oct19
113859919,Nordrhein_Westfalen,Hagen,Boele,58099,427.0,,170.0,80.0,77.56,3.5,1968.0,,apartment,C,,1.17,False,True,True,True,False,False,Oct19
112514164,Sachsen,Bautzen_Kreis,Radeberg,1454,290.0,460.0,170.0,,48.03,2.0,1997.0,refurbished,,,central_heating,2.83,False,False,False,True,False,False,Oct19
113807832,Sachsen,Leipzig,Kleinzschocher,4229,459.0,599.0,70.0,70.0,69.11,2.0,1910.0,well_kept,apartment,NO_INFORMATION,central_heating,3.49,False,False,False,True,False,True,Feb20
112423507,Nordrhein_Westfalen,Bochum,Querenburg,44801,520.0,807.0,140.0,147.0,74.24,3.0,1973.0,fully_renovated,apartment,,central_heating,3.93,False,True,True,True,False,False,Feb20
104897949,Nordrhein_Westfalen,Recklinghausen_Kreis,Castrop_Rauxel,44579,371.7,606.7,235.0,,75.0,3.0,2004.0,fully_renovated,apartment,,central_heating,3.23,False,False,True,False,True,False,Sep18
115240424,Hessen,Main_Taunus_Kreis,Kriftel,65830,1850.0,2150.0,300.0,,141.0,5.0,2000.0,modernized,other,,gas_heating,4.21,False,True,False,True,True,True,Feb20
110274547,Nordrhein_Westfalen,Gelsenkirchen,Beckhausen,45899,432.58,573.58,108.0,33.0,60.29,2.5,1970.0,,apartment,,central_heating,3.45,False,True,False,True,False,False,May19
111411863,Hessen,Kassel_Kreis,Baunatal,34225,490.0,,95.0,105.0,80.19,3.0,1990.0,,roof_storey,D,gas_heating,3.47,False,True,False,True,False,False,May19
113387785,Niedersachsen,Emden,Stadtzentrum,26725,430.0,,180.0,,67.0,2.0,,,apartment,,,-0.55,False,True,True,True,False,True,Oct19
115627931,Bayern,Erlangen,Süd,91054,430.0,550.0,120.0,,34.0,1.0,1923.0,well_kept,apartment,,central_heating,2.25,False,False,False,True,True,True,Feb20
105169224,Nordrhein_Westfalen,Essen,Karnap,45329,290.0,350.0,60.0,,53.0,2.0,1901.0,need_of_renovation,apartment,,night_storage_heater,3.28,False,False,False,False,False,False,Sep18
111023278,Sachsen_Anhalt,Halle_Saale,Südliche_Neustadt,6124,220.0,377.0,157.0,,56.25,3.0,1983.0,refurbished,apartment,B,central_heating,3.42,False,True,False,False,False,False,May19
115209257,Niedersachsen,Wilhelmshaven,Siebethsburg,26386,571.0,701.0,130.0,0.0,91.32,4.0,1938.0,well_kept,apartment,,self_contained_central_heating,4.45,False,True,False,False,False,False,Feb20
115371348,Sachsen,Chemnitz,Schloßchemnitz,9113,315.0,435.0,120.0,,56.5,2.0,,well_kept,,,central_heating,0.74,False,True,False,True,True,True,Feb20
52159298,Baden_Württemberg,Mannheim,Feudenheim,68259,450.0,,50.0,,58.0,2.0,1929.0,modernized,apartment,,self_contained_central_heating,3.64,False,True,False,False,False,True,Feb20
100852292,Sachsen,Chemnitz,Hilbersdorf,9131,375.0,570.0,195.0,,80.0,4.5,,well_kept,apartment,,,0.0,False,True,False,True,True,False,May19
115434552,Bayern,München,Altstadt,80331,1208.46,1398.46,100.0,90.0,54.46,2.0,1961.0,fully_renovated,apartment,,central_heating,4.18,False,True,True,False,False,False,Feb20
115375249,Sachsen,Leipzig,Lindenau,4177,341.12,467.07,65.95,60.0,52.48,2.0,2019.0,first_time_use,apartment,,gas_heating,4.83,True,True,True,False,False,False,Feb20
87138844,Bayern,Günzburg_Kreis,Jettingen_Scheppach,89343,495.0,685.0,190.0,,65.0,2.0,2000.0,,ground_floor,D,central_heating,5.17,False,False,False,False,False,True,Sep18
115526274,Nordrhein_Westfalen,Essen,Fischlaken,45239,1100.0,2.0,180.0,160.0,120.0,4.0,,well_kept,maisonette,,electric_heating,3.0,False,True,False,True,True,True,Feb20
107325096,Sachsen,Dresden,Wilsdruffer_Vorstadt/Seevorstadt_West,1067,394.68,527.68,133.0,,50.6,2.0,,,ground_floor,,central_heating,3.49,False,True,False,True,False,False,Sep18
113633668,Baden_Württemberg,Zollernalbkreis,Bitz,72475,650.0,870.0,220.0,,92.0,4.0,1991.0,refurbished,apartment,,central_heating,3.62,False,True,False,True,True,True,Oct19
107376716,Nordrhein_Westfalen,Herne,Wanne,44649,626.0,819.0,93.0,100.0,89.3,3.5,1994.0,,apartment,D,,3.45,False,False,False,True,False,False,Sep18
107729466,Thüringen,Gera,Stadtmitte,7545,420.0,600.0,180.0,,83.2,3.0,1997.0,well_kept,roof_storey,,central_heating,1.85,False,False,True,True,False,False,May19
98469382,Sachsen,Leipzig,Gohlis_Mitte,4157,730.0,730.0,0.0,,52.0,2.0,1997.0,,,,,4.62,False,False,False,False,False,True,Oct19
114016435,Sachsen,Hoyerswerda,Neida,2977,280.0,,72.0,73.0,65.95,3.0,,,apartment,,,0.19,False,False,False,True,False,False,Feb20
111237456,Nordrhein_Westfalen,Gelsenkirchen,Ückendorf,45886,346.25,,108.0,80.0,70.0,3.5,1908.0,well_kept,ground_floor,D,central_heating,2.84,False,False,False,False,False,False,May19
111134244,Schleswig_Holstein,Rendsburg_Eckernförde_Kreis,Schwedeneck,24229,560.0,690.0,130.0,,70.0,2.0,1999.0,well_kept,roof_storey,,oil_heating,3.63,False,False,False,False,True,True,May19
111324380,Nordrhein_Westfalen,Neuss_Rhein_Kreis,Korschenbroich,41352,800.0,1090.0,290.0,,120.0,3.0,1974.0,fully_renovated,apartment,E,central_heating,3.52,False,True,False,False,False,True,May19
110771885,Brandenburg,Brandenburg_an_der_Havel,Altstadt,14776,930.0,1080.0,150.0,,132.33,5.0,1850.0,well_kept,ground_floor,D,self_contained_central_heating,6.78,False,False,False,True,True,False,May19
111082311,Sachsen,Leipzig,Grünau_Nord,4205,252.0,328.0,36.0,40.0,36.06,1.0,1981.0,well_kept,apartment,,central_heating,3.75,False,True,False,False,False,False,May19
106939949,Sachsen,Dresden,Radeberger_Vorstadt,1099,441.0,611.0,170.0,,55.17,2.0,1997.0,mint_condition,ground_floor,,central_heating,3.66,False,True,True,True,False,False,Sep18
109003715,Nordrhein_Westfalen,Bochum,Werne,44894,333.0,562.0,151.0,78.0,75.69,3.0,1920.0,well_kept,apartment,,central_heating,4.13,False,True,False,True,False,False,May19
115514220,Sachsen,Nordsachsen_Kreis,Schkeuditz,4435,300.0,,61.0,32.0,45.91,2.0,1961.0,well_kept,apartment,,,3.89,False,False,False,True,False,False,Feb20
112790022,Nordrhein_Westfalen,Ennepe_Ruhr_Kreis,Hattingen,45529,343.28,479.28,101.0,35.0,45.77,3.0,1951.0,,ground_floor,,central_heating,2.23,False,False,False,True,False,False,Oct19
109874175,Baden_Württemberg,Mannheim,Neckarstadt_Ost_/_Wohlgelegen,68169,550.41,819.41,269.0,71.0,78.63,3.0,1975.0,,apartment,NO_INFORMATION,,4.33,False,True,True,False,False,False,May19
107355212,Sachsen,Chemnitz,Kaßberg,9112,318.0,,132.0,,66.0,2.0,1905.0,well_kept,apartment,,central_heating,0.0,False,False,False,False,False,False,Sep18
112395337,Nordrhein_Westfalen,Oberhausen,Alstaden_Ost,46049,530.0,780.0,140.0,110.0,87.0,5.0,1967.0,well_kept,apartment,,central_heating,2.58,False,False,False,False,False,False,Oct19
70524700,Nordrhein_Westfalen,Dortmund,Innenstadt,44145,650.0,897.6,92.4,155.2,80.0,3.5,,modernized,roof_storey,,central_heating,4.17,False,False,False,True,False,False,Sep18
110790347,Bayern,Hof,Innenstadt,95032,455.0,,220.0,,90.0,3.0,,,apartment,,central_heating,5.26,False,True,False,False,False,False,May19
110396340,Hessen,Rheingau_Taunus_Kreis,Taunusstein,65232,850.0,1030.0,180.0,,72.0,3.0,,first_time_use_after_refurbishment,roof_storey,,central_heating,3.7,False,True,False,True,False,False,May19
105999384,Nordrhein_Westfalen,Krefeld,Inrath/Kliedbruch,47803,295.0,,145.0,,40.0,2.0,1960.0,,roof_storey,,central_heating,3.03,False,False,False,True,False,False,Sep18
113300783,Sachsen,Dresden,Prohlis_Süd,1239,329.0,499.0,90.0,80.0,64.27,3.0,1978.0,,apartment,E,central_heating,1.89,False,True,False,True,False,False,Oct19
103616817,Sachsen,Mittelsachsen_Kreis,Claußnitz,9236,236.25,336.25,100.0,,52.5,2.0,1920.0,refurbished,roof_storey,,central_heating,0.21,False,False,False,True,True,True,May19
108762007,Sachsen,Erzgebirgskreis,Aue,8280,260.0,385.0,125.0,,61.0,2.0,1890.0,modernized,apartment,,central_heating,3.92,False,False,False,True,False,False,May19
108225158,Hessen,Wetteraukreis,Rosbach_vor_der_Höhe,61191,1050.0,,200.0,,95.0,3.0,2018.0,mint_condition,roof_storey,,central_heating,4.12,True,True,False,True,False,True,Oct19
107379448,Niedersachsen,Oldenburg_Kreis,Wildeshausen,27793,460.0,540.0,80.0,,98.0,4.0,,,,,self_contained_central_heating,2.86,False,True,False,False,True,True,Sep18
111391088,Nordrhein_Westfalen,Dortmund,Innenstadt,44135,500.0,700.0,100.0,100.0,74.0,2.5,1973.0,well_kept,apartment,,central_heating,4.51,False,True,True,False,False,False,May19
110852583,Nordrhein_Westfalen,Dortmund,Innenstadt,44145,342.0,,70.0,70.0,38.0,1.5,,,ground_floor,,central_heating,5.48,False,False,False,False,False,False,May19
111678216,Sachsen,Leipzig,Grünau_Mitte,4209,390.0,581.0,91.0,100.0,90.73,3.0,1979.0,well_kept,apartment,,central_heating,3.1,False,True,False,True,False,False,Feb20
104187781,Bayern,München,Obersendling,81379,2275.7,2801.82,208.06,208.06,130.04,4.0,2018.0,first_time_use,apartment,B,central_heating,7.01,True,True,True,True,False,False,May19
114565953,Sachsen,Görlitz_Kreis,Markersdorf,2829,199.0,279.0,80.0,,36.0,1.0,,fully_renovated,,,central_heating,1.05,False,False,False,False,True,True,Feb20
113267414,Baden_Württemberg,Karlsruhe,Waldstadt,76139,450.0,570.0,120.0,,25.0,1.0,1996.0,fully_renovated,apartment,,central_heating,4.43,False,True,False,False,False,False,Oct19
114103957,Sachsen,Erzgebirgskreis,Burkhardtsdorf,9235,340.0,455.0,115.0,,55.0,3.0,1914.0,,apartment,C,central_heating,0.59,False,True,False,True,False,False,Feb20
107068059,Hessen,Frankfurt_am_Main,Rödelheim,60489,980.0,1175.0,195.0,,74.0,3.0,1973.0,well_kept,other,,central_heating,5.98,False,True,True,True,False,False,Sep18
115573072,Nordrhein_Westfalen,Gelsenkirchen,Bismarck,45889,370.0,,,,70.0,3.5,,well_kept,,,,2.74,False,False,False,False,False,False,Feb20
111409536,Rheinland_Pfalz,Germersheim_Kreis,Rülzheim,76761,950.0,1140.0,190.0,,129.0,4.5,,,maisonette,,central_heating,4.05,False,True,False,True,False,False,May19
55654932,Berlin,Berlin,Niederschönhausen_Pankow,13156,995.0,1245.0,180.0,70.0,98.8,3.0,2010.0,mint_condition,raised_ground_floor,,central_heating,7.95,False,True,True,True,True,True,Sep18
83278618,Baden_Württemberg,Rems_Murr_Kreis,Auenwald,71549,790.0,1040.0,250.0,,118.0,3.5,2004.0,well_kept,maisonette,C,gas_heating,,False,True,False,True,False,True,May19
110104335,Mecklenburg_Vorpommern,Neubrandenburg,Industrieviertel,17034,347.0,,95.0,57.0,66.17,3.0,1969.0,,apartment,,district_heating,0.35,False,True,False,False,False,False,May19
105500790,Nordrhein_Westfalen,Köln,Altstadt_&_Neustadt_Nord,50674,500.0,850.0,350.0,,30.0,1.0,,mint_condition,apartment,,,5.08,False,False,True,False,False,True,Sep18
105904128,Nordrhein_Westfalen,Münster,Sentrup,48149,900.0,1140.0,180.0,,64.0,2.0,,mint_condition,ground_floor,,floor_heating,6.25,False,True,True,True,False,True,Feb20
115224618,Rheinland_Pfalz,Landau_in_der_Pfalz,Landau_Stadt,76829,1200.0,,200.0,,166.0,6.0,1981.0,fully_renovated,ground_floor,B,self_contained_central_heating,3.95,False,False,False,True,True,True,Feb20
115675659,Baden_Württemberg,Rastatt_Kreis,Rastatt,76437,560.0,660.0,100.0,,65.0,2.0,,first_time_use_after_refurbishment,apartment,,combined_heat_and_power_plant,4.22,False,True,True,True,False,True,Feb20
114320081,Sachsen,Leipzig,Plagwitz,4229,1052.0,1262.0,210.0,,95.59,3.0,2018.0,first_time_use,apartment,,central_heating,4.58,False,True,True,True,True,False,Feb20
109449097,Niedersachsen,Helmstedt_Kreis,Königslutter_am_Elm,38154,700.0,900.0,200.0,,90.0,3.0,1993.0,well_kept,roof_storey,,central_heating,2.28,False,True,False,True,False,True,Oct19
53812519,Hessen,Offenbach_Kreis,Langen_Hessen,63225,590.0,770.0,180.0,,58.0,2.0,1970.0,well_kept,,,central_heating,5.32,False,False,True,True,False,True,May19
113704438,Berlin,Berlin,Mitte_Mitte,10117,1530.0,1897.2,214.2,153.0,102.0,3.0,1996.0,,apartment,,central_heating,5.91,False,False,True,False,False,True,Feb20
111216046,Rheinland_Pfalz,Mainz_Bingen_Kreis,Bingen_am_Rhein,55411,575.0,,90.0,,73.0,3.0,1969.0,refurbished,half_basement,NO_INFORMATION,self_contained_central_heating,3.53,False,True,False,True,False,False,May19
109659597,Bayern,Augsburg,Innenstadt,86150,766.0,916.0,70.0,80.0,61.28,2.0,1974.0,first_time_use_after_refurbishment,apartment,D,district_heating,5.0,False,False,True,False,False,True,May19
113813151,Nordrhein_Westfalen,Mönchengladbach,Windberg,41063,549.0,,151.0,69.0,72.0,3.0,1966.0,well_kept,apartment,,central_heating,3.37,False,True,False,True,False,False,Oct19
113182458,Hessen,Frankfurt_am_Main,Niederrad,60528,900.0,1042.0,71.0,71.0,58.99,2.0,2019.0,first_time_use,apartment,B,floor_heating,5.03,True,True,True,False,False,True,Oct19
115522867,Saarland,Saarpfalz_Kreis,Sankt_Ingbert,66386,690.0,,230.0,,115.0,4.0,1955.0,,apartment,,,3.12,False,True,False,False,False,False,Feb20
114746461,Sachsen,Bautzen_Kreis,Pulsnitz,1896,850.5,1174.5,324.0,,162.0,5.0,1993.0,refurbished,apartment,D,central_heating,2.97,False,False,True,False,False,True,Feb20
110988484,Sachsen,Leipzig_Kreis,Markranstädt,4420,450.0,620.0,80.0,90.0,90.0,4.0,1900.0,refurbished,maisonette,,,3.55,False,True,False,False,False,True,May19
109897498,Nordrhein_Westfalen,Wesel_Kreis,Moers,47441,900.0,1200.0,300.0,,119.0,4.0,1935.0,modernized,,G,central_heating,2.83,False,True,False,True,False,False,May19
110646256,Niedersachsen,Gifhorn_Kreis,Gifhorn,38518,1050.0,,,,91.4,4.0,2018.0,first_time_use,apartment,,floor_heating,2.05,True,False,True,False,False,False,May19
113184988,Berlin,Berlin,Buckow_Neukölln,12351,605.0,766.06,161.06,40.65,56.58,2.0,1965.0,first_time_use_after_refurbishment,apartment,C,district_heating,6.2,False,True,True,True,False,False,Oct19
111306527,Nordrhein_Westfalen,Gelsenkirchen,Beckhausen,45897,390.0,498.0,54.0,54.0,60.0,3.5,1967.0,mint_condition,apartment,,central_heating,3.63,False,False,False,True,True,False,May19
115660866,Rheinland_Pfalz,Donnersbergkreis,Rockenhausen,67806,220.0,330.0,110.0,,40.0,2.0,1986.0,,ground_floor,,,4.08,False,False,False,False,False,True,Feb20
113391080,Bayern,München,Altstadt,80331,2825.0,3226.15,401.15,,113.0,3.0,1897.0,,,,,4.47,False,True,True,False,False,True,Oct19
109509474,Brandenburg,Prignitz_Kreis,Wittenberge,19348,319.0,449.0,130.0,,62.0,2.0,1933.0,well_kept,apartment,,gas_heating,1.85,False,True,True,True,False,True,May19
109964341,Hessen,Darmstadt_Dieburg_Kreis,Griesheim,64347,860.0,1050.0,190.0,,87.0,3.0,1994.0,well_kept,apartment,C,central_heating,3.97,False,True,False,True,False,False,May19
113738891,Nordrhein_Westfalen,Rhein_Erft_Kreis,Pulheim,50259,1100.0,1300.0,200.0,,86.26,3.0,2019.0,first_time_use,roof_storey,,floor_heating,3.9,True,True,True,True,False,False,Oct19
106840653,Bayern,Würzburg,Mönchberg,97074,725.0,845.0,120.0,,85.0,3.0,1949.0,well_kept,,,self_contained_central_heating,2.08,False,False,False,True,False,False,Sep18
115295441,Nordrhein_Westfalen,Köln,Zündorf,51143,750.0,903.5,153.5,,50.0,2.0,,,roof_storey,,central_heating,4.08,False,True,False,True,True,False,Feb20
113262684,Hessen,Frankfurt_am_Main,Westend_Süd,60325,695.0,835.0,140.0,,26.2,1.0,,fully_renovated,half_basement,,central_heating,4.42,False,False,False,False,False,True,Feb20
108190958,Nordrhein_Westfalen,Dortmund,Brechten,44339,950.0,1200.0,250.0,,82.0,3.0,2014.0,mint_condition,penthouse,,floor_heating,4.23,False,True,False,False,False,True,Oct19
91558897,Nordrhein_Westfalen,Mönchengladbach,Lürrip,41065,340.0,430.0,90.0,,41.0,2.0,,modernized,other,,self_contained_central_heating,3.33,False,False,False,True,False,True,Feb20
105398529,Niedersachsen,Salzgitter,Lebenstedt,38226,305.0,478.0,173.0,,58.9,3.0,1941.0,modernized,apartment,,central_heating,1.67,False,False,False,True,False,False,Sep18
110624158,Sachsen,Leipzig,Gohlis_Süd,4155,615.0,780.0,165.0,,81.4,2.5,1903.0,,roof_storey,,central_heating,4.29,False,True,False,True,False,False,May19
115452728,Hessen,Frankfurt_am_Main,Westend_Süd,60325,1740.0,1890.0,150.0,,54.0,2.0,,mint_condition,roof_storey,E,central_heating,4.58,False,False,False,False,False,True,Feb20
107739035,Sachsen,Bautzen_Kreis,Bernsdorf,2994,536.0,645.0,54.0,55.0,82.39,2.0,1995.0,,ground_floor,,,0.0,False,False,False,True,False,False,May19
112153968,Nordrhein_Westfalen,Recklinghausen_Kreis,Marl,45770,390.0,500.0,110.0,,60.0,3.0,1954.0,well_kept,ground_floor,,self_contained_central_heating,2.66,False,False,False,False,False,False,Oct19
105044136,Sachsen_Anhalt,Burgenlandkreis,Weißenfels,6667,193.0,319.0,42.0,84.0,42.71,2.0,1930.0,fully_renovated,,,central_heating,2.0,False,False,False,True,False,False,Sep18
107323482,Niedersachsen,Hannover,List,30177,500.0,550.0,50.0,,74.0,2.5,,,roof_storey,,gas_heating,4.4,False,False,False,True,True,True,Sep18
111840610,Nordrhein_Westfalen,Aachen_Kreis,Alsdorf,52477,980.0,,140.0,140.0,123.0,4.0,2001.0,mint_condition,maisonette,,central_heating,2.29,False,True,False,False,False,True,Feb20
112488555,Nordrhein_Westfalen,Märkischer_Kreis,Halver,58553,550.0,694.0,144.0,,55.0,1.5,2019.0,first_time_use,ground_floor,,central_heating,1.99,True,True,False,False,True,False,Oct19
109688890,Sachsen,Görlitz_Kreis,Zittau,2763,325.0,500.0,175.0,95.0,76.6,3.0,,,,,central_heating,1.72,False,False,False,False,False,False,Feb20
80611313,Hessen,Offenbach_Kreis,Rödermark,63322,790.0,990.0,200.0,,77.0,2.5,1995.0,well_kept,roof_storey,,gas_heating,2.63,False,True,False,True,False,True,Sep18
100077221,Nordrhein_Westfalen,Düsseldorf,Vennhausen,40627,709.0,904.0,195.0,,73.0,3.0,1978.0,fully_renovated,terraced_flat,,central_heating,5.15,False,True,False,True,False,False,Sep18
103389661,Hessen,Kassel,Nord_Holland,34127,390.0,500.0,50.0,60.0,39.0,1.0,2016.0,mint_condition,roof_storey,,gas_heating,4.55,False,False,False,True,True,False,Feb20
107318286,Bayern,München,Solln,81479,1950.0,2330.0,300.0,,113.4,4.0,2008.0,,ground_floor,,central_heating,7.38,False,True,True,True,True,True,Sep18
111295603,Nordrhein_Westfalen,Mettmann_Kreis,Velbert,42549,850.0,1100.0,190.0,,106.56,3.0,1999.0,fully_renovated,,,central_heating,3.44,False,True,True,True,False,False,May19
115497243,Brandenburg,Märkisch_Oderland_Kreis,Fredersdorf_Vogelsdorf,15370,1105.0,1105.0,,,85.0,3.0,2020.0,first_time_use,apartment,,floor_heating,4.21,True,True,False,False,False,False,Feb20
112826862,Sachsen,Chemnitz,Altendorf,9116,848.4,,161.6,72.0,101.0,3.0,2019.0,first_time_use,ground_floor,,district_heating,0.28,True,True,True,True,False,False,Oct19
112883821,Nordrhein_Westfalen,Bochum,Kruppwerke,44793,385.0,495.0,55.0,55.0,55.02,2.0,1925.0,well_kept,apartment,NO_INFORMATION,central_heating,5.02,False,False,False,True,False,False,Oct19
107793763,Mecklenburg_Vorpommern,Rostock,Toitenwinkel,18147,320.0,489.0,100.0,69.0,61.5,3.0,1988.0,modernized,apartment,,district_heating,2.22,False,True,False,True,False,False,May19
106530869,Saarland,Saarpfalz_Kreis,Homburg,66424,520.0,720.0,200.0,,99.0,4.0,1971.0,fully_renovated,half_basement,,central_heating,3.17,False,True,False,False,False,False,Sep18
113265150,Nordrhein_Westfalen,Mönchengladbach,Rheydt,41236,699.0,,130.0,,97.0,4.0,1956.0,well_kept,apartment,B,self_contained_central_heating,2.88,False,False,False,True,False,False,Oct19
113503359,Mecklenburg_Vorpommern,Rostock,Gehlsdorf,18147,551.0,697.0,68.0,78.0,52.0,2.0,2018.0,,,B,,1.75,True,True,False,True,False,True,Oct19
110904556,Sachsen,Chemnitz,Zentrum,9111,248.0,368.0,60.0,60.0,61.94,2.0,,refurbished,raised_ground_floor,,central_heating,1.89,False,False,False,True,False,True,May19
54142378,Nordrhein_Westfalen,Viersen_Kreis,Viersen,41751,324.32,474.32,150.0,40.0,56.7,2.0,1976.0,,apartment,D,central_heating,1.56,False,True,False,True,False,False,Feb20
113392469,Sachsen,Mittelsachsen_Kreis,Freiberg,9599,300.0,400.0,100.0,,48.6,2.0,1896.0,fully_renovated,half_basement,NO_INFORMATION,central_heating,1.01,False,False,False,False,False,True,Feb20
83191642,Thüringen,Altenburger_Land_Kreis,Meuselwitz,4610,325.0,430.0,105.0,,55.0,2.0,1998.0,mint_condition,roof_storey,,gas_heating,2.27,False,False,False,False,False,True,Oct19
111142650,Berlin,Berlin,Charlottenburg_Charlottenburg,14052,790.0,959.0,169.0,,56.35,2.0,1996.0,fully_renovated,apartment,,central_heating,8.97,False,False,False,True,False,True,May19
113769380,Hamburg,Hamburg,Rissen,22559,2080.0,2430.0,350.0,,123.3,4.0,2019.0,mint_condition,apartment,,,4.19,True,True,False,True,True,True,Oct19
113323635,Rheinland_Pfalz,Worms,Pfeddersheim,67551,800.0,,150.0,,85.0,4.0,1592.0,first_time_use_after_refurbishment,ground_floor,,self_contained_central_heating,3.68,False,False,False,True,True,False,Oct19
111293608,Baden_Württemberg,Mannheim,Innenstadt_/_Jungbusch,68159,550.0,600.0,50.0,,40.0,2.0,1900.0,first_time_use_after_refurbishment,roof_storey,,central_heating,4.6,False,False,False,True,False,False,May19
113565556,Sachsen_Anhalt,Salzlandkreis,Schönebeck_Elbe,39218,475.0,675.0,200.0,,77.87,3.0,,,maisonette,,self_contained_central_heating,1.48,False,True,False,True,False,False,Oct19
110748258,Nordrhein_Westfalen,Düsseldorf,Unterbilk,40219,1080.0,1290.0,210.0,,77.0,3.0,,,ground_floor,,,5.37,False,True,False,True,True,False,May19
111337913,Nordrhein_Westfalen,Köln,Widdersdorf,50859,1320.0,1695.0,375.0,,110.0,3.0,2015.0,mint_condition,penthouse,,floor_heating,4.71,False,True,True,True,False,False,May19
103126509,Sachsen_Anhalt,Stendal_Kreis,Stendal,39576,855.0,997.5,71.25,71.25,95.0,3.0,2017.0,first_time_use,terraced_flat,,floor_heating,2.02,True,True,False,False,False,False,Sep18
107318025,Sachsen,Sächsische_Schweiz_Osterzgebirge_Kreis,Wilsdruff,1723,490.0,,165.0,,80.77,3.0,,well_kept,apartment,,central_heating,1.54,False,True,False,False,False,False,Sep18
115454700,Hessen,Limburg_Weilburg_Kreis,Bad_Camberg,65520,790.0,970.0,180.0,,87.0,3.0,,first_time_use,,,,3.57,False,True,False,False,False,False,Feb20
113636873,Bayern,Augsburg,Innenstadt,86152,1220.0,1670.0,320.0,,122.0,3.5,1900.0,refurbished,maisonette,NO_INFORMATION,central_heating,3.98,False,True,True,True,False,False,Oct19
92982423,Thüringen,Gera,Gera_Ost,7546,160.0,240.0,80.0,,27.5,1.0,1997.0,,,,central_heating,1.89,False,False,False,True,True,False,May19
112594043,Bremen,Bremen,Arbergen,28307,550.0,550.0,,,45.0,1.0,2000.0,modernized,,NO_INFORMATION,gas_heating,1.98,False,True,False,False,False,True,Oct19
110586236,Berlin,Berlin,Mitte_Mitte,10179,1600.0,1800.0,,,90.0,3.0,,,apartment,,,8.55,False,True,True,False,False,True,May19
97425113,Sachsen,Leipzig,Möckern,4159,431.0,581.0,150.0,,53.24,2.0,1899.0,refurbished,ground_floor,,floor_heating,3.8,False,True,False,True,True,False,Feb20
111289440,Berlin,Berlin,Neukölln_Neukölln,12051,1164.0,1447.0,167.0,116.0,72.75,2.0,2018.0,first_time_use,terraced_flat,,floor_heating,12.02,True,True,True,True,True,True,May19
113594090,Niedersachsen,Goslar_Kreis,Goslar,38642,500.0,540.0,140.0,,69.0,3.0,1963.0,,apartment,,central_heating,3.07,False,False,False,False,False,False,Oct19
113062044,Rheinland_Pfalz,Kaiserslautern,Innenstadt,67655,690.0,940.0,250.0,120.0,100.0,5.0,1957.0,fully_renovated,apartment,NO_INFORMATION,central_heating,3.86,False,True,False,True,False,False,Oct19
111326833,Nordrhein_Westfalen,Mettmann_Kreis,Mettmann,40822,540.0,720.0,180.0,,65.0,2.0,2003.0,well_kept,roof_storey,,central_heating,4.01,False,True,False,True,False,True,May19
111146438,Sachsen,Dresden,Wilsdruffer_Vorstadt/Seevorstadt_West,1067,1572.86,1887.56,202.75,104.45,122.88,5.0,2018.0,first_time_use,apartment,C,central_heating,4.25,True,True,True,False,False,True,May19
115688785,Sachsen,Chemnitz,Kappel,9119,293.0,379.0,86.0,,56.0,3.0,,refurbished,apartment,,central_heating,0.58,False,True,False,True,False,False,Feb20
106053379,Bayern,München,Schwabing_West,80797,3950.0,4350.0,400.0,,196.0,6.0,1998.0,well_kept,maisonette,,central_heating,7.82,False,True,False,True,False,True,Sep18
49762268,Schleswig_Holstein,Herzogtum_Lauenburg_Kreis,Geesthacht,21502,760.0,965.0,90.0,90.0,100.0,3.5,,well_kept,apartment,,central_heating,2.7,False,False,False,False,True,True,Feb20
115658407,Hessen,Marburg_Biedenkopf_Kreis,Marburg,35037,355.0,,100.0,,23.0,1.0,,,,,central_heating,1.49,False,False,False,False,False,True,Feb20
115123248,Baden_Württemberg,Ulm,Mitte,89075,1550.0,1800.0,250.0,,140.0,4.5,1910.0,,other,,central_heating,4.33,False,False,False,True,False,True,Feb20
106765062,Rheinland_Pfalz,Bad_Kreuznach_Kreis,Waldböckelheim,55596,520.0,710.0,190.0,,79.0,3.0,,well_kept,raised_ground_floor,,central_heating,3.33,False,True,False,True,False,False,Sep18
114026235,Sachsen,Chemnitz,Sonnenberg,9130,150.0,215.0,65.0,,28.7,1.0,1997.0,fully_renovated,apartment,,central_heating,0.63,False,False,True,False,False,False,Feb20
115633689,Niedersachsen,Hannover,Hainholz,30165,536.0,686.0,150.0,,63.0,2.0,,fully_renovated,other,,,2.91,False,True,False,True,False,False,Feb20
111379350,Brandenburg,Brandenburg_an_der_Havel,Hohenstücken,14772,295.0,365.0,70.0,,32.58,1.0,1983.0,first_time_use,apartment,C,central_heating,6.06,False,False,False,True,False,True,May19
106520686,Hamburg,Hamburg,Bergedorf,21029,780.0,995.0,215.0,,61.75,3.0,,first_time_use_after_refurbishment,apartment,,central_heating,5.38,False,True,False,True,False,True,Sep18
115539541,Nordrhein_Westfalen,Oberbergischer_Kreis,Gummersbach,51643,422.52,,176.0,93.0,64.08,4.0,1955.0,well_kept,apartment,E,central_heating,3.76,False,True,False,True,False,False,Feb20
106754022,Sachsen,Dresden,Striesen_Ost,1277,550.0,747.0,197.0,,78.55,2.0,,refurbished,roof_storey,,central_heating,2.44,False,False,False,True,True,False,Sep18
107361229,Nordrhein_Westfalen,Recklinghausen_Kreis,Marl,45772,784.0,954.0,170.0,,103.05,4.5,2005.0,,apartment,,,1.69,False,True,False,False,False,False,Sep18
103517976,Sachsen,Chemnitz,Hilbersdorf,9131,230.0,320.0,90.0,,41.0,2.0,1910.0,well_kept,,,central_heating,0.0,False,True,False,True,True,False,Sep18
115704754,Nordrhein_Westfalen,Köln,Kalk,51103,430.0,520.0,90.0,,35.0,1.0,1974.0,fully_renovated,apartment,,,4.96,False,True,False,True,False,True,Feb20
111383318,Brandenburg,Potsdam_Mittelmark_Kreis,Teltow,14513,570.0,690.0,120.0,,60.0,2.0,,refurbished,ground_floor,,gas_heating,6.95,False,True,False,False,False,True,May19
114210078,Hessen,Frankfurt_am_Main,Bornheim,60385,1605.0,,300.0,0.0,107.0,3.0,1930.0,fully_renovated,maisonette,,self_contained_central_heating,5.32,False,True,False,True,False,True,Feb20
102199404,Sachsen_Anhalt,Magdeburg,Salbke,39122,292.0,420.0,128.0,,58.0,2.0,1910.0,refurbished,roof_storey,,central_heating,2.24,False,False,False,True,False,False,May19
80957965,Niedersachsen,Hannover,Südstadt,30171,1090.0,,135.0,,93.0,3.0,1930.0,well_kept,apartment,,self_contained_central_heating,4.21,False,True,False,True,True,True,May19
115249436,Thüringen,Erfurt,Andreasvorstadt,99089,635.0,770.0,135.0,,75.0,3.0,,well_kept,roof_storey,,,2.14,False,False,True,False,False,False,Feb20
115240188,Baden_Württemberg,Ludwigsburg_Kreis,Ludwigsburg,71636,1540.0,,280.0,,93.06,4.0,2019.0,first_time_use,apartment,,district_heating,6.81,True,True,True,False,False,False,Feb20
115474637,Niedersachsen,Stade_Kreis,Stade,21680,840.0,,230.0,,91.64,3.0,2017.0,first_time_use,terraced_flat,A,combined_heat_and_power_plant,3.04,False,False,True,False,False,False,Feb20
106720918,Brandenburg,Cottbus,Stadtmitte,3046,980.0,1280.0,300.0,,153.0,5.0,,first_time_use_after_refurbishment,apartment,,,0.0,False,True,False,True,False,False,Sep18
107353231,Bayern,München,Haidhausen,81669,2600.0,2920.0,160.0,160.0,139.0,3.5,1998.0,well_kept,penthouse,NO_INFORMATION,central_heating,7.56,False,True,True,True,False,True,Sep18
113776703,Rheinland_Pfalz,Bad_Dürkheim_Kreis,Lambrecht_Pfalz,67466,850.0,950.0,100.0,,85.0,5.0,,,apartment,,,3.33,False,True,False,False,True,True,Feb20
109607956,Nordrhein_Westfalen,Bochum,Werne,44894,260.0,310.0,50.0,,40.0,1.0,1910.0,well_kept,roof_storey,,electric_heating,4.13,False,False,False,False,False,False,May19
115060710,Sachsen,Leipzig_Kreis,Markranstädt,4420,290.0,420.0,65.0,65.0,53.0,2.0,1910.0,refurbished,apartment,,gas_heating,4.1,False,False,False,True,False,False,Feb20
113230365,Sachsen,Meißen_Kreis,Nünchritz,1612,250.41,364.67,114.26,44.19,49.1,2.0,1969.0,,apartment,C,,1.36,False,False,False,False,False,False,Oct19
112198616,Nordrhein_Westfalen,Bottrop,Altstadt,46236,1019.48,1251.18,231.7,,92.68,2.5,2019.0,first_time_use,apartment,B,floor_heating,3.53,True,True,True,True,False,False,Oct19
107341732,Berlin,Berlin,Adlershof_Treptow,12489,912.0,1015.0,58.0,45.0,48.0,2.0,1905.0,,,,central_heating,9.64,False,False,False,False,False,False,Sep18
106000497,Sachsen,Chemnitz,Lutherviertel,9126,289.0,444.0,153.0,,63.69,3.0,,,raised_ground_floor,,central_heating,0.0,False,True,False,True,False,False,Sep18
106980177,Hamburg,Hamburg,Ohlsdorf,22337,1800.0,1925.0,125.0,,125.44,4.0,2011.0,,other,,self_contained_central_heating,6.6,False,True,False,True,False,True,Sep18
111243099,Brandenburg,Barnim_Kreis,Eberswalde,16227,345.0,,52.0,,39.2,2.0,1955.0,modernized,apartment,,self_contained_central_heating,4.33,False,False,False,True,False,False,May19
107347974,Sachsen,Leipzig,Südvorstadt,4275,2314.0,2908.0,594.0,,212.0,5.0,1899.0,refurbished,roof_storey,,central_heating,6.33,False,True,True,False,False,True,Sep18
102260809,Nordrhein_Westfalen,Gelsenkirchen,Schalke,45881,359.0,477.0,72.0,46.0,58.56,2.5,1966.0,,apartment,,central_heating,3.57,False,True,False,True,False,False,Sep18
93962240,Nordrhein_Westfalen,Herford_Kreis,Herford,32051,575.0,795.0,200.0,,101.0,3.0,1950.0,well_kept,apartment,,central_heating,3.51,False,True,False,True,True,False,Feb20
113030368,Bayern,Augsburg,Hochzoll,86163,807.0,1040.0,140.0,93.0,80.68,4.0,1969.0,modernized,apartment,E,central_heating,4.37,False,True,True,False,False,False,Oct19
113099491,Sachsen_Anhalt,Salzlandkreis,Aschersleben,6449,800.0,,160.0,150.0,160.0,6.0,1870.0,modernized,apartment,G,central_heating,1.7,False,True,False,False,False,False,Oct19
107328300,Schleswig_Holstein,Neumünster,Innenstadt,24534,418.0,620.0,83.0,119.0,78.86,3.0,1964.0,,apartment,,district_heating,4.84,False,False,False,False,False,False,Sep18
115655429,Bayern,Lichtenfels_Kreis,Lichtenfels,96215,320.0,400.0,80.0,,60.0,2.0,,,ground_floor,,,5.02,False,True,False,True,False,False,Feb20
115455353,Berlin,Berlin,Pankow_Pankow,13189,805.37,1045.37,240.0,,86.32,3.0,1997.0,fully_renovated,apartment,B,floor_heating,6.36,False,True,True,True,False,False,Feb20
106390313,Sachsen,Mittelsachsen_Kreis,Freiberg,9599,259.0,,48.0,62.0,47.0,2.0,1970.0,,apartment,C,district_heating,1.69,False,False,False,True,False,False,May19
81545896,Nordrhein_Westfalen,Mönchengladbach,Gladbach,41061,660.0,760.0,180.0,,78.0,2.0,1952.0,well_kept,maisonette,,central_heating,3.54,False,False,False,True,False,True,May19
114774976,Hessen,Darmstadt,Bessungen,64285,1039.83,1210.83,132.0,39.0,75.9,3.0,1955.0,,apartment,,central_heating,3.97,False,True,False,True,False,False,Feb20
115113529,Sachsen,Sächsische_Schweiz_Osterzgebirge_Kreis,Pretzschendorf,1771,175.0,245.0,70.0,,35.0,1.0,1960.0,well_kept,,,central_heating,2.35,False,False,False,False,True,False,Feb20
109003506,Nordrhein_Westfalen,Gelsenkirchen,Hassel,45896,263.0,441.4,102.0,76.4,59.64,2.0,1982.0,fully_renovated,apartment,,central_heating,3.41,False,True,False,True,False,False,May19
115522958,Niedersachsen,Holzminden_Kreis,Lauenförde,37697,200.0,250.0,50.0,,32.67,1.0,1964.0,modernized,apartment,,self_contained_central_heating,3.45,False,False,False,True,True,False,Feb20
115560746,Bayern,Fürth,Oberfürberg_/_Eschenau,90768,735.0,940.0,170.0,,70.0,2.0,2014.0,mint_condition,apartment,B,central_heating,2.95,False,True,True,True,False,True,Feb20
107358337,Sachsen_Anhalt,Halle_Saale,Damaschkestraße,6130,273.24,393.24,60.0,60.0,49.68,2.0,1964.0,negotiable,,,central_heating,3.13,False,True,False,False,False,False,Sep18
114565705,Hessen,Frankfurt_am_Main,Sachsenhausen_Süd,60599,2200.0,2550.0,350.0,,147.0,3.0,1966.0,modernized,,NO_INFORMATION,central_heating,4.79,False,True,False,True,False,False,Feb20
113428440,Nordrhein_Westfalen,Warendorf_Kreis,Sassenberg,48336,430.0,530.0,100.0,,88.4,2.0,1989.0,well_kept,roof_storey,,gas_heating,3.95,False,False,False,True,False,False,Oct19
103656638,Hamburg,Hamburg,Bahrenfeld,22761,1445.0,1690.0,245.0,,100.0,2.0,1908.0,well_kept,apartment,,central_heating,6.14,False,False,True,False,True,True,Sep18
83246666,Hessen,Rheingau_Taunus_Kreis,Taunusstein,65232,774.0,1124.0,350.0,,90.0,3.0,1965.0,,half_basement,H,central_heating,3.95,False,True,False,False,True,True,Oct19
113766696,Sachsen,Dresden,Äußere_Neustadt_Antonstadt,1099,645.0,825.0,180.0,0.0,79.49,3.0,1929.0,fully_renovated,apartment,,central_heating,2.65,False,False,False,True,False,False,Oct19
88531638,Nordrhein_Westfalen,Dortmund,Sölderholz,44289,800.0,1150.0,200.0,150.0,125.0,5.5,,first_time_use_after_refurbishment,terraced_flat,,self_contained_central_heating,1.56,False,True,False,True,False,False,May19
115309461,Hessen,Fulda_Kreis,Fulda,36037,650.0,,,,64.0,3.0,,modernized,ground_floor,C,central_heating,4.53,False,True,False,True,True,True,Feb20
115515484,Schleswig_Holstein,Stormarn_Kreis,Glinde,21509,1100.0,1320.0,220.0,,100.0,3.0,,mint_condition,roof_storey,,floor_heating,3.89,False,True,False,False,False,True,Feb20
91496497,Berlin,Berlin,Schmargendorf_Wilmersdorf,14195,2938.0,3550.0,512.0,,113.0,3.0,2014.0,mint_condition,apartment,,floor_heating,5.82,False,True,True,True,True,True,Feb20
113834287,Hessen,Lahn_Dill_Kreis,Sinn,35764,450.0,,140.0,,65.0,2.0,,fully_renovated,apartment,,central_heating,4.9,False,False,False,True,False,False,Oct19
63813223,Sachsen_Anhalt,Magdeburg,Sudenburg,39112,268.29,390.24,121.95,,48.78,2.0,,refurbished,apartment,,central_heating,1.66,False,False,False,False,True,False,Oct19
91569827,Baden_Württemberg,Mannheim,Schwetzingerstadt_/_Oststadt,68165,990.0,1169.0,179.0,,79.4,2.0,1960.0,mint_condition,half_basement,,central_heating,4.12,False,False,True,True,False,False,Sep18
110562254,Nordrhein_Westfalen,Dortmund,Huckarde,44369,445.64,596.64,96.0,55.0,58.33,2.0,1941.0,,ground_floor,D,central_heating,4.23,False,True,False,True,False,False,May19
112763224,Nordrhein_Westfalen,Kleve_Kreis,Kevelaer,47623,695.0,,170.0,,75.0,3.0,1960.0,,roof_storey,D,central_heating,3.11,False,True,False,True,False,True,Feb20
91729111,Sachsen,Leipzig,Plagwitz,4229,629.3,811.3,182.0,110.0,62.93,2.0,1897.0,,maisonette,,floor_heating,4.9,False,True,True,True,False,False,Oct19
115393050,Bayern,Augsburg,Lechhausen,86167,468.0,598.0,130.0,,52.0,2.0,1969.0,modernized,roof_storey,,central_heating,3.99,False,False,False,True,True,False,Feb20
104364293,Nordrhein_Westfalen,Gelsenkirchen,Buer,45894,630.0,830.0,200.0,,70.0,3.0,,first_time_use_after_refurbishment,apartment,,district_heating,2.04,False,True,False,False,False,False,Oct19
114660143,Hessen,Frankfurt_am_Main,Nordend_West,60322,2400.0,,200.0,,108.0,4.0,1955.0,fully_renovated,apartment,,central_heating,5.29,False,True,False,True,False,True,Feb20
110425206,Sachsen,Chemnitz,Bernsdorf,9126,317.0,467.0,82.0,68.0,59.7,2.0,,mint_condition,other,,central_heating,-1.89,False,False,False,True,True,False,May19
100729701,Schleswig_Holstein,Lübeck,Kücknitz,23569,870.0,1070.0,200.0,,120.0,4.0,1913.0,negotiable,apartment,D,self_contained_central_heating,3.17,False,True,False,True,False,True,Sep18
115302598,Hessen,Wiesbaden,Mitte,65185,1250.0,1410.0,160.0,,124.0,4.0,1905.0,refurbished,apartment,,self_contained_central_heating,2.38,False,True,False,False,False,False,Feb20
107379286,Sachsen,Zwickau,Mitte_Nord,8056,850.0,1080.0,230.0,,113.67,5.0,,first_time_use_after_refurbishment,apartment,,,0.0,False,True,False,True,False,False,Sep18
113866303,Berlin,Berlin,Marzahn_Marzahn,12687,325.98,416.53,61.57,28.98,36.22,1.0,2019.0,,apartment,,,6.02,True,True,True,False,False,False,Oct19
115320263,Nordrhein_Westfalen,Oberbergischer_Kreis,Wiehl,51674,960.0,1105.0,145.0,45.0,110.0,3.0,2020.0,first_time_use,ground_floor,,floor_heating,3.41,True,True,True,True,True,False,Feb20
115439549,Nordrhein_Westfalen,Rheinisch_Bergischer_Kreis,Bergisch_Gladbach,51467,735.0,935.0,200.0,0.0,80.0,2.0,1981.0,well_kept,ground_floor,,central_heating,3.99,False,False,False,True,False,False,Feb20
115444341,Sachsen,Leipzig,Schleußig,4229,1478.0,,269.0,,134.37,4.0,2019.0,first_time_use,apartment,,,4.32,True,False,True,True,False,False,Feb20
113228572,Nordrhein_Westfalen,Gelsenkirchen,Ückendorf,45886,349.0,549.0,200.0,,40.0,1.0,,,apartment,,,2.07,False,False,False,False,True,True,Oct19
107342124,Bayern,Nürnberg,Galgenhof,90461,596.39,651.39,55.0,0.0,65.48,2.0,1955.0,,apartment,,,5.62,False,True,False,True,False,False,Sep18
115562878,Sachsen_Anhalt,Burgenlandkreis,Weißenfels,6667,250.0,405.0,75.0,80.0,48.0,2.0,,fully_renovated,,,central_heating,0.58,False,False,False,False,False,False,Feb20
115166655,Sachsen,Mittelsachsen_Kreis,Mittweida,9648,421.14,563.67,142.53,,64.79,2.0,1910.0,mint_condition,apartment,,central_heating,1.42,False,True,False,False,False,False,Feb20
113824725,Bayern,Augsburg,Haunstetten,86179,770.0,940.0,170.0,,66.0,3.0,1959.0,modernized,apartment,C,central_heating,4.16,False,True,False,False,False,True,Oct19
114971592,Sachsen,Leipzig,Grünau_Ost,4209,363.9,,86.0,70.0,60.65,3.0,1978.0,modernized,apartment,,central_heating,2.07,False,True,False,True,False,False,Feb20
77351242,Sachsen_Anhalt,Halle_Saale,Giebichenstein,6114,311.0,391.0,80.0,,34.65,1.0,,first_time_use_after_refurbishment,ground_floor,,,3.03,False,False,False,False,False,True,Oct19
111308137,Berlin,Berlin,Neukölln_Neukölln,12051,850.0,950.0,100.0,,51.0,1.0,1900.0,well_kept,apartment,H,central_heating,12.08,False,False,False,False,False,False,May19
106371378,Thüringen,Erfurt,Melchendorf,99097,380.0,560.0,180.0,90.0,70.44,2.0,1988.0,well_kept,apartment,,district_heating,1.67,False,False,False,True,False,False,Sep18
115417117,Niedersachsen,Goslar_Kreis,Goslar,38640,415.0,560.0,85.0,60.0,50.4,1.0,1920.0,modernized,ground_floor,B,central_heating,3.49,False,True,True,True,False,False,Feb20
110365496,Thüringen,Gera,Gera_Ost,7545,220.0,310.0,90.0,,43.51,2.0,1939.0,refurbished,,D,central_heating,1.89,False,True,False,True,False,False,May19
115696248,Bremen,Bremen,Oberneuland,28355,850.0,,220.0,,82.0,3.0,1974.0,fully_renovated,ground_floor,E,combined_heat_and_power_plant,1.96,False,True,False,True,True,False,Feb20
113950789,Sachsen,Nordsachsen_Kreis,Delitzsch,4509,476.0,636.0,160.0,,68.0,3.0,1993.0,well_kept,roof_storey,,floor_heating,3.38,False,False,False,True,False,False,Feb20
115646266,Nordrhein_Westfalen,Ennepe_Ruhr_Kreis,Hattingen,45529,497.79,671.79,126.0,48.0,62.0,2.0,1965.0,,apartment,B,central_heating,2.78,False,True,True,True,False,False,Feb20
110911955,Sachsen_Anhalt,Burgenlandkreis,Lützen,6686,205.5,320.5,54.4,50.0,40.31,2.0,1929.0,well_kept,other,,central_heating,1.85,False,False,False,False,False,False,May19
63755449,Hessen,Wiesbaden,Nordost,65193,2300.0,2650.0,350.0,,200.0,6.0,1896.0,fully_renovated,roof_storey,,self_contained_central_heating,1.61,False,True,False,True,False,True,Oct19
102976343,Sachsen,Leipzig,Altlindenau,4177,456.52,619.96,163.44,,56.36,2.0,1913.0,,apartment,,floor_heating,5.42,False,False,True,True,False,True,May19
109234820,Sachsen,Chemnitz,Kaßberg,9112,350.0,500.0,150.0,,68.0,2.0,1910.0,refurbished,roof_storey,C,central_heating,0.36,False,True,False,True,False,False,May19
88652643,Niedersachsen,Delmenhorst,Dwoberg/Ströhen,27753,360.0,515.0,155.0,,55.0,3.0,1965.0,refurbished,roof_storey,,central_heating,2.77,False,False,False,True,False,True,Feb20
111279405,Sachsen,Sächsische_Schweiz_Osterzgebirge_Kreis,Wilsdruff,1723,320.0,440.0,,,30.0,1.0,1994.0,,apartment,,,1.68,False,False,False,False,False,False,May19
114868366,Sachsen,Erzgebirgskreis,Annaberg_Buchholz,9456,260.0,395.0,135.0,,62.0,2.0,,,,,,0.77,False,True,False,False,False,False,Feb20
115310457,Sachsen,Dresden,Kaditz,1129,500.0,615.0,115.0,,49.69,2.0,,first_time_use_after_refurbishment,other,,central_heating,1.71,False,False,False,True,False,True,Feb20
103739478,Schleswig_Holstein,Rendsburg_Eckernförde_Kreis,Bordesholm,24582,742.0,,215.0,115.0,88.0,3.0,2018.0,,apartment,A,,2.93,True,False,False,False,False,False,Sep18
106664454,Niedersachsen,Goslar_Kreis,Goslar,38644,300.0,450.0,150.0,,80.0,3.0,1975.0,fully_renovated,roof_storey,,oil_heating,3.28,False,True,False,True,False,True,Sep18
111436464,Hessen,Frankfurt_am_Main,Nordend_Ost,60316,760.0,810.0,50.0,0.0,24.0,1.0,,refurbished,apartment,,central_heating,5.6,False,True,True,False,False,True,Oct19
115309407,Baden_Württemberg,Breisgau_Hochschwarzwald_Kreis,Bad_Krozingen,79189,1200.0,1200.0,0.0,,91.75,3.0,1986.0,well_kept,maisonette,,central_heating,2.71,False,True,False,False,True,True,Feb20
114306278,Sachsen_Anhalt,Halle_Saale,Südliche_Neustadt,6124,265.0,380.0,115.0,,50.89,2.0,1969.0,refurbished,ground_floor,,central_heating,1.32,False,True,False,True,False,False,Feb20
111215773,Nordrhein_Westfalen,Gelsenkirchen,Ückendorf,45886,489.0,651.0,109.0,53.0,67.12,3.5,1966.0,,apartment,C,central_heating,2.84,False,True,False,True,False,False,May19
114632078,Bayern,Cham_Kreis,Roding,93426,1100.0,1100.0,,,94.0,3.0,2019.0,,penthouse,,gas_heating,4.03,True,True,True,True,False,True,Feb20
109257454,Thüringen,Erfurt,Daberstedt,99099,370.0,495.0,125.0,,56.42,2.0,1900.0,well_kept,apartment,,central_heating,3.75,False,False,False,True,False,False,May19
107726383,Sachsen,Mittelsachsen_Kreis,Frankenberg/Sachsen,9669,330.0,,105.0,,70.47,3.0,1996.0,well_kept,roof_storey,,self_contained_central_heating,0.77,False,True,False,True,False,False,Oct19
112914096,Thüringen,Eisenach,Stadtmitte,99817,420.0,620.0,160.0,,70.02,2.0,1994.0,,,,central_heating,-0.16,False,False,False,True,False,True,Oct19
113220683,Saarland,Saarlouis_Kreis,Überherrn,66802,644.4,,,,60.94,2.0,2019.0,,,,,4.96,True,False,False,False,False,False,Oct19
110768591,Nordrhein_Westfalen,Bonn,Poppelsdorf,53115,1050.0,,150.0,,70.0,2.0,2017.0,mint_condition,,,self_contained_central_heating,3.96,False,False,False,True,False,False,May19
94305971,Sachsen,Erzgebirgskreis,Annaberg_Buchholz,9456,250.5,0.0,135.0,,54.2,3.0,1988.0,,apartment,,central_heating,0.97,False,False,False,True,False,False,Oct19
115691638,Nordrhein_Westfalen,Aachen_Kreis,Simmerath,52152,300.0,500.0,200.0,,68.0,3.0,1967.0,refurbished,roof_storey,,self_contained_central_heating,2.16,False,False,False,False,True,False,Feb20
110742756,Niedersachsen,Hannover,Stöcken,30419,695.0,845.0,120.0,,68.0,2.5,,first_time_use_after_refurbishment,apartment,,gas_heating,3.9,False,False,False,False,False,False,May19
111055974,Schleswig_Holstein,Dithmarschen_Kreis,Stelle_Wittenwurth,25795,360.0,,80.0,,60.0,2.5,1953.0,,maisonette,,central_heating,3.44,False,True,False,False,False,False,May19
94355663,Baden_Württemberg,Reutlingen_Kreis,Reutlingen,72762,800.0,990.0,190.0,,73.0,3.0,1978.0,fully_renovated,apartment,,central_heating,3.66,False,True,False,True,False,True,Feb20
110478076,Baden_Württemberg,Heilbronn,Heilbronner_Kernstadt,74074,1100.0,1250.0,150.0,,89.0,4.0,2005.0,well_kept,apartment,,gas_heating,8.51,False,True,False,False,False,True,May19
113742431,Sachsen,Dresden,Äußere_Neustadt_Antonstadt,1099,680.0,1000.0,320.0,,52.0,2.0,,well_kept,apartment,,district_heating,2.41,False,True,False,False,False,True,Feb20
107333409,Nordrhein_Westfalen,Oberhausen,Styrum,46045,600.0,,240.0,,110.0,3.0,1913.0,,ground_floor,E,district_heating,3.28,False,True,False,True,False,False,Sep18
87194818,Nordrhein_Westfalen,Bochum,Gleisdreieck,44787,716.0,977.0,154.0,90.0,89.5,3.0,1964.0,well_kept,apartment,,central_heating,2.94,False,True,False,True,False,True,May19
115484717,Bayern,Landshut,West,84034,942.0,1166.0,120.0,104.0,79.8,2.0,1952.0,,roof_storey,,central_heating,2.16,False,False,False,False,True,False,Feb20
90141631,Nordrhein_Westfalen,Rhein_Erft_Kreis,Brühl,50321,1035.27,1338.34,253.07,,115.03,4.0,2019.0,first_time_use,roof_storey,NO_INFORMATION,floor_heating,3.41,True,True,True,True,False,False,May19
102533179,Sachsen,Chemnitz,Yorckgebiet,9127,215.0,325.0,110.0,,53.6,2.0,1993.0,well_kept,apartment,,,0.0,False,False,False,False,False,False,Sep18
114293303,Sachsen_Anhalt,Burgenlandkreis,Zeitz,6712,327.0,407.0,80.0,0.0,59.39,2.5,,,apartment,,gas_heating,0.2,False,True,False,True,False,False,Feb20
100906357,Niedersachsen,Wolfsburg,Fallersleben,38442,799.0,999.0,200.0,,84.0,2.0,1973.0,refurbished,other,,oil_heating,-1.15,False,True,False,True,True,False,Sep18
115438444,Bayern,Pfaffenhofen_an_der_Ilm_Kreis,Wolnzach,85283,750.0,850.0,100.0,,60.0,2.0,2006.0,mint_condition,maisonette,,wood_pellet_heating,2.72,False,True,False,True,True,True,Feb20
112771149,Thüringen,Greiz_Kreis,Zeulenroda_Triebes,7937,330.0,460.0,65.0,65.0,61.71,2.0,1995.0,mint_condition,apartment,C,central_heating,1.76,False,False,False,False,False,False,Feb20
107722509,Brandenburg,Uckermark_Kreis,Prenzlau,17291,315.65,479.0,73.75,79.65,59.0,3.0,1973.0,,,,,1.75,False,True,False,True,False,False,May19
91179230,Sachsen,Sächsische_Schweiz_Osterzgebirge_Kreis,Freital,1705,622.0,822.0,200.0,,112.97,3.0,,well_kept,maisonette,E,central_heating,0.0,False,True,False,False,False,False,Sep18
109163734,Berlin,Berlin,Charlottenburg_Charlottenburg,14059,639.0,799.0,110.0,50.0,52.0,2.0,1957.0,modernized,apartment,,central_heating,8.97,False,False,False,False,False,False,May19
107342596,Sachsen,Mittelsachsen_Kreis,Freiberg,9599,345.0,,71.0,70.0,58.0,3.0,1960.0,,apartment,C,,1.69,False,False,False,True,False,False,Sep18
115298713,Nordrhein_Westfalen,Münster,Geist,48151,345.12,,90.0,29.0,59.52,2.0,1997.0,well_kept,apartment,D,,4.95,False,True,False,False,False,False,Feb20
113243266,Sachsen_Anhalt,Dessau_Roßlau,Innerstädtischer_Bereich_Mitte,6844,370.0,583.3,142.2,71.1,71.0,2.0,1996.0,well_kept,roof_storey,B,district_heating,3.0,False,False,False,False,False,True,Oct19
114131351,Mecklenburg_Vorpommern,Greifswald,Riems_/_Insel_Koos,17493,684.75,890.18,205.43,,91.3,4.0,1960.0,first_time_use,apartment,,central_heating,1.59,False,True,True,True,False,False,Feb20
110753520,Nordrhein_Westfalen,Märkischer_Kreis,Lüdenscheid,58511,846.0,1129.69,248.74,,80.0,3.0,2019.0,first_time_use,other,,,2.37,True,True,True,False,False,False,Oct19
54816958,Hessen,Frankfurt_am_Main,Westend_Nord,60322,889.0,1088.0,199.0,,40.0,2.0,1958.0,,apartment,NO_INFORMATION,central_heating,5.13,False,True,False,False,False,True,Oct19
85291329,Hessen,Main_Taunus_Kreis,Kelkheim_Taunus,65779,990.0,1260.0,270.0,,85.0,3.0,2006.0,mint_condition,ground_floor,,gas_heating,3.16,False,True,True,True,True,False,May19
113814182,Bremen,Bremen,Horn,28359,710.0,990.0,280.0,,78.0,3.0,1976.0,well_kept,other,,,2.36,False,True,False,True,False,True,Feb20
115516503,Hessen,Groß_Gerau_Kreis,Mörfelden_Walldorf,64546,1050.0,,250.0,,80.0,3.0,2005.0,well_kept,ground_floor,D,central_heating,4.53,False,True,False,True,False,True,Feb20
113634176,Nordrhein_Westfalen,Düsseldorf,Pempelfort,40477,1760.0,2090.0,330.0,,127.0,4.0,2013.0,mint_condition,roof_storey,,central_heating,4.97,False,True,True,False,False,False,Oct19
99157665,Bayern,Würzburg_Kreis,Höchberg,97204,890.0,890.0,0.0,,68.0,2.5,1954.0,,ground_floor,A,,1.19,False,False,False,False,False,False,Oct19
113373442,Bayern,Würzburg_Kreis,Kirchheim,97268,340.0,,215.0,,65.0,3.0,1966.0,well_kept,apartment,,central_heating,3.11,False,False,False,False,True,True,Oct19
111326298,Nordrhein_Westfalen,Essen,Südostviertel,45138,415.0,566.0,151.0,,58.0,2.0,,,apartment,,central_heating,4.03,False,False,False,True,False,False,May19
113739927,Sachsen,Leipzig,Zentrum_Nordwest,4105,299.0,349.0,25.0,25.0,22.0,1.0,1900.0,first_time_use_after_refurbishment,raised_ground_floor,,central_heating,4.3,False,False,False,False,False,False,Feb20
106194021,Thüringen,Gotha_Kreis,Georgenthal/Thüringer_Wald,99887,360.0,525.0,165.0,,75.0,4.0,,well_kept,apartment,,district_heating,6.06,False,False,False,True,False,True,Sep18
106220089,Thüringen,Weimarer_Land_Kreis,Apolda,99510,855.0,1030.0,150.0,,122.55,3.0,1876.0,well_kept,apartment,G,central_heating,1.56,False,True,False,False,False,False,May19
113447257,Baden_Württemberg,Konstanz_Kreis,Konstanz,78465,495.0,,135.0,,52.0,2.0,2010.0,mint_condition,,C,gas_heating,2.9,False,True,False,True,False,True,Oct19
115467383,Thüringen,Altenburger_Land_Kreis,Altenburg,4600,600.0,850.0,250.0,,130.0,4.0,1900.0,fully_renovated,roof_storey,,central_heating,1.49,False,True,False,False,False,False,Feb20
114741250,Nordrhein_Westfalen,Paderborn_Kreis,Bad_Lippspringe,33175,263.44,438.44,120.0,50.0,59.2,2.0,2001.0,well_kept,apartment,,gas_heating,3.2,False,True,False,False,False,False,Feb20
115181822,Berlin,Berlin,Wedding_Wedding,13359,1000.0,1197.0,102.0,95.0,72.95,2.0,1925.0,,apartment,D,central_heating,8.67,False,False,False,False,False,True,Feb20
107384006,Nordrhein_Westfalen,Viersen_Kreis,Viersen,41749,600.0,780.0,180.0,,87.0,2.5,1994.0,well_kept,roof_storey,,floor_heating,3.17,False,True,False,False,False,False,Sep18
110753601,Berlin,Berlin,Charlottenburg_Charlottenburg,10711,800.0,920.0,120.0,60.0,27.02,1.0,1959.0,,raised_ground_floor,E,district_heating,8.57,False,False,False,True,False,True,May19
112729315,Baden_Württemberg,Rastatt_Kreis,Hügelsheim,76549,1056.0,1278.0,133.0,89.0,105.56,4.0,1987.0,refurbished,ground_floor,B,,5.23,False,True,False,True,False,True,Oct19
115299996,Brandenburg,Frankfurt_Oder,Obere_Stadt,15230,364.92,556.5,191.58,91.23,60.82,2.0,1988.0,,,,district_heating,3.39,False,True,True,False,False,False,Feb20
94903486,Baden_Württemberg,Heilbronn_Kreis,Kirchardt,74912,850.0,1100.0,250.0,,113.0,4.0,2000.0,well_kept,roof_storey,D,central_heating,4.55,False,True,False,False,False,True,May19
115469569,Sachsen,Mittelsachsen_Kreis,Freiberg,9599,184.0,,31.0,46.0,30.56,1.0,1963.0,,other,,central_heating,1.18,False,False,False,False,False,False,Feb20
113483063,Nordrhein_Westfalen,Mettmann_Kreis,Velbert,42553,371.39,511.39,88.0,52.0,45.85,2.0,1957.0,,ground_floor,,central_heating,3.64,False,False,False,True,False,False,Oct19
83976747,Berlin,Berlin,Schöneberg_Schöneberg,10825,3072.0,3579.0,507.0,,204.86,6.0,1900.0,,apartment,F,central_heating,9.62,False,True,True,False,False,False,Sep18
110965513,Sachsen_Anhalt,Burgenlandkreis,Zeitz,6712,270.0,420.0,80.0,70.0,56.76,2.0,,,apartment,,district_heating,1.44,False,True,False,True,False,False,May19
109001914,Sachsen,Chemnitz,Morgenleite,9122,277.0,457.05,83.1,96.95,69.25,3.0,1978.0,refurbished,apartment,,central_heating,0.0,False,True,False,True,False,False,Oct19
109808870,Niedersachsen,Helmstedt_Kreis,Helmstedt,38350,400.0,,80.0,,80.0,3.5,,fully_renovated,roof_storey,,self_contained_central_heating,1.69,False,False,False,False,False,True,May19
113055589,Sachsen,Leipzig_Kreis,Markkleeberg,4416,176.45,239.0,62.55,,41.7,1.0,1996.0,refurbished,other,,central_heating,5.11,False,False,True,False,False,False,Oct19
71931977,Nordrhein_Westfalen,Heinsberg_Kreis,Übach_Palenberg,52531,414.5,514.5,100.0,,72.72,3.0,1951.0,modernized,other,,stove_heating,4.0,False,False,False,True,True,False,May19
115625254,Sachsen,Leipzig,Paunsdorf,4329,223.58,345.0,63.14,58.28,48.57,2.0,1988.0,,,,central_heating,3.22,False,True,False,False,False,False,Feb20
90385535,Niedersachsen,Peine_Kreis,Vechelde,38159,650.0,910.0,260.0,70.0,110.0,3.0,2000.0,well_kept,maisonette,B,central_heating,1.72,False,True,False,True,False,True,Oct19
104648600,Berlin,Berlin,Alt_Hohenschönhausen_Hohenschönhausen,13055,760.0,980.0,220.0,100.0,80.0,3.0,1998.0,modernized,apartment,,central_heating,9.3,False,True,True,True,True,True,Sep18
112777149,Nordrhein_Westfalen,Essen,Bredeney,45133,350.0,,80.0,,55.0,2.0,1936.0,,roof_storey,,self_contained_central_heating,2.77,False,False,False,False,False,False,Oct19
115165935,Bayern,Nürnberg,Sandberg,90419,850.0,1055.0,205.0,,71.0,3.5,1988.0,refurbished,apartment,,central_heating,3.56,False,True,True,True,False,True,Feb20
105904139,Brandenburg,Ostprignitz_Ruppin_Kreis,Rheinsberg,16831,305.75,466.0,73.25,87.0,61.1,3.0,1967.0,refurbished,roof_storey,B,district_heating,3.45,False,False,False,True,False,False,Sep18
113239399,Sachsen,Leipzig_Kreis,Wurzen,4808,250.0,350.0,100.0,,42.0,2.0,1996.0,refurbished,apartment,,central_heating,3.21,False,False,True,True,False,True,Oct19
111341103,Nordrhein_Westfalen,Neuss_Rhein_Kreis,Meerbusch,40667,780.0,960.0,180.0,,79.0,3.0,,,apartment,,,4.02,False,False,False,False,False,False,May19
101892811,Sachsen_Anhalt,Burgenlandkreis,Zeitz,6712,430.82,620.82,95.0,95.0,84.26,3.0,,,roof_storey,,district_heating,0.0,False,True,False,True,False,False,Sep18
115412136,Nordrhein_Westfalen,Ennepe_Ruhr_Kreis,Witten,58455,359.0,,112.0,49.0,58.62,1.0,1951.0,well_kept,apartment,,central_heating,2.91,False,False,False,True,False,False,Feb20
112732697,Baden_Württemberg,Schwarzwald_Baar_Kreis,Schönwald_im_Schwarzwald,78141,280.0,410.0,130.0,,28.0,1.0,1965.0,,apartment,,central_heating,6.66,False,True,True,False,True,True,Oct19
108933012,Sachsen,Chemnitz,Bernsdorf,9126,215.0,299.0,84.0,,36.0,2.0,1890.0,,,,central_heating,-0.19,False,False,False,False,False,False,May19
113220394,Mecklenburg_Vorpommern,Schwerin,Lankow,19057,320.0,445.0,135.0,50.0,55.0,3.0,1970.0,refurbished,,C,central_heating,2.86,False,True,False,True,False,False,Oct19
95779775,Baden_Württemberg,Bodenseekreis,Tettnang,88069,750.0,890.0,140.0,,86.0,3.5,1994.0,well_kept,apartment,,gas_heating,,False,True,False,True,False,True,Feb20
110984504,Nordrhein_Westfalen,Dortmund,Innenstadt,44137,579.0,720.0,100.0,41.0,61.01,3.5,1954.0,,apartment,D,central_heating,4.51,False,True,False,True,False,False,May19
114846725,Rheinland_Pfalz,Rhein_Pfalz_Kreis,Schifferstadt,67105,890.0,,,,123.0,4.0,1969.0,,,,,4.46,False,True,False,False,False,False,Feb20
111245361,Sachsen,Leipzig,Anger_Crottendorf,4318,755.12,991.1,235.98,,94.39,3.0,1900.0,first_time_use_after_refurbishment,apartment,,gas_heating,5.02,False,True,True,True,True,False,May19
105427810,Hessen,Frankfurt_am_Main,Altstadt,60311,2090.0,2440.0,350.0,,95.0,2.5,1918.0,first_time_use,apartment,,floor_heating,6.2,False,False,True,True,False,True,Sep18
105349102,Nordrhein_Westfalen,Essen,Stadtkern,45127,968.0,,245.0,,120.9,3.5,1954.0,well_kept,apartment,C,central_heating,5.33,False,False,True,False,False,False,Sep18
107385623,Sachsen,Dresden,Leipziger_Vorstadt,1097,310.0,377.0,67.0,,25.25,1.0,,,apartment,,central_heating,3.66,False,True,True,True,False,True,Sep18
110713327,Hessen,Hochtaunuskreis,Usingen,61250,1090.0,1370.0,180.0,,113.0,4.0,2005.0,modernized,apartment,,central_heating,4.0,False,True,False,True,False,False,May19
105342898,Berlin,Berlin,Waidmannslust_Reinickendorf,13469,345.1,505.1,120.0,40.0,48.0,1.0,1960.0,well_kept,apartment,,central_heating,6.01,False,True,False,False,False,False,Feb20
115647570,Nordrhein_Westfalen,Essen,Stoppenberg,45141,366.23,586.23,120.0,100.0,55.49,3.5,1955.0,well_kept,apartment,,central_heating,3.74,False,False,False,True,False,False,Feb20
106866029,Baden_Württemberg,Baden_Baden,Innenstadt,76530,760.0,1020.0,260.0,,85.0,3.0,1990.0,well_kept,maisonette,,central_heating,5.15,False,True,True,False,False,True,Sep18
113666103,Hessen,Darmstadt,Darmstadt_Ost,64287,1170.0,1348.0,178.0,,89.16,3.0,1993.0,well_kept,roof_storey,,central_heating,3.84,False,True,False,True,False,False,Oct19
104623325,Berlin,Berlin,Friedrichshain_Friedrichshain,10245,2049.05,2415.19,214.94,151.2,143.29,4.0,2017.0,first_time_use,roof_storey,,,10.25,False,True,True,False,False,True,May19
115611872,Baden_Württemberg,Stuttgart,Sonnenberg,70597,1800.0,2080.0,200.0,80.0,102.0,2.0,1927.0,mint_condition,ground_floor,D,central_heating,4.47,False,True,False,True,False,True,Feb20
105364630,Berlin,Berlin,Karlshorst_Lichtenberg,10318,818.9,1008.9,90.0,100.0,86.2,3.0,2014.0,well_kept,apartment,,central_heating,8.99,False,True,False,False,False,False,May19
79407836,Sachsen_Anhalt,Magdeburg,Alte_Neustadt,39106,338.0,478.0,140.0,,56.0,2.0,1900.0,,apartment,,central_heating,1.64,False,False,False,True,False,False,Oct19
115647324,Sachsen,Leipzig,Zentrum_Süd,4107,620.0,760.0,140.0,,65.3,2.0,1900.0,modernized,raised_ground_floor,,district_heating,4.36,False,True,True,True,False,True,Feb20
115518715,Sachsen,Leipzig,Paunsdorf,4329,240.0,360.0,62.4,57.6,48.0,2.0,1988.0,,,,central_heating,3.22,False,True,False,False,False,False,Feb20
107304398,Hamburg,Hamburg,Othmarschen,22763,1228.0,1431.0,203.0,71.0,87.9,3.0,2014.0,well_kept,apartment,,district_heating,4.48,False,True,True,True,False,True,Sep18
115577372,Bayern,Amberg,Amberg,92224,570.0,722.64,152.64,,69.38,3.0,,,,,,2.28,False,True,False,True,False,False,Feb20
106834645,Sachsen,Bautzen_Kreis,Pulsnitz,1896,345.0,470.0,62.5,62.5,57.07,2.0,1995.0,,,,central_heating,3.39,False,True,False,True,False,False,Sep18
113773164,Schleswig_Holstein,Ostholstein_Kreis,Timmendorfer_Strand,23669,720.0,890.0,170.0,,50.0,2.0,2018.0,mint_condition,apartment,,gas_heating,4.3,True,True,True,False,False,True,Oct19
110965135,Bayern,Freising_Kreis,Zolling,85406,770.0,960.0,150.0,,70.0,3.0,2019.0,first_time_use,other,A_PLUS,central_heating,5.12,True,False,False,False,False,False,May19
100261761,Rheinland_Pfalz,Bad_Dürkheim_Kreis,Bad_Dürkheim,67098,1050.0,1320.0,280.0,,125.0,5.0,1980.0,first_time_use_after_refurbishment,roof_storey,,central_heating,3.6,False,True,False,True,True,False,Oct19
115578082,Baden_Württemberg,Stuttgart,Mitte,70182,890.0,1020.0,130.0,,57.89,2.0,1900.0,well_kept,other,,central_heating,5.08,False,False,False,True,False,False,Feb20
113381234,Niedersachsen,Oldenburg_Oldenburg,Bümmerstede,26133,480.0,600.0,120.0,,60.0,2.0,,fully_renovated,apartment,NO_INFORMATION,central_heating,3.99,False,True,False,False,False,False,Oct19
115320835,Nordrhein_Westfalen,Solingen,Ohligs/Aufderhöhe/Merscheid,50967,520.0,724.0,204.0,,60.0,2.0,2000.0,,other,,central_heating,3.88,False,True,False,True,False,False,Feb20
104230888,Niedersachsen,Gifhorn_Kreis,Gifhorn,38518,950.0,,160.0,,105.0,3.0,2018.0,first_time_use,roof_storey,A,solar_heating,2.36,True,True,False,False,True,True,Sep18
115091210,Nordrhein_Westfalen,Dortmund,Wichlinghofen,44265,690.0,870.0,180.0,,92.0,3.0,1971.0,fully_renovated,roof_storey,,oil_heating,3.17,False,False,False,True,False,False,Feb20
113809355,Nordrhein_Westfalen,Essen,Schonnebeck,45309,680.0,800.0,120.0,,86.0,4.0,,first_time_use_after_refurbishment,apartment,,self_contained_central_heating,2.75,False,False,False,False,False,False,Oct19
108982092,Berlin,Berlin,Prenzlauer_Berg_Prenzlauer_Berg,10439,1299.0,1489.0,190.0,,73.41,2.0,1901.0,well_kept,apartment,C,central_heating,9.47,False,False,True,False,False,True,Feb20
111420053,Bayern,Bayreuth,Altstadt/Glocken/Geigenreuth,95444,820.0,1085.0,230.0,,80.0,3.0,2019.0,first_time_use,apartment,,heat_pump,3.93,True,True,False,False,True,False,May19
115636129,Berlin,Berlin,Schmargendorf_Wilmersdorf,14193,260.09,650.09,55.0,35.0,32.0,1.0,1958.0,well_kept,apartment,,oil_heating,5.62,False,True,False,False,False,False,Feb20
113681525,Sachsen,Leipzig,Grünau_Mitte,4209,249.0,325.0,36.0,40.0,36.06,1.0,1979.0,well_kept,apartment,,,3.62,False,True,False,True,False,False,Oct19
109985754,Sachsen,Meißen_Kreis,Moritzburg,1468,930.0,1220.0,290.0,,136.0,4.0,1997.0,,maisonette,E,gas_heating,2.96,False,True,False,False,True,False,May19
111296186,Sachsen_Anhalt,Magdeburg,Nordwest,39128,481.0,626.0,145.0,,60.1,2.0,1930.0,refurbished,raised_ground_floor,NO_INFORMATION,central_heating,3.17,False,True,False,True,False,False,May19
113642547,Nordrhein_Westfalen,Soest_Kreis,Lippstadt,59556,342.0,452.0,110.0,,45.0,1.0,2016.0,well_kept,apartment,A,,2.87,False,True,True,False,True,True,Oct19
115567131,Nordrhein_Westfalen,Köln,Finkenberg,51149,1100.0,1510.0,375.0,,140.0,5.0,1973.0,fully_renovated,apartment,,central_heating,5.32,False,True,True,True,False,True,Feb20
106028955,Baden_Württemberg,Rhein_Neckar_Kreis,Edingen_Neckarhausen,68535,1150.0,,200.0,,120.0,4.0,,first_time_use,maisonette,,floor_heating,4.88,False,True,False,False,False,True,Sep18
115493780,Baden_Württemberg,Ortenaukreis,Durbach,77770,590.0,770.0,180.0,,82.0,3.5,1974.0,modernized,roof_storey,,central_heating,3.88,False,True,False,True,False,True,Feb20
57285698,Bayern,Passau,Haidenhof_Nord,94036,480.0,600.0,120.0,,48.0,1.0,1990.0,well_kept,terraced_flat,E,central_heating,4.74,False,True,False,True,False,True,Feb20
99098532,Niedersachsen,Hannover_Kreis,Langenhagen,30853,400.0,,85.0,,53.61,2.0,1957.0,well_kept,apartment,E,self_contained_central_heating,4.11,False,True,False,True,False,False,Sep18
94592773,Baden_Württemberg,Mannheim,Neckarau,68199,860.0,1040.0,180.0,,97.0,2.0,,mint_condition,,NO_INFORMATION,central_heating,4.6,False,True,False,True,False,False,Feb20
111203182,Sachsen,Chemnitz,Reichenbrand,9117,285.0,405.0,120.0,,51.79,2.0,1995.0,,,NO_INFORMATION,central_heating,-0.35,False,False,False,False,False,False,May19
115433422,Bayern,Ingolstadt,Nordost,85055,770.0,,160.0,,77.7,3.0,1992.0,,apartment,,central_heating,2.7,False,True,False,True,False,False,Feb20
110273746,Nordrhein_Westfalen,Recklinghausen_Kreis,Gladbeck,45968,419.0,635.0,121.0,95.0,62.94,3.0,1964.0,,apartment,,central_heating,3.33,False,True,False,True,False,False,May19
106679066,Sachsen,Mittelsachsen_Kreis,Mittweida,9648,260.0,400.0,70.0,70.0,51.46,2.0,1909.0,,apartment,,,1.82,False,False,False,False,False,False,May19
115628910,Baden_Württemberg,Bodenseekreis,Friedrichshafen,88048,1200.0,,200.0,,127.0,4.0,,well_kept,maisonette,,central_heating,2.31,False,True,True,False,False,False,Feb20
110786315,Nordrhein_Westfalen,Märkischer_Kreis,Lüdenscheid,58515,385.0,470.0,85.0,,58.0,2.0,1982.0,,apartment,NO_INFORMATION,gas_heating,3.17,False,False,False,False,False,False,May19
94301306,Hessen,Offenbach_am_Main,Kaiserlei,63067,775.0,915.0,140.0,,56.0,2.0,2017.0,mint_condition,apartment,A,district_heating,6.25,False,True,True,True,True,True,Oct19
75292438,Sachsen,Chemnitz,Bernsdorf,9126,300.0,426.0,126.0,,52.6,2.0,,fully_renovated,,,central_heating,0.0,False,True,False,True,False,False,Oct19
114003610,Hessen,Rheingau_Taunus_Kreis,Idstein,65510,1400.0,1690.0,290.0,,125.0,3.0,1990.0,,,D,central_heating,3.73,False,True,False,True,False,True,Feb20
110877925,Rheinland_Pfalz,Trier_Saarburg_Kreis,Bonerath,54316,240.0,,75.0,,44.0,1.0,,well_kept,ground_floor,,,1.83,False,False,False,True,False,False,May19
114713196,Bayern,Ingolstadt,Mailing,85055,830.0,1020.0,190.0,,75.0,3.0,1964.0,refurbished,apartment,,gas_heating,1.9,False,True,False,True,True,True,Feb20
111052479,Hamburg,Hamburg,Borgfelde,20537,995.0,,210.0,,66.4,3.0,1954.0,first_time_use,,C,central_heating,6.89,False,True,False,True,False,True,May19
106844538,Nordrhein_Westfalen,Duisburg,Untermeiderich,47137,290.14,445.52,108.26,47.12,53.83,3.0,1954.0,refurbished,,,central_heating,3.45,False,False,False,False,False,False,Sep18
110459379,Nordrhein_Westfalen,Wesel_Kreis,Moers,47441,420.0,505.0,85.0,,56.0,2.0,,first_time_use_after_refurbishment,,,self_contained_central_heating,1.56,False,False,False,True,True,False,May19
106864169,Sachsen,Leipzig,Leutzsch,4177,365.0,510.0,145.0,,66.01,3.0,,refurbished,raised_ground_floor,,central_heating,4.76,False,False,False,True,False,False,Sep18
111143172,Sachsen_Anhalt,Wittenberg_Kreis,Lutherstadt_Wittenberg,6888,273.33,413.33,70.0,70.0,59.42,3.0,1965.0,,,,,-0.16,False,True,False,False,False,False,Oct19
114853792,Nordrhein_Westfalen,Dortmund,Innenstadt,44143,360.0,550.0,90.0,100.0,60.0,2.0,1950.0,well_kept,,,,4.05,False,False,False,False,False,False,Feb20
110854571,Niedersachsen,Ammerland_Kreis,Westerstede,26655,730.0,910.0,180.0,,85.96,3.0,2019.0,first_time_use,roof_storey,,floor_heating,3.46,True,True,True,False,False,False,May19
113674187,Nordrhein_Westfalen,Essen,Kupferdreh,45257,299.3,429.3,130.0,,41.0,1.0,1969.0,fully_renovated,ground_floor,,central_heating,3.32,False,True,False,True,True,False,Oct19
110924978,Hessen,Frankfurt_am_Main,Sachsenhausen_Nord,60594,2277.0,2652.0,375.0,,131.8,3.0,2012.0,well_kept,apartment,,floor_heating,5.8,False,True,True,True,False,True,May19
106952281,Nordrhein_Westfalen,Krefeld,Inrath/Kliedbruch,47805,500.0,625.0,125.0,,100.0,3.0,,well_kept,apartment,,gas_heating,3.03,False,True,False,False,False,False,Sep18
99156677,Sachsen_Anhalt,Wittenberg_Kreis,Coswig_Anhalt,6869,245.0,365.0,55.0,65.0,48.23,2.0,1960.0,fully_renovated,apartment,E,central_heating,-0.17,False,True,False,True,False,False,Feb20
107333419,Nordrhein_Westfalen,Aachen,Innenstadt,52064,450.0,542.0,92.0,,50.0,2.0,,,apartment,,,4.55,False,True,True,True,True,True,Sep18
115158067,Sachsen,Bautzen_Kreis,Burkau,1906,675.0,870.0,95.0,100.0,142.0,3.0,1750.0,modernized,roof_storey,,central_heating,3.39,False,True,False,False,True,False,Feb20
110773206,Nordrhein_Westfalen,Märkischer_Kreis,Meinerzhagen,58540,498.0,802.0,195.0,109.0,83.0,4.0,,well_kept,apartment,,central_heating,3.39,False,True,True,True,False,False,May19
115693675,Baden_Württemberg,Mannheim,Feudenheim,68259,365.0,490.0,65.0,60.0,41.0,1.0,,,roof_storey,,central_heating,3.64,False,False,False,True,False,False,Feb20
113715631,Nordrhein_Westfalen,Rhein_Sieg_Kreis,Bad_Honnef,53604,1190.0,1390.0,200.0,,145.0,5.0,1899.0,first_time_use_after_refurbishment,ground_floor,F,self_contained_central_heating,3.95,False,True,False,True,True,False,Oct19
114882454,Sachsen,Chemnitz,Altendorf,9116,275.0,400.0,125.0,,53.58,2.0,,,ground_floor,,,0.53,False,False,False,True,False,True,Feb20
113947095,Sachsen_Anhalt,Burgenlandkreis,Bad_Kösen,6628,585.0,795.0,210.0,,117.0,4.0,1904.0,refurbished,apartment,E,central_heating,0.72,False,True,False,False,False,False,Feb20
113801890,Bayern,München,Pasing,81241,1495.0,1745.0,130.0,120.0,100.0,2.0,,,terraced_flat,,central_heating,5.46,False,True,False,False,True,True,Oct19
104740466,Sachsen,Chemnitz,Sonnenberg,9130,708.0,991.0,283.0,,141.52,6.0,1900.0,refurbished,,,central_heating,0.0,False,True,False,True,True,False,Feb20
113799653,Baden_Württemberg,Freiburg_im_Breisgau,Haslach,79115,1330.0,1610.0,200.0,,88.78,4.0,2019.0,first_time_use,maisonette,,central_heating,6.53,True,True,False,True,False,False,Oct19
111310420,Rheinland_Pfalz,Bad_Kreuznach_Kreis,Bad_Kreuznach,55543,700.0,920.0,200.0,,78.0,3.0,,,apartment,,central_heating,4.48,False,True,True,False,False,False,May19
88925354,Sachsen,Sächsische_Schweiz_Osterzgebirge_Kreis,Freital,1705,199.0,298.0,99.0,,32.93,1.0,1920.0,first_time_use,ground_floor,C,central_heating,1.34,False,True,True,False,False,False,May19
113755806,Nordrhein_Westfalen,Rhein_Erft_Kreis,Hürth,50354,1060.0,1190.0,130.0,,83.0,3.0,2018.0,mint_condition,ground_floor,A_PLUS,floor_heating,4.1,True,True,False,True,True,True,Oct19
115469122,Baden_Württemberg,Ravensburg_Kreis,Ravensburg,88214,1430.0,1540.0,110.0,,110.0,3.5,,mint_condition,roof_storey,,gas_heating,4.11,False,True,False,True,False,True,Feb20
109965996,Baden_Württemberg,Mannheim,Schönau,68307,650.0,842.0,192.0,,65.0,2.0,1986.0,modernized,ground_floor,,district_heating,3.81,False,True,False,True,False,True,May19
89260909,Sachsen_Anhalt,Börde_Kreis,Niederndodeleben,39167,290.0,465.95,69.6,75.4,58.0,3.0,1984.0,refurbished,apartment,B,district_heating,1.24,False,False,False,True,False,False,May19
93826569,Sachsen_Anhalt,Halle_Saale,Giebichenstein,6114,290.0,390.0,100.0,,38.0,2.0,1900.0,modernized,apartment,,central_heating,2.34,False,False,False,False,False,False,Feb20
115565568,Brandenburg,Ostprignitz_Ruppin_Kreis,Fehrbellin,16833,460.0,640.0,180.0,,72.0,3.0,,mint_condition,roof_storey,,,2.73,False,False,True,False,False,False,Feb20
113500182,Thüringen,Eisenach,Stadtmitte,99817,550.0,746.0,196.0,,100.0,3.0,,,,,central_heating,0.48,False,True,False,True,False,False,Feb20
113786996,Hessen,Marburg_Biedenkopf_Kreis,Marburg,35037,300.0,390.0,90.0,,20.0,1.0,1961.0,,,E,gas_heating,1.52,False,False,False,False,False,False,Oct19
105377512,Nordrhein_Westfalen,Mönchengladbach,Am_Wasserturm,41061,655.0,765.0,110.0,,85.0,3.0,1904.0,fully_renovated,apartment,,self_contained_central_heating,2.82,False,False,False,True,True,False,Oct19
112565959,Schleswig_Holstein,Stormarn_Kreis,Reinfeld_Holstein,23858,750.0,1000.0,250.0,,80.0,4.0,1959.0,fully_renovated,apartment,,central_heating,4.62,False,False,False,False,False,True,Oct19
106030482,Nordrhein_Westfalen,Wuppertal,Uellendahl_Katernberg,42113,915.0,1195.0,280.0,80.0,124.0,4.5,1972.0,modernized,maisonette,,central_heating,2.65,False,True,False,True,False,False,Feb20
110720268,Sachsen_Anhalt,Harz_Kreis,Harzgerode,6493,358.35,,,80.0,47.78,2.0,2017.0,well_kept,terraced_flat,,central_heating,3.57,False,True,False,False,False,True,May19
106288808,Hamburg,Hamburg,Lokstedt,22529,1650.0,1990.0,220.0,,75.0,3.0,2013.0,mint_condition,apartment,,floor_heating,6.9,False,True,True,False,False,False,Sep18
112514637,Nordrhein_Westfalen,Dortmund,Innenstadt,44147,375.0,470.0,,,50.0,2.0,1956.0,,apartment,,self_contained_central_heating,3.85,False,False,False,False,False,False,Oct19
109510663,Nordrhein_Westfalen,Bottrop,Süd_West,46236,362.25,512.0,75.0,75.0,63.0,3.0,1963.0,,roof_storey,,district_heating,4.48,False,False,False,True,False,True,May19
115661901,Niedersachsen,Göttingen_Kreis,Göttingen,37081,750.0,934.0,184.0,,77.0,2.0,1970.0,fully_renovated,apartment,,central_heating,2.81,False,True,False,True,False,True,Feb20
99741652,Sachsen_Anhalt,Magdeburg,Sudenburg,39112,817.0,1032.0,215.0,,86.0,3.0,1902.0,first_time_use_after_refurbishment,apartment,,central_heating,3.51,False,True,True,True,True,False,Feb20
113403190,Nordrhein_Westfalen,Köln,Sürth,50999,2500.0,2830.0,330.0,,161.0,5.0,2019.0,mint_condition,apartment,,gas_heating,4.32,True,True,False,False,True,False,Oct19
105193567,Sachsen,Leipzig,Grünau_Nord,4205,441.0,630.0,90.0,99.0,90.21,4.0,1981.0,modernized,,,central_heating,3.85,False,True,False,True,True,False,Sep18
111097793,Hessen,Main_Kinzig_Kreis,Maintal,63477,350.0,495.0,145.0,,35.0,1.0,1971.0,,apartment,C,self_contained_central_heating,4.89,False,True,True,True,False,False,May19
93079453,Bayern,München,Ramersdorf,81669,1112.0,1542.0,345.0,,67.58,2.0,1980.0,well_kept,terraced_flat,,district_heating,5.88,False,True,True,True,True,True,Oct19
111073906,Sachsen,Leipzig_Kreis,Wurzen,4808,190.0,240.0,50.0,,55.0,2.0,,,,,,3.06,False,False,False,False,False,False,May19
65089121,Hamburg,Hamburg,Eimsbüttel,20257,1006.0,1186.0,180.0,,73.0,2.0,2011.0,mint_condition,ground_floor,,central_heating,,False,True,True,True,True,True,Oct19
105170416,Sachsen,Leipzig,Böhlitz_Ehrenberg,4178,350.0,470.0,70.0,50.0,58.9,3.0,1986.0,well_kept,,,central_heating,4.69,False,False,False,True,False,False,Sep18
95569677,Nordrhein_Westfalen,Unna_Kreis,Lünen,44532,650.0,910.0,260.0,,98.0,4.5,1980.0,well_kept,roof_storey,,district_heating,3.51,False,True,True,True,False,False,Feb20
111276379,Nordrhein_Westfalen,Köln,Altstadt_&_Neustadt_Süd,50674,1490.0,1690.0,200.0,,90.0,3.0,1954.0,mint_condition,apartment,,gas_heating,5.08,False,True,False,False,False,True,May19
102859108,Nordrhein_Westfalen,Wesel_Kreis,Kamp_Lintfort,47475,430.0,630.0,200.0,80.0,83.0,2.0,,well_kept,apartment,,central_heating,3.23,False,False,False,True,False,False,Sep18
111351724,Sachsen_Anhalt,Dessau_Roßlau,Innerstädtischer_Bereich_Mitte,6844,210.0,,110.0,,37.59,1.0,1997.0,well_kept,roof_storey,,district_heating,1.51,False,False,False,False,False,True,May19
107340904,Bayern,Nürnberg,Himpfelshof,90429,840.0,840.0,0.0,,30.0,2.0,1872.0,,,A,,6.0,False,False,False,False,False,True,Sep18
106457767,Hessen,Offenbach_Kreis,Rodgau,63110,1150.0,1400.0,250.0,,95.0,3.0,,first_time_use_after_refurbishment,roof_storey,,gas_heating,4.88,False,True,False,True,False,True,Sep18
96930714,Sachsen,Erzgebirgskreis,Annaberg_Buchholz,9456,490.0,,130.0,,108.0,4.0,1910.0,well_kept,,,,1.16,False,False,False,False,True,False,Feb20
106092227,Sachsen,Leipzig,Böhlitz_Ehrenberg,4178,350.0,490.0,140.0,,62.0,3.0,1905.0,,apartment,,central_heating,4.69,False,True,False,False,True,False,Sep18
110911769,Berlin,Berlin,Schöneberg_Schöneberg,10789,3999.0,4822.0,433.0,390.0,173.43,3.0,1892.0,fully_renovated,apartment,NO_INFORMATION,floor_heating,10.38,False,True,True,True,False,True,May19
107343732,Berlin,Berlin,Prenzlauer_Berg_Prenzlauer_Berg,10435,949.0,1093.12,144.12,,48.04,2.0,2016.0,mint_condition,apartment,,central_heating,9.82,False,False,True,False,False,True,Sep18
113598251,Niedersachsen,Lüneburg_Kreis,Bleckede,21354,420.0,590.0,,,70.0,3.0,1970.0,first_time_use_after_refurbishment,apartment,F,central_heating,2.58,False,True,False,False,False,True,Oct19
113576976,Sachsen,Plauen,Jößnitz,8547,190.0,265.0,35.0,40.0,35.5,2.0,,refurbished,,,central_heating,2.04,False,True,False,False,False,True,Oct19
108534466,Nordrhein_Westfalen,Märkischer_Kreis,Altena,58762,315.0,490.0,100.0,75.0,57.33,3.0,1964.0,well_kept,roof_storey,,central_heating,3.92,False,False,False,False,True,False,May19
101380460,Schleswig_Holstein,Kiel,Mettenhof,24109,391.0,456.0,65.0,,47.0,1.0,1972.0,modernized,raised_ground_floor,,district_heating,4.62,False,True,True,True,False,True,Feb20
72555258,Nordrhein_Westfalen,Märkischer_Kreis,Lüdenscheid,58513,420.0,510.0,90.0,,77.0,2.0,1975.0,modernized,apartment,,self_contained_central_heating,3.67,False,False,False,True,True,True,May19
111202588,Hessen,Werra_Meißner_Kreis,Witzenhausen,37213,329.0,489.0,90.0,70.0,61.0,2.0,1900.0,fully_renovated,apartment,,central_heating,3.38,False,True,True,True,True,False,May19
115706906,Berlin,Berlin,Friedrichsfelde_Lichtenberg,10315,944.34,1180.09,157.39,78.36,78.7,3.0,2020.0,first_time_use,ground_floor,,,6.16,True,True,True,False,False,True,Feb20
114359179,Schleswig_Holstein,Rendsburg_Eckernförde_Kreis,Büdelsdorf,24782,430.0,620.0,120.0,70.0,58.89,2.0,1900.0,,apartment,E,gas_heating,3.77,False,True,False,False,False,True,Feb20
111206419,Bayern,München,Berg_am_Laim,81673,1195.0,,120.0,70.0,59.0,2.0,2018.0,first_time_use,apartment,A,central_heating,6.75,True,True,True,True,False,True,May19
110262790,Niedersachsen,Vechta_Kreis,Vechta,49377,650.0,750.0,100.0,,81.0,3.0,,well_kept,apartment,,central_heating,1.85,False,True,False,False,False,True,May19
114840489,Nordrhein_Westfalen,Dortmund,Berghofen,44269,675.0,920.0,245.0,,75.0,3.5,1975.0,fully_renovated,apartment,,central_heating,3.59,False,True,False,True,False,False,Feb20
111309562,Hessen,Kassel,Harleshausen,34128,570.0,750.0,180.0,,59.0,2.0,1997.0,well_kept,maisonette,,central_heating,2.68,False,True,False,True,False,True,May19
82828084,Sachsen_Anhalt,Burgenlandkreis,Naumburg_Saale,6618,250.0,350.0,100.0,,34.51,2.0,1900.0,,apartment,D,central_heating,3.51,False,False,False,True,True,True,May19
110668430,Hessen,Offenbach_Kreis,Dreieich,63303,300.0,470.0,170.0,,35.0,1.0,1992.0,well_kept,ground_floor,D,central_heating,5.32,False,True,False,False,True,True,May19
111290894,Nordrhein_Westfalen,Duisburg,Untermeiderich,47137,454.83,,154.18,154.18,77.09,3.0,,,apartment,,central_heating,3.44,False,False,False,False,False,False,May19
106846715,Nordrhein_Westfalen,Hagen,Emst,58093,299.0,394.0,95.0,,39.0,2.5,,first_time_use_after_refurbishment,apartment,,central_heating,3.08,False,True,False,True,False,False,Sep18
110942370,Hessen,Gießen_Kreis,Gießen,35394,435.0,,100.0,,36.22,1.0,2019.0,first_time_use,apartment,A,district_heating,2.8,True,False,False,False,False,True,May19
113502381,Sachsen,Leipzig,Volkmarsdorf,4315,544.0,684.0,140.0,,68.0,2.0,1900.0,first_time_use,apartment,,gas_heating,4.99,False,False,False,True,False,True,Oct19
110600200,Sachsen,Leipzig,Großzschocher,4249,285.0,385.0,100.0,,48.0,1.0,1994.0,mint_condition,apartment,,central_heating,4.69,False,False,False,False,False,False,May19
112711864,Nordrhein_Westfalen,Duisburg,Hochemmerich,47226,355.0,,89.0,,59.0,2.0,1958.0,modernized,apartment,E,self_contained_central_heating,1.74,False,False,False,False,False,False,Oct19
114100603,Nordrhein_Westfalen,Viersen_Kreis,Viersen,41748,1404.3,1790.48,386.18,,140.0,4.0,2019.0,mint_condition,penthouse,,central_heating,2.7,True,True,True,True,True,False,Feb20
87659896,Nordrhein_Westfalen,Essen,Karnap,45329,359.0,584.0,150.0,75.0,65.86,3.0,1993.0,fully_renovated,roof_storey,,gas_heating,3.17,False,True,False,True,False,False,May19
111367894,Nordrhein_Westfalen,Kleve_Kreis,Goch,47574,450.0,630.0,140.0,40.0,78.2,3.0,1964.0,mint_condition,,,central_heating,2.01,False,True,True,True,False,False,May19
39853276,Nordrhein_Westfalen,Köln,Ehrenfeld,50825,612.0,772.0,160.0,,51.0,2.0,1994.0,fully_renovated,apartment,E,central_heating,3.92,False,True,True,True,False,False,May19
114526912,Nordrhein_Westfalen,Rhein_Erft_Kreis,Bergheim,50126,653.0,,190.0,,87.0,3.0,1975.0,fully_renovated,roof_storey,,central_heating,3.3,False,True,False,True,False,True,Feb20
103162705,Sachsen,Chemnitz,Hilbersdorf,9131,430.0,620.0,190.0,,87.32,3.0,1900.0,well_kept,,,central_heating,-0.4,False,True,False,True,True,False,May19
108501900,Sachsen,Chemnitz,Kappel,9119,255.0,,99.0,40.0,49.0,2.0,1974.0,refurbished,ground_floor,C,district_heating,0.0,False,True,False,True,False,False,May19
87464661,Rheinland_Pfalz,Worms,Stadtzentrum,67547,600.0,760.0,160.0,,70.0,3.0,1963.0,fully_renovated,apartment,,central_heating,4.35,False,True,False,False,False,True,Oct19
109003656,Nordrhein_Westfalen,Märkischer_Kreis,Werdohl,58791,340.0,557.0,142.0,75.0,71.0,3.0,1965.0,first_time_use_after_refurbishment,ground_floor,,central_heating,2.78,False,True,False,True,False,False,May19
113560222,Nordrhein_Westfalen,Dortmund,Barop,44225,512.0,679.0,127.0,40.0,64.0,2.0,,modernized,roof_storey,,central_heating,3.91,False,True,False,True,False,False,Oct19
115615581,Bayern,Rhön_Grabfeld_Kreis,Bad_Königshofen_im_Grabfeld,97631,495.0,695.0,200.0,,89.41,4.0,1969.0,,,,,4.05,False,False,False,False,False,False,Feb20
96701477,Niedersachsen,Hannover_Kreis,Burgwedel,30938,1500.0,1790.0,290.0,,143.47,3.5,2015.0,mint_condition,ground_floor,,central_heating,4.11,False,True,False,False,False,True,Feb20
107381776,Hessen,Frankfurt_am_Main,Westend_Süd,60323,800.0,895.0,95.0,,58.0,2.0,2008.0,negotiable,apartment,F,self_contained_central_heating,5.16,False,True,False,True,False,True,Sep18
107177312,Sachsen,Görlitz_Kreis,Zittau,2785,400.0,590.0,190.0,110.0,95.0,4.0,1900.0,,,,central_heating,1.73,False,False,False,False,False,False,May19
113644191,Bayern,Miesbach_Kreis,Tegernsee,83684,980.0,1200.0,150.0,,78.0,3.0,1975.0,refurbished,,,central_heating,3.76,False,False,True,False,False,True,Oct19
114480197,Sachsen,Zwickau,Innenstadt,8056,182.0,242.0,60.0,,28.02,1.0,1900.0,refurbished,roof_storey,,central_heating,1.76,False,False,False,True,False,False,Feb20
114842876,Sachsen,Dresden,Bühlau/Weißer_Hirsch,1324,550.0,810.0,260.0,,50.0,2.0,,modernized,apartment,,gas_heating,1.17,False,True,False,False,False,True,Feb20
108775429,Sachsen,Nordsachsen_Kreis,Doberschütz,4838,224.0,336.0,112.0,,56.0,2.0,1950.0,fully_renovated,,NO_INFORMATION,gas_heating,3.7,False,False,False,False,True,False,May19
107331852,Baden_Württemberg,Stuttgart,Untertürkheim,70327,1150.0,1400.0,250.0,,126.0,5.0,1985.0,,apartment,,central_heating,8.85,False,True,False,True,False,False,Sep18
110145722,Thüringen,Gotha_Kreis,Gotha,99867,369.6,538.52,168.92,,61.6,3.0,1972.0,,,,central_heating,4.29,False,True,False,True,False,False,May19
106029709,Brandenburg,Elbe_Elster_Kreis,Schönewalde,6917,329.0,524.0,,,67.0,3.0,,fully_renovated,apartment,,,2.21,False,True,False,True,False,False,May19
84615664,Schleswig_Holstein,Nordfriesland_Kreis,Emmelsbüll_Horsbüll,25924,260.0,395.0,65.0,70.0,53.0,2.0,1989.0,,roof_storey,,oil_heating,0.73,False,False,False,False,False,True,Oct19
113951159,Sachsen_Anhalt,Magdeburg,Leipziger_Str.,39112,573.0,663.0,90.0,,83.0,3.5,1950.0,first_time_use_after_refurbishment,other,,gas_heating,1.45,False,False,False,True,True,False,Feb20
113756259,Hessen,Groß_Gerau_Kreis,Riedstadt,64560,670.0,670.0,,,65.0,2.0,,,other,,,3.69,False,True,False,False,False,True,Oct19
106977390,Nordrhein_Westfalen,Mülheim_an_der_Ruhr,Mitte,45468,425.0,495.0,70.0,,65.0,2.5,1904.0,fully_renovated,roof_storey,,night_storage_heater,2.96,False,False,False,False,False,False,Oct19
109903827,Brandenburg,Oberhavel_Kreis,Hohen_Neuendorf,16540,1680.0,2270.0,225.0,365.0,224.0,4.0,1996.0,well_kept,roof_storey,D,central_heating,7.83,False,False,True,False,False,True,May19
114866919,Nordrhein_Westfalen,Soest_Kreis,Lippstadt,59555,930.0,,,,183.0,1.0,1902.0,,,D,gas_heating,3.35,False,False,False,False,False,False,Feb20
89284412,Rheinland_Pfalz,Bad_Kreuznach_Kreis,Bad_Kreuznach,55545,540.0,,,150.0,102.0,2.5,1977.0,well_kept,roof_storey,,central_heating,2.99,False,False,False,True,False,True,Sep18
98422620,Nordrhein_Westfalen,Gütersloh_Kreis,Rietberg,33397,600.0,770.0,170.0,,78.0,3.5,1962.0,fully_renovated,apartment,,central_heating,3.51,False,True,False,True,True,True,Sep18
111292675,Bayern,Erlangen,Süd,91058,522.06,667.06,145.0,62.0,55.07,2.0,1956.0,well_kept,,NO_INFORMATION,,4.29,False,True,False,False,False,False,May19
113725137,Bayern,Wunsiedel_im_Fichtelgebirge_Kreis,Selb,95100,390.0,480.0,90.0,,105.0,3.0,1914.0,well_kept,roof_storey,,gas_heating,2.2,False,True,False,False,False,True,Oct19
107630595,Brandenburg,Uckermark_Kreis,Prenzlau,17291,260.0,390.0,130.0,65.0,60.8,3.0,1972.0,negotiable,apartment,,district_heating,0.69,False,True,False,True,False,False,Feb20
114909982,Nordrhein_Westfalen,Neuss_Rhein_Kreis,Grevenbroich,41515,569.5,678.5,109.0,,67.0,3.0,1964.0,,apartment,A,central_heating,3.85,False,True,True,True,False,False,Feb20
115167771,Thüringen,Gotha_Kreis,Gamstädt,99192,450.0,,120.0,,60.0,2.0,1995.0,well_kept,roof_storey,F,central_heating,2.5,False,True,False,True,False,True,Feb20
115623879,Baden_Württemberg,Mannheim,Innenstadt_/_Jungbusch,68159,770.0,895.0,125.0,,53.0,2.0,1900.0,first_time_use_after_refurbishment,apartment,,district_heating,4.47,False,True,False,False,False,True,Feb20
96881512,Nordrhein_Westfalen,Wuppertal,Elberfeld,42119,410.0,,100.0,80.0,63.0,2.0,1986.0,well_kept,apartment,,central_heating,3.23,False,True,False,True,False,False,Sep18
114303195,Baden_Württemberg,Esslingen_Kreis,Nürtingen,72622,1006.51,1231.07,224.56,,80.2,3.0,,first_time_use,,,,4.63,False,True,True,True,False,False,Feb20
111153609,Nordrhein_Westfalen,Recklinghausen_Kreis,Datteln,45711,435.0,585.0,150.0,,59.0,2.5,,well_kept,apartment,,central_heating,2.99,False,True,False,True,True,False,May19
106758575,Hessen,Bergstraße_Kreis,Neckarsteinach,69239,970.0,1220.0,250.0,,140.0,5.0,1991.0,fully_renovated,maisonette,,central_heating,4.48,False,True,False,False,False,False,Feb20
105394262,Nordrhein_Westfalen,Siegen_Wittgenstein_Kreis,Siegen,57080,515.0,716.0,150.0,,85.89,4.0,1961.0,well_kept,roof_storey,,self_contained_central_heating,1.54,False,False,False,True,False,False,Sep18
69214464,Hamburg,Hamburg,Wandsbek,22041,595.0,815.0,90.0,130.0,57.0,3.0,1900.0,,ground_floor,,night_storage_heater,6.73,False,True,False,False,False,False,May19
107298216,Berlin,Berlin,Weißensee_Weißensee,13086,530.0,673.0,143.0,,34.98,1.0,2016.0,mint_condition,roof_storey,B,gas_heating,10.0,False,False,False,False,False,True,Sep18
83246532,Baden_Württemberg,Lörrach_Kreis,Grenzach_Wyhlen,79639,1000.0,1000.0,0.0,,79.0,2.0,1991.0,,,C,central_heating,0.99,False,True,False,False,False,True,Oct19
111213919,Hessen,Main_Kinzig_Kreis,Langenselbold,63505,690.0,,135.0,40.0,80.25,3.0,1992.0,well_kept,apartment,,central_heating,3.69,False,True,False,True,True,True,May19
86768879,Nordrhein_Westfalen,Essen,Steele,45276,1390.0,1630.0,150.0,90.0,134.0,4.0,1927.0,refurbished,apartment,,central_heating,3.13,False,True,False,False,True,False,Sep18
112442630,Sachsen,Leipzig,Zentrum_West,4109,375.0,505.0,130.0,,54.0,2.0,1990.0,modernized,other,D,central_heating,4.77,False,False,False,True,False,False,Oct19
111196280,Nordrhein_Westfalen,Minden_Lübbecke_Kreis,Bad_Oeynhausen,32547,700.0,1000.0,300.0,,131.0,4.0,1974.0,modernized,roof_storey,D,gas_heating,4.5,False,True,False,True,False,False,May19
107356295,Niedersachsen,Wolfsburg,Wendschott,38448,808.0,958.0,100.0,50.0,64.67,2.0,2019.0,first_time_use,ground_floor,A_PLUS,floor_heating,-1.98,True,True,True,True,False,False,Sep18
103440078,Rheinland_Pfalz,Ahrweiler_Kreis,Bad_Breisig,53498,350.0,,80.0,,38.0,1.0,,,,,,3.13,False,True,False,True,False,True,Sep18
111345561,Baden_Württemberg,Stuttgart,Vaihingen,70563,1280.0,1460.0,180.0,,73.0,3.0,2019.0,first_time_use,ground_floor,,floor_heating,6.93,True,False,False,True,False,True,May19
110865741,Sachsen,Leipzig,Grünau_Mitte,4209,374.77,,152.0,,68.14,3.0,1987.0,refurbished,apartment,,,3.57,False,True,False,False,False,False,May19
110412864,Sachsen_Anhalt,Halle_Saale,Silberhöhe,6132,259.0,,60.0,70.0,56.03,3.0,1982.0,well_kept,apartment,,central_heating,3.68,False,True,False,True,False,False,May19
115470494,Thüringen,Eisenach,Stadtmitte,99817,473.0,588.0,115.0,,79.97,2.0,1901.0,refurbished,,,central_heating,0.97,False,False,False,True,False,False,Feb20
112309259,Sachsen,Leipzig,Grünau_Ost,4209,433.62,,67.93,76.61,72.27,4.0,1980.0,negotiable,apartment,B,central_heating,2.42,False,True,False,False,False,False,Oct19
78471770,Sachsen_Anhalt,Anhalt_Bitterfeld_Kreis,Köthen_Anhalt,6366,390.0,580.0,190.0,,85.0,3.0,,,apartment,,central_heating,1.85,False,False,False,True,False,True,May19
107006420,Mecklenburg_Vorpommern,Rostock,Lütten_Klein,18107,331.0,484.0,104.0,49.0,57.4,3.0,1974.0,,apartment,,,3.08,False,True,False,False,False,False,Sep18
107378724,Niedersachsen,Celle_Kreis,Celle,29221,750.0,850.0,100.0,,149.0,6.0,,well_kept,apartment,,gas_heating,4.69,False,False,False,False,False,True,May19
111553266,Brandenburg,Barnim_Kreis,Rüdnitz,16321,667.43,867.43,200.0,,87.82,3.0,,well_kept,apartment,NO_INFORMATION,central_heating,5.78,False,False,False,False,False,False,Oct19
115626346,Nordrhein_Westfalen,Düsseldorf,Derendorf,40476,774.0,,150.0,,86.0,3.0,,well_kept,apartment,,central_heating,5.01,False,True,False,True,False,False,Feb20
107079628,Nordrhein_Westfalen,Gelsenkirchen,Ückendorf,45886,447.7,593.7,93.0,53.0,60.24,3.5,1962.0,,apartment,E,central_heating,1.79,False,True,False,True,False,False,Sep18
79317769,Sachsen_Anhalt,Anhalt_Bitterfeld_Kreis,Bitterfeld_Wolfen,6766,412.0,572.0,90.0,70.0,66.85,2.0,1938.0,well_kept,roof_storey,,gas_heating,1.69,False,False,False,True,False,False,May19
115585180,Baden_Württemberg,Rems_Murr_Kreis,Leutenbach,71397,1227.0,1427.0,200.0,,106.0,4.0,2019.0,first_time_use,apartment,,heat_pump,5.73,True,True,True,True,False,False,Feb20
110225279,Sachsen,Leipzig,Gohlis_Süd,4155,662.0,879.0,217.0,,92.0,4.0,1910.0,refurbished,apartment,,central_heating,4.89,False,False,False,True,True,False,May19
109770843,Baden_Württemberg,Heilbronn_Kreis,Bad_Wimpfen,74206,800.0,990.0,190.0,,83.0,3.0,,first_time_use_after_refurbishment,apartment,,central_heating,8.33,False,False,False,True,False,True,May19
110904930,Sachsen,Sächsische_Schweiz_Osterzgebirge_Kreis,Freital,1705,320.0,458.0,69.0,69.0,53.27,2.0,1890.0,refurbished,roof_storey,,,1.64,False,False,False,False,False,False,May19
115557482,Sachsen_Anhalt,Wittenberg_Kreis,Lutherstadt_Wittenberg,6886,279.79,419.79,70.0,70.0,58.29,3.0,1925.0,,,,district_heating,0.31,False,False,False,False,False,False,Feb20
107295469,Bayern,München,Haidhausen,81667,1198.0,1263.0,65.0,,51.0,2.0,,first_time_use_after_refurbishment,apartment,,self_contained_central_heating,7.56,False,False,False,False,False,True,Sep18
111015010,Berlin,Berlin,Reinickendorf_Reinickendorf,13407,630.0,744.0,75.0,39.0,39.37,1.0,1925.0,well_kept,ground_floor,E,district_heating,9.43,False,False,False,False,False,True,May19
110745301,Sachsen,Chemnitz,Ebersdorf,9131,670.0,850.0,180.0,,90.0,3.0,1920.0,first_time_use_after_refurbishment,raised_ground_floor,,central_heating,0.0,False,True,False,False,True,False,May19
111551507,Sachsen_Anhalt,Saalekreis,Bad_Dürrenberg,6231,380.0,530.0,150.0,80.0,72.13,3.0,1963.0,modernized,roof_storey,,district_heating,0.72,False,True,False,True,False,False,Feb20
110500837,Sachsen,Leipzig_Kreis,Markranstädt,4420,325.0,435.0,55.0,55.0,50.0,2.0,1906.0,well_kept,apartment,,gas_heating,3.08,False,False,False,True,True,False,May19
115594103,Bayern,Ingolstadt,Nordost,85055,470.0,590.0,120.0,,36.0,1.0,,fully_renovated,apartment,,,2.7,False,True,True,True,False,True,Feb20
113155902,Sachsen,Dresden,Löbtau_Süd,1159,390.0,535.0,145.0,,49.56,2.0,,refurbished,,,central_heating,2.32,False,False,False,True,True,False,Oct19
103783228,Nordrhein_Westfalen,Paderborn_Kreis,Büren,33142,410.0,555.0,65.0,80.0,106.0,4.0,1960.0,well_kept,ground_floor,,gas_heating,3.81,False,False,False,False,True,False,May19
75018108,Sachsen,Sächsische_Schweiz_Osterzgebirge_Kreis,Dippoldiswalde,1744,347.0,371.9,41.0,41.0,41.0,2.0,2015.0,mint_condition,,,combined_heat_and_power_plant,0.63,False,True,True,True,False,True,Feb20
113641515,Sachsen,Chemnitz,Altendorf,9116,350.0,,132.0,,66.0,3.0,1911.0,mint_condition,ground_floor,,central_heating,0.36,False,True,False,False,False,False,Oct19
86322539,Sachsen,Leipzig,Schönau,4205,385.0,,95.0,90.0,68.68,3.0,1981.0,,,,,3.57,False,True,False,True,False,False,Oct19
107378909,Berlin,Berlin,Mitte_Mitte,10179,1590.0,1790.0,200.0,,88.24,3.0,2017.0,mint_condition,apartment,A,floor_heating,8.75,True,True,True,True,False,True,Sep18
89449340,Thüringen,Gera,Lusan_Laune,7549,335.0,473.0,69.0,69.0,69.02,3.0,1978.0,,apartment,NO_INFORMATION,central_heating,2.78,False,True,False,True,False,False,Oct19
113495421,Nordrhein_Westfalen,Recklinghausen_Kreis,Recklinghausen,45663,456.8,656.0,199.2,,83.0,3.0,1956.0,fully_renovated,apartment,G,,3.09,False,True,False,True,False,False,Oct19
93599906,Nordrhein_Westfalen,Recklinghausen_Kreis,Herten,45701,1780.0,2154.0,374.0,,187.0,4.5,2018.0,first_time_use,ground_floor,,floor_heating,2.68,False,True,False,True,True,False,Feb20
113764570,Nordrhein_Westfalen,Neuss_Rhein_Kreis,Dormagen,41541,950.0,1150.0,,,108.0,4.0,1949.0,,apartment,,,3.91,False,True,False,True,False,False,Oct19
111060986,Nordrhein_Westfalen,Mülheim_an_der_Ruhr,Winkhausen,45473,523.0,718.0,140.0,55.0,79.36,3.5,1983.0,well_kept,apartment,NO_INFORMATION,oil_heating,3.05,False,True,False,True,True,False,May19
53775890,Nordrhein_Westfalen,Mettmann_Kreis,Heiligenhaus,42579,630.0,820.0,190.0,,81.0,4.0,1949.0,modernized,roof_storey,F,central_heating,2.99,False,True,False,False,False,True,Sep18
94377094,Rheinland_Pfalz,Kaiserslautern,Innenstadt,67657,424.0,,,,61.78,2.0,1964.0,well_kept,apartment,NO_INFORMATION,self_contained_central_heating,3.08,False,True,False,True,False,False,Feb20
107374399,Hessen,Kassel,Niederzwehren,34134,326.25,424.25,98.0,,43.5,2.0,1952.0,,ground_floor,,self_contained_central_heating,4.29,False,True,False,True,False,False,Sep18
114650560,Nordrhein_Westfalen,Märkischer_Kreis,Iserlohn,58636,387.0,685.0,207.0,91.0,81.32,3.0,1972.0,,apartment,,central_heating,2.96,False,True,True,True,False,False,Feb20
104195567,Sachsen,Leipzig,Stötteritz,4299,315.0,445.0,130.0,,41.15,2.0,1908.0,refurbished,roof_storey,,central_heating,4.48,False,False,False,True,True,True,Sep18
106954996,Sachsen,Erzgebirgskreis,Seiffen/Erzgebirge,9548,615.0,840.0,225.0,,100.0,4.0,1993.0,,apartment,C,,1.89,False,False,False,False,False,False,Sep18
115610032,Baden_Württemberg,Zollernalbkreis,Albstadt,72458,240.0,398.0,158.0,,43.0,2.0,1951.0,modernized,roof_storey,D,central_heating,4.95,False,False,False,True,False,False,Feb20
113738394,Nordrhein_Westfalen,Bottrop,Süd_West,46236,650.0,850.0,200.0,,103.0,3.5,,,,,central_heating,3.8,False,True,False,False,False,True,Oct19
105892231,Sachsen,Leipzig_Kreis,Rötha,4571,174.2,244.2,70.0,40.0,34.84,1.0,1955.0,modernized,apartment,,central_heating,3.64,False,False,False,True,True,False,Sep18
113483454,Thüringen,Gera,Debschwitz,7548,290.0,425.0,70.0,65.0,60.0,2.0,1973.0,well_kept,apartment,C,central_heating,2.03,False,True,True,False,False,False,Oct19
106440366,Nordrhein_Westfalen,Wesel_Kreis,Wesel,46483,600.0,780.0,100.0,80.0,75.8,3.0,,first_time_use_after_refurbishment,apartment,,,3.45,False,True,False,True,False,False,Sep18
115672107,Hessen,Wiesbaden,Nordost,65195,1500.0,,270.0,,89.2,2.0,,first_time_use_after_refurbishment,terraced_flat,,,1.77,False,True,False,False,True,True,Feb20
79168518,Hessen,Frankfurt_am_Main,Westend_Süd,60486,1700.0,,320.0,,97.0,3.0,2015.0,mint_condition,,,floor_heating,4.08,False,True,True,True,False,True,Oct19
114884505,Sachsen,Dresden,Bühlau/Weißer_Hirsch,1324,688.0,820.0,132.0,,52.89,2.0,1850.0,,apartment,,,1.41,False,True,True,True,False,False,Feb20
111204430,Niedersachsen,Schaumburg_Kreis,Rinteln,31737,360.0,,110.0,,71.0,3.0,1998.0,well_kept,ground_floor,,central_heating,4.1,False,True,False,True,False,False,May19
115555441,Sachsen,Dresden,Gorbitz_Süd,1169,225.76,292.76,40.0,27.0,26.56,1.0,1984.0,,apartment,D,central_heating,1.22,False,False,False,True,False,False,Feb20
115601525,Bayern,Augsburg_Kreis,Neusäß,86356,720.0,920.0,200.0,,80.0,3.0,1965.0,modernized,ground_floor,G,central_heating,5.22,False,True,False,True,True,False,Feb20
113238319,Sachsen_Anhalt,Magdeburg,Sudenburg,39112,510.0,595.0,90.0,,85.0,3.0,,,terraced_flat,,self_contained_central_heating,1.66,False,False,False,False,False,False,Oct19
110787616,Nordrhein_Westfalen,Köln,Vingst,51107,731.3,908.3,84.0,93.0,71.0,2.0,1975.0,,apartment,F,central_heating,5.68,False,True,False,True,False,False,May19
114436473,Berlin,Berlin,Tiergarten_Tiergarten,10785,1890.0,2433.0,543.0,,120.64,4.0,1998.0,fully_renovated,apartment,,central_heating,7.78,False,True,True,True,False,True,Feb20
115616336,Sachsen,Chemnitz,Altchemnitz,9125,220.0,316.0,48.0,48.0,54.13,2.0,,refurbished,apartment,D,self_contained_central_heating,0.57,False,False,False,True,False,False,Feb20
111337597,Nordrhein_Westfalen,Herne,Sodingen,44627,590.0,590.0,,,52.0,3.5,1955.0,fully_renovated,roof_storey,,self_contained_central_heating,3.69,False,False,False,False,True,True,May19
110814495,Sachsen_Anhalt,Halle_Saale,Silberhöhe,6132,247.0,380.0,60.0,73.0,56.98,3.0,1984.0,well_kept,apartment,C,central_heating,1.61,False,True,False,True,False,False,Oct19
110791828,Sachsen_Anhalt,Dessau_Roßlau,Innerstädtischer_Bereich_Mitte,6844,450.0,615.0,85.0,80.0,66.4,3.0,1960.0,modernized,apartment,,district_heating,1.67,False,True,False,False,False,False,May19
110708672,Bayern,Lindau_Bodensee_Kreis,Wasserburg_Bodensee,88142,1300.0,1560.0,260.0,,103.0,2.5,2012.0,mint_condition,apartment,,heat_pump,5.88,False,True,True,True,False,True,May19
111407635,Berlin,Berlin,Adlershof_Treptow,12489,653.2,816.5,163.3,,71.0,3.0,2019.0,,ground_floor,B,,8.53,True,True,False,False,False,False,May19
108576173,Niedersachsen,Celle_Kreis,Celle,29221,475.0,627.0,152.0,,75.88,3.0,,fully_renovated,apartment,NO_INFORMATION,district_heating,4.69,False,True,True,True,False,False,May19
111880092,Bremen,Bremen,Handelshäfen,28217,890.0,1068.69,178.69,,66.69,2.0,2017.0,mint_condition,apartment,B,district_heating,,False,True,True,True,False,True,Oct19
112166176,Schleswig_Holstein,Rendsburg_Eckernförde_Kreis,Borgstedt,24794,313.37,463.37,90.0,60.0,59.69,2.0,2019.0,first_time_use,ground_floor,,gas_heating,3.73,True,True,True,True,False,True,Oct19
108983164,Sachsen,Chemnitz,Schloßchemnitz,9113,188.64,251.52,44.02,12.58,31.44,1.0,1911.0,,,B,,0.19,False,False,False,True,False,False,Oct19
103711032,Brandenburg,Brandenburg_an_der_Havel,Hohenstücken,14772,334.2,,82.0,143.0,77.72,4.0,1979.0,well_kept,,,district_heating,4.26,False,True,False,False,False,False,Sep18
115599343,Baden_Württemberg,Göppingen_Kreis,Eislingen/Fils,73054,690.0,,150.0,,48.39,2.0,2020.0,first_time_use,apartment,A_PLUS,central_heating,5.59,True,True,True,True,True,False,Feb20
107330303,Rheinland_Pfalz,Bad_Dürkheim_Kreis,Bad_Dürkheim,67098,790.0,,270.0,,79.6,3.0,2007.0,mint_condition,roof_storey,,central_heating,4.0,False,True,True,True,False,False,Sep18
92869303,Sachsen_Anhalt,Halle_Saale,Giebichenstein,6114,584.0,799.0,215.0,,88.2,2.0,1911.0,modernized,roof_storey,F,central_heating,2.34,False,False,False,False,False,False,Feb20
110946872,Berlin,Berlin,Kreuzberg_Kreuzberg,10997,1799.0,2099.0,300.0,,124.0,3.0,1860.0,well_kept,loft,,central_heating,10.62,False,True,True,True,False,True,May19
114453676,Nordrhein_Westfalen,Essen,Freisenbruch,45279,316.05,516.05,110.0,90.0,64.5,2.5,1995.0,fully_renovated,roof_storey,,central_heating,2.42,False,False,False,True,False,False,Feb20
82770580,Bayern,Coburg,Bertelsdorf,96450,370.0,490.0,120.0,,66.0,2.0,,mint_condition,apartment,,central_heating,3.57,False,False,False,False,False,True,Sep18
106781728,Nordrhein_Westfalen,Dortmund,Innenstadt,44137,555.0,,145.0,,72.0,2.0,1912.0,,apartment,,self_contained_central_heating,4.17,False,False,False,False,False,False,Sep18
82932109,Berlin,Berlin,Schöneberg_Schöneberg,10829,1399.0,1678.0,149.0,130.0,100.8,3.0,1900.0,need_of_renovation,apartment,,self_contained_central_heating,8.6,False,True,False,True,False,False,May19
114091431,Nordrhein_Westfalen,Rhein_Erft_Kreis,Pulheim,50259,950.0,1150.0,150.0,50.0,76.0,2.0,2019.0,first_time_use,penthouse,,floor_heating,3.62,True,True,True,True,False,True,Feb20
114878581,Nordrhein_Westfalen,Heinsberg_Kreis,Heinsberg,52525,520.0,690.0,170.0,,83.33,3.0,1966.0,,apartment,,gas_heating,3.34,False,False,True,False,False,False,Feb20
111095123,Niedersachsen,Wesermarsch_Kreis,Brake_Unterweser,26919,560.0,,,,100.0,4.0,,,,,,1.83,False,False,False,True,False,True,May19
113680839,Thüringen,Erfurt,Daberstedt,99096,1750.0,2000.0,250.0,,123.0,4.0,2017.0,refurbished,,,central_heating,2.4,False,True,True,True,False,True,Oct19
114521788,Nordrhein_Westfalen,Hagen,Wehringhausen,58089,292.0,,84.0,,56.0,2.5,1955.0,well_kept,roof_storey,E,self_contained_central_heating,2.37,False,False,False,False,False,False,Feb20
98097254,Nordrhein_Westfalen,Recklinghausen_Kreis,Gladbeck,45966,365.0,525.0,95.0,65.0,63.0,3.0,,modernized,apartment,,central_heating,3.51,False,True,True,True,False,False,Sep18
107355822,Nordrhein_Westfalen,Dortmund,Innenstadt,44135,460.0,,130.0,,56.0,2.0,,well_kept,apartment,,self_contained_central_heating,4.17,False,True,True,False,False,True,Sep18
82301692,Bayern,Fürth_Kreis,Obermichelbach,90587,790.0,1020.0,230.0,,88.6,3.0,1997.0,mint_condition,apartment,,gas_heating,4.0,False,True,False,True,True,True,Feb20
115624827,Schleswig_Holstein,Neumünster,Tungendorf,24536,494.0,777.0,283.0,156.0,82.48,4.0,1964.0,,ground_floor,,,6.58,False,False,False,False,False,False,Feb20
111939696,Hessen,Frankfurt_am_Main,Nordend_Ost,60316,2500.0,2650.0,150.0,,118.0,4.0,1900.0,mint_condition,apartment,,self_contained_central_heating,5.39,False,False,False,True,True,True,Oct19
114088514,Sachsen,Leipzig,Plagwitz,4229,1229.0,,224.0,,111.75,3.5,2019.0,well_kept,ground_floor,,,4.58,True,True,True,True,False,False,Feb20
113848190,Baden_Württemberg,Heilbronn,Heilbronner_Kernstadt,74076,1274.0,1564.0,290.0,,91.0,4.0,2019.0,first_time_use,,,central_heating,6.56,True,True,True,True,False,False,Feb20
115697947,Sachsen,Chemnitz,Hilbersdorf,9131,216.0,335.0,119.0,,53.9,2.0,1935.0,,apartment,,,0.2,False,True,False,True,False,False,Feb20
112483075,Hessen,Darmstadt,Eberstadt,64297,1200.0,1530.0,330.0,,108.71,4.0,1988.0,fully_renovated,maisonette,,floor_heating,3.86,False,True,False,True,False,True,Oct19
109981910,Nordrhein_Westfalen,Dortmund,Hörde,44263,812.0,982.0,170.0,,58.66,2.0,1996.0,well_kept,apartment,,central_heating,4.2,False,True,True,True,False,True,May19
109858098,Berlin,Berlin,Charlottenburg_Charlottenburg,10789,964.0,1136.5,130.0,32.5,64.9,3.0,1954.0,first_time_use_after_refurbishment,apartment,C,district_heating,8.57,False,True,True,True,False,True,May19
113787202,Nordrhein_Westfalen,Kleve_Kreis,Kevelaer,47623,855.0,,130.0,,95.0,3.0,2017.0,,,A_PLUS,heat_pump,3.11,False,False,False,False,False,False,Oct19
113032571,Hamburg,Hamburg,Rahlstedt,22149,890.0,1090.0,200.0,,78.0,2.0,,,roof_storey,,,4.67,False,True,False,True,False,True,Oct19
110744965,Baden_Württemberg,Heidelberg,Neuenheim,6910,2100.0,2500.0,400.0,0.0,143.0,3.0,,well_kept,,,floor_heating,4.69,False,False,True,True,False,True,May19
99770030,Thüringen,Gera,Bieblach_Ost,7552,180.0,,86.0,,34.5,1.5,,,other,,central_heating,4.17,False,True,False,False,True,False,Sep18
65480879,Schleswig_Holstein,Dithmarschen_Kreis,Süderhastedt,25727,390.0,530.0,70.0,70.0,60.0,3.0,1994.0,well_kept,apartment,C,central_heating,6.22,False,False,False,False,True,True,May19
114560534,Niedersachsen,Celle_Kreis,Celle,29229,650.0,950.0,150.0,150.0,97.0,5.0,1976.0,fully_renovated,apartment,NO_INFORMATION,central_heating,4.99,False,True,False,True,False,True,Feb20
85421996,Brandenburg,Ostprignitz_Ruppin_Kreis,Neuruppin,16827,525.0,780.0,255.0,,75.0,4.0,1955.0,,apartment,C,central_heating,4.94,False,False,False,True,True,False,May19
107796860,Baden_Württemberg,Calw_Kreis,Bad_Liebenzell,75378,900.0,1150.0,250.0,,130.0,3.5,,,terraced_flat,,oil_heating,6.94,False,True,False,False,False,False,Oct19
83879483,Nordrhein_Westfalen,Rhein_Sieg_Kreis,Wachtberg,53343,700.0,900.0,200.0,0.0,110.0,3.0,1986.0,well_kept,roof_storey,,central_heating,4.28,False,True,False,True,True,True,May19
113636589,Sachsen,Leipzig,Gohlis_Nord,4157,360.0,460.0,100.0,,50.0,2.5,1930.0,,maisonette,B,central_heating,3.52,False,True,False,True,False,False,Oct19
115538280,Hessen,Kassel,Waldau,34123,526.26,751.26,152.0,73.0,75.18,3.0,1964.0,,ground_floor,F,central_heating,2.49,False,True,False,True,False,False,Feb20
112924972,Bremen,Bremen,Walle,28219,402.88,649.88,200.0,47.0,64.98,2.0,1976.0,,apartment,B,central_heating,3.14,False,True,False,True,False,False,Oct19
97213364,Rheinland_Pfalz,Mainz,Hartenberg/Münchfeld,55122,421.0,491.0,70.0,,21.43,1.0,2017.0,mint_condition,apartment,,,3.8,False,True,True,False,False,True,Oct19
113468003,Hessen,Schwalm_Eder_Kreis,Homberg_Efze,34576,500.0,,300.0,,150.0,4.0,1804.0,well_kept,apartment,,central_heating,1.82,False,True,False,True,False,False,Oct19
111338763,Bayern,Würzburg,Grombühl,97080,390.0,440.0,50.0,,50.0,2.5,1894.0,negotiable,apartment,,gas_heating,3.06,False,False,False,False,False,False,May19
115223568,Nordrhein_Westfalen,Aachen,Verlautenheide,52080,613.2,826.0,212.8,,85.03,3.0,1996.0,well_kept,ground_floor,,central_heating,1.22,False,True,False,True,True,False,Feb20
110804435,Sachsen,Leipzig,Reudnitz_Thonberg,4317,355.0,495.0,73.0,67.0,60.73,3.0,1925.0,refurbished,,,central_heating,5.8,False,True,False,False,False,False,May19
106750623,Nordrhein_Westfalen,Märkischer_Kreis,Menden_Sauerland,58706,475.0,615.0,140.0,,105.0,3.0,1956.0,,roof_storey,,self_contained_central_heating,1.67,False,False,False,False,False,False,Sep18
106988417,Nordrhein_Westfalen,Recklinghausen_Kreis,Recklinghausen,45665,350.0,535.0,120.0,65.0,61.0,2.0,,well_kept,apartment,,central_heating,3.33,False,True,True,False,False,False,Sep18
90069500,Hamburg,Hamburg,Harburg,21073,983.32,1223.32,240.0,78.0,100.91,2.0,1983.0,well_kept,roof_storey,,central_heating,4.53,False,True,True,False,False,True,Oct19
113832325,Baden_Württemberg,Sigmaringen_Kreis,Meßkirch,88605,544.5,679.5,55.0,80.0,90.0,4.5,1960.0,well_kept,maisonette,,oil_heating,6.17,False,True,False,True,True,True,Oct19
113845359,Hessen,Offenbach_am_Main,Rosenhöhe,63069,890.0,890.0,200.0,,64.0,3.0,2019.0,first_time_use,ground_floor,,,5.82,True,True,False,True,True,False,Oct19
95779669,Baden_Württemberg,Göppingen_Kreis,Göppingen,73033,980.0,1200.0,220.0,,103.0,4.5,1958.0,refurbished,maisonette,,gas_heating,,False,True,False,True,True,True,Oct19
106420827,Nordrhein_Westfalen,Gelsenkirchen,Ückendorf,45886,227.5,300.0,72.5,,35.0,1.0,,modernized,ground_floor,NO_INFORMATION,oil_heating,1.79,False,False,False,False,True,False,Sep18
106907709,Brandenburg,Cottbus,Schmellwitz,3044,373.62,500.0,126.38,,57.32,2.0,1961.0,,,,central_heating,1.67,False,True,False,False,False,False,Sep18
107848375,Nordrhein_Westfalen,Unna_Kreis,Bergkamen,59192,360.0,560.0,130.0,70.0,64.61,3.0,1959.0,fully_renovated,apartment,,central_heating,2.72,False,True,False,True,False,False,Oct19
111278514,Nordrhein_Westfalen,Neuss_Rhein_Kreis,Meerbusch,40667,700.0,950.0,250.0,,56.0,2.0,,,other,,,4.02,False,True,False,True,False,False,May19
105939949,Niedersachsen,Heidekreis,Rethem_Aller,27336,295.0,460.0,75.0,90.0,57.59,3.0,1964.0,well_kept,raised_ground_floor,E,central_heating,4.35,False,True,False,True,False,True,Oct19
88801980,Thüringen,Gotha_Kreis,Gotha,99867,270.0,360.0,90.0,,42.75,1.0,1933.0,,roof_storey,,central_heating,1.69,False,False,False,False,False,True,Oct19
61561020,Nordrhein_Westfalen,Mettmann_Kreis,Heiligenhaus,42579,518.0,758.0,240.0,,85.0,3.0,,modernized,apartment,,central_heating,3.13,False,False,False,True,True,True,Oct19
113781078,Baden_Württemberg,Ortenaukreis,Achern,77855,315.0,,112.0,,56.65,2.0,1976.0,,ground_floor,B,self_contained_central_heating,3.09,False,True,False,True,False,False,Oct19
114636275,Mecklenburg_Vorpommern,Neubrandenburg,Datzeviertel,17034,480.0,700.0,100.0,120.0,98.69,5.0,1978.0,well_kept,apartment,,central_heating,-0.23,False,True,False,True,False,False,Feb20
107380123,Rheinland_Pfalz,Mainz,Gonsenheim,55124,424.0,578.0,134.0,20.0,27.0,1.0,,,ground_floor,,,4.0,False,True,False,True,True,True,Sep18
113144466,Hessen,Frankfurt_am_Main,Nordend_West,60322,3950.0,4300.0,350.0,,145.0,4.0,2019.0,first_time_use,ground_floor,A,floor_heating,5.19,True,True,True,True,True,True,Oct19
104347044,Hessen,Groß_Gerau_Kreis,Groß_Gerau,64521,1100.0,1375.0,275.0,,104.0,3.5,1970.0,first_time_use_after_refurbishment,apartment,NO_INFORMATION,central_heating,4.82,False,False,False,True,False,False,May19
110764053,Nordrhein_Westfalen,Herne,Herne_Mitte,44623,435.5,599.5,105.0,59.0,67.0,3.0,1965.0,,apartment,,central_heating,3.33,False,True,False,True,False,False,May19
113802010,Sachsen,Zwickau_Kreis,Werdau,8412,320.0,500.0,,,63.0,3.0,,,,,gas_heating,0.59,False,False,False,False,False,False,Oct19
114833613,Mecklenburg_Vorpommern,Uecker_Randow_Kreis,Löcknitz,17321,154.0,254.0,50.0,50.0,32.0,1.0,1959.0,refurbished,roof_storey,C,central_heating,1.3,False,False,False,True,False,False,Feb20
115547249,Baden_Württemberg,Tübingen_Kreis,Tübingen,72070,1600.0,2090.0,490.0,,153.0,4.5,1999.0,mint_condition,other,C,floor_heating,3.94,False,True,True,True,False,True,Feb20
115288154,Sachsen,Zwickau_Kreis,Werdau,8412,215.0,315.0,,,46.0,2.0,1960.0,,,,district_heating,1.19,False,True,False,True,False,True,Feb20
106180703,Mecklenburg_Vorpommern,Nordwestmecklenburg_Kreis,Rehna,19217,330.77,451.27,120.5,62.5,60.14,2.5,1975.0,,apartment,NO_INFORMATION,central_heating,1.69,False,True,False,True,False,True,Sep18
42764778,Nordrhein_Westfalen,Mönchengladbach,Rheydt,41236,250.0,350.0,50.0,50.0,25.0,1.0,1910.0,modernized,apartment,,central_heating,3.13,False,False,False,True,False,True,Sep18
115461542,Hamburg,Hamburg,Langenhorn,22415,945.14,1045.14,100.0,0.0,70.01,3.0,,refurbished,ground_floor,,,4.8,False,True,False,True,False,True,Feb20
111317941,Baden_Württemberg,Mannheim,Innenstadt_/_Jungbusch,68159,550.0,690.0,140.0,,23.0,1.0,,fully_renovated,ground_floor,,,4.6,False,False,False,False,False,True,May19
95485484,Sachsen,Dresden,Wilsdruffer_Vorstadt/Seevorstadt_West,1067,1625.0,1949.0,324.0,,147.47,5.0,,mint_condition,apartment,,,4.19,False,True,True,False,True,True,Oct19
115365202,Sachsen,Chemnitz,Sonnenberg,9130,416.0,544.0,128.0,,64.0,2.0,2019.0,first_time_use_after_refurbishment,ground_floor,,floor_heating,0.65,True,True,True,True,True,False,Feb20
51284818,Nordrhein_Westfalen,Bochum,Wiemelhausen/Brenschede,44799,218.74,380.54,161.8,73.1,44.37,2.0,1976.0,modernized,apartment,,central_heating,5.8,False,True,False,True,True,False,Oct19
109725920,Baden_Württemberg,Ortenaukreis,Lahr/Schwarzwald,77933,850.0,1200.0,300.0,,120.0,4.0,,well_kept,maisonette,,,4.16,False,True,False,True,True,True,Oct19
110148643,Rheinland_Pfalz,Mainz_Bingen_Kreis,Gau_Algesheim,55435,1190.0,1445.0,255.0,,170.0,5.0,1965.0,well_kept,apartment,G,self_contained_central_heating,3.59,False,True,False,False,False,True,May19
111377149,Nordrhein_Westfalen,Düsseldorf,Carlstadt,40211,1185.0,,170.0,,86.0,3.0,1960.0,,,,central_heating,4.37,False,True,False,False,False,False,May19
115631318,Nordrhein_Westfalen,Oberhausen,Marienkirche,46047,420.0,,115.0,120.0,67.0,3.5,,,apartment,,district_heating,2.92,False,False,False,False,False,False,Feb20
110792219,Sachsen,Görlitz,Innenstadt,2826,350.0,460.0,110.0,,85.86,3.0,1900.0,refurbished,,,central_heating,1.82,False,True,False,False,False,False,May19
107019249,Nordrhein_Westfalen,Düsseldorf,Rath,40472,2750.0,3465.0,515.0,,200.0,5.0,,well_kept,maisonette,,central_heating,4.4,False,True,False,True,False,True,Sep18
113130409,Berlin,Berlin,Charlottenburg_Charlottenburg,10789,960.0,1155.0,120.0,75.0,64.08,2.0,1969.0,first_time_use_after_refurbishment,apartment,,central_heating,6.83,False,True,True,True,False,False,Oct19
109931362,Nordrhein_Westfalen,Bochum,Werne,44894,443.52,611.52,98.0,70.0,44.8,2.0,1943.0,,apartment,,central_heating,4.76,False,False,False,True,False,False,May19
113793750,Nordrhein_Westfalen,Köln,Mülheim,51063,890.0,1100.0,210.0,,74.0,3.0,,fully_renovated,,,,5.27,False,False,False,True,False,False,Oct19
111401695,Nordrhein_Westfalen,Rheinisch_Bergischer_Kreis,Bergisch_Gladbach,51429,950.0,1130.0,180.0,,86.0,2.0,2002.0,well_kept,apartment,,floor_heating,4.28,False,True,False,True,False,True,May19
103936152,Sachsen,Zwickau,Niederplanitz,8062,320.0,430.0,110.0,,57.0,2.0,1998.0,,apartment,,central_heating,0.0,False,True,False,True,False,False,Feb20
113705364,Berlin,Berlin,Neukölln_Neukölln,12043,1629.0,1986.0,249.0,108.0,108.57,3.0,2019.0,first_time_use,apartment,,district_heating,10.09,True,True,True,False,False,True,Oct19
107337327,Bayern,Nürnberg,Wöhrd,90489,320.0,466.0,146.0,,21.0,1.0,,,apartment,,,5.32,False,False,False,True,False,True,Sep18
111030068,Hamburg,Hamburg,Blankenese,22587,1634.0,1974.0,340.0,,121.0,3.0,1972.0,first_time_use_after_refurbishment,apartment,E,central_heating,4.94,False,True,False,True,False,True,May19
106290638,Berlin,Berlin,Tiergarten_Tiergarten,10553,733.0,898.0,94.0,71.0,66.58,2.0,1907.0,refurbished,apartment,,central_heating,11.22,False,False,False,True,False,False,Sep18
108643745,Nordrhein_Westfalen,Neuss_Rhein_Kreis,Grevenbroich,41516,546.0,746.0,200.0,,91.0,3.0,,well_kept,apartment,,,2.82,False,True,False,True,False,False,May19
113658984,Nordrhein_Westfalen,Düsseldorf,Altstadt,40213,1050.0,1250.0,,,41.0,1.0,,,ground_floor,,,6.11,False,False,True,True,False,True,Oct19
106994713,Sachsen,Chemnitz,Kaßberg,9112,218.0,327.0,109.0,,49.56,2.0,,fully_renovated,,,central_heating,0.36,False,True,False,True,True,False,May19
115561936,Sachsen_Anhalt,Magdeburg,Lemsdorf,39118,310.0,430.0,120.0,,51.0,2.0,1902.0,refurbished,,,central_heating,1.11,False,False,False,True,False,False,Feb20
91618123,Nordrhein_Westfalen,Solingen,Solingen_Mitte,42651,378.0,453.0,75.0,,39.0,1.5,,well_kept,ground_floor,,,3.06,False,True,False,True,False,False,May19
115710322,Baden_Württemberg,Stuttgart,Stammheim,70439,890.0,1070.0,180.0,,63.0,3.0,1956.0,first_time_use_after_refurbishment,apartment,,central_heating,5.1,False,True,False,True,False,False,Feb20
110863768,Sachsen_Anhalt,Magdeburg,Altstadt,39104,429.0,594.0,165.0,,66.0,2.0,1885.0,,apartment,,central_heating,1.47,False,True,False,True,False,False,May19
105952270,Bayern,Miesbach_Kreis,Weyarn,83629,695.0,845.0,150.0,,73.0,3.0,,fully_renovated,ground_floor,,central_heating,4.04,False,True,False,True,False,True,May19
77236222,Nordrhein_Westfalen,Lippe_Kreis,Detmold,32756,450.0,,130.0,,50.0,2.0,1948.0,well_kept,roof_storey,E,central_heating,3.83,False,False,False,False,False,False,Feb20
115054763,Nordrhein_Westfalen,Ennepe_Ruhr_Kreis,Witten,58452,297.0,457.0,80.0,80.0,54.0,1.0,1956.0,negotiable,apartment,,central_heating,2.61,False,False,False,True,False,False,Feb20
103202301,Bayern,Nürnberg,"Altstadt,_St._Lorenz",90402,965.0,965.0,0.0,,58.0,2.0,1700.0,,,B,central_heating,5.56,False,False,False,False,False,True,Sep18
110833775,Nordrhein_Westfalen,Gütersloh_Kreis,Steinhagen,33803,650.0,880.0,230.0,,110.0,1.0,1910.0,first_time_use_after_refurbishment,loft,,central_heating,2.11,False,False,False,True,False,True,May19
111739535,Sachsen,Leipzig_Kreis,Wurzen,4808,380.0,470.0,90.0,,76.0,3.0,,,apartment,,self_contained_central_heating,3.21,False,True,False,False,False,False,Oct19
113387273,Bayern,Weiden_in_der_Oberpfalz,Rehbühl,92637,540.0,700.0,80.0,80.0,74.58,3.0,1973.0,well_kept,apartment,,central_heating,4.67,False,True,False,True,False,False,Feb20
111714582,Sachsen,Chemnitz,Ebersdorf,9131,354.0,484.0,130.0,63.0,64.1,3.0,1980.0,refurbished,apartment,,central_heating,0.0,False,True,False,False,False,False,Oct19
111209351,Bayern,Nürnberg,Röthenbach_West,90449,450.0,520.0,70.0,,38.0,1.0,,well_kept,other,,gas_heating,4.28,False,True,False,True,True,True,May19
113085429,Nordrhein_Westfalen,Herne,Wanne_Süd,44652,396.65,588.65,111.0,81.0,70.83,3.0,1969.0,,apartment,,central_heating,2.51,False,True,True,True,True,False,Oct19
113630876,Bayern,Weißenburg_Gunzenhausen_Kreis,Pleinfeld,91785,398.75,458.75,60.0,,55.0,2.0,2019.0,first_time_use,,,gas_heating,2.7,True,True,False,False,False,False,Oct19
113672418,Sachsen,Mittelsachsen_Kreis,Döbeln,4720,399.0,559.0,160.0,,71.0,3.0,1987.0,first_time_use,apartment,,central_heating,1.15,False,True,False,True,False,False,Feb20
110666552,Berlin,Berlin,Wedding_Wedding,13347,550.0,595.0,45.0,,39.82,1.0,,refurbished,apartment,,self_contained_central_heating,10.53,False,True,False,True,False,False,May19
114383417,Sachsen,Meißen_Kreis,Meißen,1662,390.0,520.0,130.0,,62.0,3.0,1900.0,fully_renovated,ground_floor,C,central_heating,1.36,False,True,False,True,False,False,Feb20
106322549,Nordrhein_Westfalen,Rheinisch_Bergischer_Kreis,Odenthal,51519,750.0,930.0,180.0,,91.0,4.0,1977.0,well_kept,ground_floor,,central_heating,4.11,False,True,False,True,False,False,Sep18
111183898,Brandenburg,Märkisch_Oderland_Kreis,Neuenhagen_bei_Berlin,15366,1000.0,1080.0,80.0,,105.0,4.0,,modernized,apartment,,self_contained_central_heating,6.09,False,False,False,False,False,False,May19
111035700,Sachsen_Anhalt,Halle_Saale,Silberhöhe,6132,270.0,400.0,60.0,70.0,56.03,3.0,1982.0,well_kept,apartment,,central_heating,1.6,False,True,False,True,False,False,Feb20
94117483,Sachsen_Anhalt,Magdeburg,Stadtfeld_Ost,39108,670.0,966.0,296.0,,121.0,4.0,1900.0,,apartment,,,3.23,False,False,False,True,False,False,May19
114633878,Hessen,Main_Kinzig_Kreis,Bruchköbel,63486,1250.0,,250.0,,112.0,3.0,2015.0,mint_condition,roof_storey,A_PLUS,heat_pump,4.19,False,True,False,True,True,False,Feb20
115676225,Sachsen_Anhalt,Halle_Saale,Nördliche_Neustadt,6124,192.0,294.0,62.0,40.0,37.1,1.0,1965.0,well_kept,ground_floor,,central_heating,1.65,False,True,True,False,False,False,Feb20
110518110,Nordrhein_Westfalen,Höxter_Kreis,Borgentreich,34434,454.43,568.43,114.0,,50.53,2.0,,,apartment,,,2.5,False,False,False,False,False,False,May19
105500646,Sachsen,Leipzig,Mockau_Nord,4357,367.0,,79.0,80.0,61.3,3.0,1977.0,,apartment,,,3.33,False,True,False,True,False,False,May19
110641031,Niedersachsen,Stade_Kreis,Buxtehude,21614,725.0,915.0,165.0,,71.5,2.5,1971.0,modernized,apartment,,central_heating,3.8,False,False,False,False,False,True,May19
113118749,Berlin,Berlin,Heiligensee_Reinickendorf,13503,2300.0,,,,140.0,4.0,1996.0,fully_renovated,raised_ground_floor,,central_heating,4.38,False,True,False,False,True,True,Oct19
111365764,Nordrhein_Westfalen,Wesel_Kreis,Moers,47441,353.0,,85.0,50.0,46.0,2.5,1987.0,modernized,apartment,,,2.83,False,True,False,True,False,False,May19
115197662,Niedersachsen,Hannover_Kreis,Seelze,30926,415.0,635.0,142.0,78.0,70.35,3.0,1928.0,,apartment,,central_heating,4.75,False,True,False,False,False,False,Feb20
111354185,Bayern,Bayreuth,Gartenstadt/Wendelhöfen,95445,720.0,900.0,180.0,50.0,68.0,3.0,1880.0,refurbished,apartment,,self_contained_central_heating,5.14,False,False,False,True,True,True,May19
113896266,Sachsen,Mittelsachsen_Kreis,Freiberg,9599,533.0,,90.0,135.0,86.0,3.0,1966.0,,other,,district_heating,1.18,False,False,False,False,False,False,Feb20
86824214,Sachsen,Nordsachsen_Kreis,Eilenburg,4838,220.0,280.0,60.0,,48.0,2.0,,well_kept,roof_storey,,central_heating,1.82,False,False,False,True,True,False,Sep18
113724091,Nordrhein_Westfalen,Bonn,Auerberg,53117,1172.0,1492.0,320.0,,113.0,4.0,2015.0,mint_condition,apartment,NO_INFORMATION,combined_heat_and_power_plant,4.03,False,True,True,True,False,True,Oct19
111407209,Nordrhein_Westfalen,Düsseldorf,Stadtmitte,40211,1550.0,1810.0,260.0,,117.0,3.0,,mint_condition,apartment,,central_heating,5.14,False,False,True,False,False,False,May19
89542241,Baden_Württemberg,Lörrach_Kreis,Lörrach,79541,1250.0,1500.0,250.0,,105.0,3.0,2016.0,mint_condition,apartment,,central_heating,1.32,False,True,False,True,False,True,Oct19
110348429,Hamburg,Hamburg,Eidelstedt,22523,865.2,1244.2,179.0,200.0,84.0,3.0,1986.0,well_kept,apartment,NO_INFORMATION,gas_heating,5.0,False,True,True,False,False,True,May19
113777439,Nordrhein_Westfalen,Duisburg,Neudorf_Nord,47057,355.0,,92.0,,61.0,3.0,1954.0,modernized,apartment,,self_contained_central_heating,2.55,False,True,False,True,True,False,Oct19
93071340,Nordrhein_Westfalen,Remscheid,Innenstadt,42855,314.69,488.19,128.2,45.3,58.45,2.0,1994.0,well_kept,apartment,,central_heating,1.61,False,True,False,True,False,False,May19
115649399,Sachsen,Meißen_Kreis,Meißen,1662,230.0,353.0,123.0,,43.0,1.5,1900.0,refurbished,roof_storey,,central_heating,1.52,False,False,False,True,False,False,Feb20
106147708,Niedersachsen,Göttingen_Kreis,Göttingen,37075,270.0,340.0,70.0,,19.0,1.0,1903.0,well_kept,,,central_heating,4.88,False,False,False,False,False,False,Sep18
113344236,Sachsen_Anhalt,Dessau_Roßlau,Innerstädtischer_Bereich_Mitte,6842,350.0,470.0,60.0,60.0,57.2,3.0,1962.0,,other,,,3.0,False,False,False,False,False,False,Oct19
111289665,Mecklenburg_Vorpommern,Neubrandenburg,Lindenbergviertel,17033,545.0,743.0,198.0,,82.77,2.0,1997.0,negotiable,apartment,,central_heating,0.48,False,True,True,True,False,False,May19
111062483,Bayern,München,Harlaching,81545,4200.0,4200.0,0.0,,220.0,4.5,1985.0,,,,,6.13,False,True,True,True,False,False,May19
66002794,Nordrhein_Westfalen,Aachen_Kreis,Herzogenrath,52134,560.0,680.0,120.0,0.0,68.0,1.0,1953.0,fully_renovated,apartment,,central_heating,2.33,False,True,False,True,False,True,Feb20
114497972,Bayern,Augsburg_Kreis,Stadtbergen,86391,1240.0,1454.0,214.0,,96.0,3.0,2019.0,first_time_use,roof_storey,,floor_heating,5.18,True,True,True,True,False,False,Feb20
105943590,Niedersachsen,Hannover_Kreis,Burgdorf,31303,725.0,908.6,183.6,,68.0,2.0,2017.0,first_time_use,roof_storey,A,central_heating,4.87,True,True,True,False,False,False,Sep18
112063672,Rheinland_Pfalz,Rhein_Lahn_Kreis,Bad_Ems,56130,675.0,675.0,260.0,,111.39,3.0,1999.0,fully_renovated,terraced_flat,,gas_heating,2.91,False,True,True,True,False,False,Oct19
110645471,Sachsen,Dresden,Johannstadt_Süd,1307,1041.0,,193.0,,87.39,4.0,2018.0,first_time_use,apartment,,,1.71,False,True,True,True,True,True,Feb20
111657634,Sachsen,Mittelsachsen_Kreis,Döbeln,4720,170.0,255.0,85.0,,29.0,1.0,1984.0,fully_renovated,roof_storey,C,central_heating,0.79,False,True,True,True,False,False,Oct19
113574248,Nordrhein_Westfalen,Hochsauerlandkreis,Brilon,59929,540.0,790.0,220.0,,107.0,3.0,,well_kept,roof_storey,,gas_heating,3.18,False,True,False,True,False,False,Oct19
115649848,Sachsen,Meißen_Kreis,Riesa,1591,249.0,339.0,90.0,,50.0,2.0,1920.0,refurbished,ground_floor,,central_heating,0.74,False,False,False,False,True,False,Feb20
112816968,Hessen,Wetteraukreis,Bad_Vilbel,61118,870.0,1040.0,170.0,0.0,75.0,2.0,2006.0,fully_renovated,ground_floor,,floor_heating,4.55,False,True,False,True,False,True,Oct19
102654988,Sachsen_Anhalt,Harz_Kreis,Halberstadt,38820,35.0,,,,74.2,1.0,,,other,,central_heating,1.92,False,True,False,False,False,True,May19
88111304,Thüringen,Schmalkalden_Meiningen_Kreis,Breitungen/Werra,98597,435.0,615.0,180.0,,81.0,3.0,1994.0,well_kept,apartment,,central_heating,1.72,False,True,False,False,False,False,Sep18
115671465,Niedersachsen,Hannover_Kreis,Lehrte,31275,606.0,735.0,88.0,41.0,45.96,2.0,2001.0,fully_renovated,apartment,,central_heating,4.47,False,True,True,True,False,True,Feb20
106864690,Rheinland_Pfalz,Neustadt_an_der_Weinstraße,Kernstadt,67433,650.0,650.0,100.0,,76.0,2.5,1902.0,well_kept,other,,gas_heating,4.17,False,False,False,True,False,False,Sep18
106991906,Berlin,Berlin,Mitte_Mitte,10115,1800.0,2000.0,200.0,,102.0,3.0,,fully_renovated,apartment,,,8.7,False,False,False,True,False,True,Sep18
115569276,Bayern,Oberallgäu_Kreis,Immenstadt_im_Allgäu,87509,865.0,1155.0,290.0,,78.0,3.0,2019.0,first_time_use,apartment,B,floor_heating,5.45,True,True,True,True,False,False,Feb20
111341713,Schleswig_Holstein,Flensburg,Engelsby,24943,484.0,684.0,,,51.0,2.0,,,apartment,,,4.67,False,True,True,True,False,True,May19
103655856,Sachsen,Chemnitz,Kaßberg,9112,200.0,390.0,120.0,,58.2,2.0,,well_kept,,,district_heating,0.36,False,False,False,True,False,False,May19
92487466,Nordrhein_Westfalen,Gelsenkirchen,Altstadt,45879,240.0,307.0,27.0,40.0,30.0,1.0,1960.0,well_kept,apartment,,district_heating,1.84,False,False,True,False,False,False,Feb20
112332862,Nordrhein_Westfalen,Essen,Altendorf,45143,234.0,374.0,110.0,,27.46,1.0,1997.0,well_kept,roof_storey,,central_heating,3.32,False,False,False,True,False,True,Oct19
55285849,Sachsen,Chemnitz,Kaßberg,9112,209.0,292.0,83.0,,37.86,2.0,,refurbished,ground_floor,,central_heating,0.9,False,True,False,True,True,False,Feb20
115657606,Nordrhein_Westfalen,Neuss_Rhein_Kreis,Neuss,41464,685.0,825.0,140.0,,72.06,2.0,1939.0,well_kept,apartment,E,self_contained_central_heating,4.07,False,True,False,False,False,False,Feb20
107385781,Hamburg,Hamburg,Neustadt,20459,1184.0,1429.0,245.0,75.0,75.59,3.0,2010.0,well_kept,,,central_heating,6.5,False,True,True,False,False,True,Sep18
93850559,Berlin,Berlin,Mitte_Mitte,10117,2907.0,3366.0,459.0,,154.0,3.0,2014.0,,apartment,B,floor_heating,8.55,False,True,True,False,False,True,May19
112899089,Hessen,Wiesbaden,Südost,65191,990.0,1190.0,150.0,150.0,83.0,3.0,,modernized,ground_floor,,,1.85,False,True,False,True,False,True,Oct19
115668272,Hessen,Darmstadt_Dieburg_Kreis,Roßdorf,64380,1550.0,1900.0,250.0,,134.0,3.0,2019.0,first_time_use,penthouse,A,central_heating,4.14,True,True,True,True,False,False,Feb20
115471453,Sachsen,Chemnitz,Sonnenberg,9130,268.0,408.0,140.0,,60.47,3.0,1975.0,well_kept,roof_storey,B,district_heating,0.62,False,True,False,True,False,False,Feb20
95192994,Sachsen_Anhalt,Halle_Saale,Freiimfelde/Kanenaer_Weg,6112,237.0,298.0,61.0,,33.8,1.0,1937.0,refurbished,raised_ground_floor,C,central_heating,3.39,False,False,False,False,False,False,Oct19
111288879,Nordrhein_Westfalen,Wesel_Kreis,Moers,47447,450.0,600.0,150.0,,52.0,1.5,1982.0,fully_renovated,half_basement,,oil_heating,2.83,False,True,False,False,False,False,May19
109874214,Niedersachsen,Salzgitter,Bad,38259,312.0,471.0,159.0,,52.0,2.0,1988.0,,,,,0.51,False,False,False,False,False,False,May19
113498843,Berlin,Berlin,Pankow_Pankow,13189,2250.0,2655.0,255.0,150.0,150.0,5.0,1908.0,first_time_use,roof_storey,,district_heating,7.15,False,True,False,False,False,True,Oct19
115347724,Sachsen_Anhalt,Halle_Saale,Altstadt,6108,415.0,533.0,118.0,,29.62,1.0,,fully_renovated,apartment,,,3.53,False,False,True,False,False,False,Feb20
113390770,Nordrhein_Westfalen,Rhein_Sieg_Kreis,Sankt_Augustin,53757,1100.0,1600.0,360.0,,110.85,4.0,2012.0,mint_condition,ground_floor,,central_heating,4.09,False,True,True,True,True,False,Feb20
110857929,Bayern,München,Schwabing,80802,2000.0,2000.0,0.0,,77.0,2.0,,,,,,7.57,False,False,True,False,False,False,May19
115523022,Berlin,Berlin,Oberschöneweide_Köpenick,12459,780.0,946.0,100.0,66.0,66.14,2.0,1910.0,well_kept,apartment,,central_heating,6.55,False,True,False,False,False,True,Feb20
114880183,Niedersachsen,Hannover_Kreis,Barsinghausen,30890,1000.0,1190.0,190.0,95.0,94.81,3.0,2019.0,first_time_use,apartment,A_PLUS,floor_heating,4.52,True,True,True,False,False,False,Feb20
108552694,Sachsen_Anhalt,Börde_Kreis,Oschersleben_Bode,39387,198.0,,50.0,43.0,35.98,1.0,1982.0,modernized,,B,central_heating,1.85,False,True,False,True,False,False,May19
90801361,Nordrhein_Westfalen,Soest_Kreis,Soest,59494,445.0,625.0,180.0,,54.0,2.0,,well_kept,apartment,,,3.31,False,False,False,True,False,False,Feb20
115568716,Nordrhein_Westfalen,Oberhausen,Altstadt_Mitte,46045,737.0,898.0,161.0,,98.25,3.5,1953.0,fully_renovated,apartment,,self_contained_central_heating,2.57,False,True,False,False,False,False,Feb20
113808377,Niedersachsen,Hannover,Linden_Nord,30451,747.0,877.0,,,74.7,2.0,1916.0,refurbished,apartment,,,3.96,False,False,False,True,False,False,Oct19
108696548,Niedersachsen,Schaumburg_Kreis,Pohle,31867,260.0,350.0,90.0,,40.0,2.0,,fully_renovated,other,,gas_heating,5.26,False,False,False,False,False,True,May19
96324775,Nordrhein_Westfalen,Mönchengladbach,Am_Wasserturm,41063,1040.0,1175.0,135.0,,136.0,6.0,1909.0,fully_renovated,apartment,,gas_heating,2.99,False,True,False,True,False,False,Sep18
111341159,Nordrhein_Westfalen,Düsseldorf,Unterrath,40468,650.0,800.0,150.0,,57.0,2.0,1966.0,fully_renovated,ground_floor,,central_heating,4.75,False,True,False,True,True,False,May19
112902765,Sachsen,Leipzig,Grünau_Mitte,4209,468.05,705.0,136.34,100.61,89.11,4.0,1985.0,,,,central_heating,3.1,False,True,True,False,False,False,Feb20
111398424,Nordrhein_Westfalen,Gelsenkirchen,Bismarck,45889,350.0,510.0,160.0,,75.0,3.0,1978.0,well_kept,apartment,,district_heating,3.39,False,False,False,True,True,False,May19
108368000,Niedersachsen,Heidekreis,Bad_Fallingbostel,29683,906.0,1148.0,137.0,105.0,105.43,2.0,2019.0,first_time_use,roof_storey,A,central_heating,4.44,True,True,True,False,False,False,May19
114100211,Bayern,Rosenheim_Kreis,Bruckmühl,83052,1500.0,1650.0,150.0,,137.0,4.0,2019.0,first_time_use,roof_storey,A,wood_pellet_heating,3.97,True,True,True,True,False,False,Feb20
114464656,Sachsen,Leipzig_Kreis,Borna,4552,550.0,790.0,120.0,120.0,109.51,3.0,1930.0,refurbished,,A,central_heating,2.76,False,False,False,True,False,False,Feb20
110743249,Niedersachsen,Osnabrück,Dodesheide,49088,555.13,775.13,134.0,86.0,71.63,3.0,1961.0,,apartment,C,central_heating,6.67,False,False,False,True,False,False,May19
108456190,Brandenburg,Cottbus,Gallinchen,3051,595.0,770.0,175.0,,84.96,3.0,,,,,central_heating,1.54,False,True,False,False,False,False,Oct19
115449936,Sachsen_Anhalt,Mansfeld_Südharz_Kreis,Sangerhausen,6526,229.0,343.0,63.0,51.0,50.92,2.0,1988.0,,apartment,,district_heating,2.58,False,True,False,True,False,False,Feb20
111553823,Nordrhein_Westfalen,Paderborn_Kreis,Paderborn,33098,1180.0,1510.0,330.0,,122.86,5.0,2019.0,first_time_use,ground_floor,,central_heating,3.28,True,True,False,True,False,False,Oct19
107332994,Baden_Württemberg,Ludwigsburg_Kreis,Eberdingen,71735,1650.0,1650.0,0.0,,69.0,3.0,2016.0,,apartment,,,6.1,False,True,True,False,False,False,Sep18
89769608,Hamburg,Hamburg,Bramfeld,22177,808.55,988.55,100.0,80.0,72.0,3.0,1971.0,well_kept,roof_storey,,district_heating,2.13,False,True,False,False,False,True,Sep18
105225485,Bayern,Aschaffenburg,Stadtmitte,63739,1400.0,1550.0,,,105.0,3.0,1906.0,well_kept,apartment,,,4.04,False,True,False,True,True,True,May19
78768847,Mecklenburg_Vorpommern,Neubrandenburg,Lindenbergviertel,17033,370.0,425.0,55.0,,34.0,1.0,2002.0,mint_condition,roof_storey,B,central_heating,1.61,False,True,True,True,False,True,May19
110416550,Sachsen,Erzgebirgskreis,Thum,9430,200.0,295.0,95.0,,39.7,2.0,1900.0,refurbished,apartment,,central_heating,1.89,False,False,False,True,True,False,May19
107371429,Sachsen,Leipzig,Schleußig,4229,260.0,360.0,100.0,,41.0,1.0,1993.0,refurbished,apartment,,central_heating,6.58,False,False,True,False,False,False,Sep18
111001041,Nordrhein_Westfalen,Coesfeld_Kreis,Coesfeld,48653,455.0,645.0,150.0,,78.0,3.0,,,apartment,NO_INFORMATION,central_heating,5.03,False,True,False,True,False,True,May19
104967304,Baden_Württemberg,Mannheim,Innenstadt_/_Jungbusch,68161,850.0,1095.0,245.0,,64.0,2.5,1988.0,well_kept,roof_storey,,district_heating,5.1,False,True,True,False,False,False,Sep18
57089107,Nordrhein_Westfalen,Dortmund,Dorstfeld,44149,535.0,690.0,115.0,40.0,72.0,3.0,1967.0,modernized,apartment,,central_heating,3.69,False,True,False,True,False,False,Feb20
106152715,Bayern,Fürth_Kreis,Langenzenn,90579,675.0,900.0,100.0,100.0,75.0,2.0,,modernized,ground_floor,,oil_heating,4.11,False,True,False,False,True,False,Feb20
106980523,Sachsen,Chemnitz,Kappel,9119,260.0,360.0,100.0,,50.87,2.0,1910.0,,raised_ground_floor,,central_heating,2.0,False,True,False,True,True,False,Sep18
98876503,Nordrhein_Westfalen,Aachen_Kreis,Alsdorf,52477,530.48,736.24,128.6,77.16,64.3,2.0,2014.0,mint_condition,apartment,,floor_heating,3.28,False,True,True,True,False,False,Feb20
113831186,Nordrhein_Westfalen,Wuppertal,Oberbarmen,42277,280.0,,60.0,60.0,46.2,2.0,1960.0,refurbished,apartment,,central_heating,2.77,False,True,False,False,False,False,Oct19
115650155,Sachsen,Dresden,Pieschen_Süd,1127,469.0,609.0,140.0,,64.17,3.5,1900.0,modernized,raised_ground_floor,,central_heating,2.03,False,False,False,True,False,False,Feb20
113466607,Sachsen_Anhalt,Salzlandkreis,Schönebeck_Elbe,39218,275.0,425.0,150.0,,49.32,2.0,1960.0,well_kept,apartment,E,central_heating,1.48,False,False,False,True,False,False,Oct19
98626664,Bremen,Bremen,Osterholz,28307,565.0,745.0,180.0,,64.0,3.0,1980.0,modernized,apartment,,central_heating,5.97,False,True,False,True,True,True,Feb20
66580485,Nordrhein_Westfalen,Düsseldorf,Pempelfort,40479,560.0,690.0,85.0,45.0,60.0,2.0,1950.0,well_kept,,,central_heating,5.1,False,False,False,True,False,False,May19
103566190,Sachsen,Dresden,Friedrichstadt,1159,1233.9,1516.85,181.8,93.65,110.17,5.0,2016.0,first_time_use,apartment,B,central_heating,2.67,False,True,True,True,False,True,Sep18
106811908,Bayern,Nürnberg,Wöhrd,90489,440.0,540.0,100.0,,31.0,1.0,,modernized,other,,district_heating,5.32,False,False,True,False,False,True,Feb20
110955546,Sachsen,Chemnitz,Kaßberg,9112,420.0,540.0,120.0,,59.0,2.0,1910.0,refurbished,apartment,C,central_heating,0.36,False,False,False,True,True,True,May19
109783421,Sachsen_Anhalt,Halle_Saale,Südliche_Innenstadt,6110,354.0,504.0,150.0,,59.1,2.0,1905.0,refurbished,roof_storey,,central_heating,4.06,False,False,False,False,False,True,May19
106860938,Sachsen,Leipzig,Schönefeld_Abtnaundorf,4347,325.0,475.0,150.0,,60.01,2.0,1918.0,well_kept,roof_storey,,central_heating,4.92,False,False,False,False,False,False,Sep18
105453158,Nordrhein_Westfalen,Paderborn_Kreis,Bad_Lippspringe,33175,495.0,593.0,98.0,,63.0,2.0,1993.0,,terraced_flat,,central_heating,5.0,False,True,False,False,True,True,Sep18
114218370,Baden_Württemberg,Calw_Kreis,Nagold,72202,1190.0,1470.0,230.0,,90.0,3.0,2019.0,first_time_use,apartment,NO_INFORMATION,floor_heating,7.11,True,True,True,True,False,True,Feb20
113569040,Sachsen_Anhalt,Halle_Saale,Giebichenstein,6114,290.0,385.0,95.0,,41.0,1.0,,,,,central_heating,2.08,False,True,False,True,False,False,Oct19
111366887,Bayern,München_Kreis,Ismaning,85737,1400.0,1585.0,185.0,,97.0,3.0,1982.0,well_kept,apartment,,central_heating,6.12,False,True,False,True,True,True,May19
113658806,Sachsen,Leipzig,Stötteritz,4299,498.0,593.0,95.0,,48.36,2.0,2019.0,,,,,4.28,True,True,True,True,False,False,Oct19
100900398,Sachsen_Anhalt,Halle_Saale,Kröllwitz,6120,1578.28,1936.98,358.7,,143.48,4.0,,first_time_use_after_refurbishment,,,floor_heating,2.9,False,True,False,False,False,False,Sep18
113928360,Bayern,Schweinfurt,Altstadt,97421,1200.0,1440.0,240.0,,124.0,3.0,1954.0,first_time_use_after_refurbishment,apartment,,floor_heating,7.87,False,True,True,True,False,True,Feb20
113820303,Bayern,München,Hadern,81375,990.0,1160.0,170.0,,63.0,2.0,1984.0,fully_renovated,apartment,,,5.41,False,True,True,True,False,False,Oct19
113381849,Bayern,Nürnberg,Maxfeld,90409,1190.0,,230.0,,103.0,2.5,1995.0,well_kept,penthouse,,central_heating,4.79,False,True,True,False,False,True,Oct19
107303433,Sachsen,Leipzig_Kreis,Brandis,4821,580.0,730.0,150.0,,78.07,3.0,1910.0,well_kept,roof_storey,,central_heating,4.69,False,True,False,True,True,False,Sep18
106852584,Mecklenburg_Vorpommern,Neubrandenburg,Stadtgebiet_Ost,17036,214.0,323.0,109.0,55.0,36.59,1.0,1978.0,well_kept,apartment,,district_heating,0.0,False,True,True,False,False,False,Sep18
104267685,Sachsen_Anhalt,Saalekreis,Querfurt,6268,190.0,340.0,150.0,,45.0,2.0,1900.0,,ground_floor,,central_heating,1.92,False,False,False,False,False,False,May19
106364126,Sachsen,Chemnitz,Kappel,9119,265.0,419.0,63.0,91.0,55.19,2.0,1921.0,,,D,central_heating,0.0,False,False,False,False,True,False,May19
111264616,Mecklenburg_Vorpommern,Rostock,Hansaviertel,18057,680.0,,120.0,,72.96,3.0,1935.0,,,,,4.36,False,False,False,True,True,False,May19
111161544,Bayern,Nürnberg,Guntherstraße,90461,650.0,770.0,120.0,,80.0,3.0,1955.0,well_kept,apartment,,self_contained_central_heating,4.44,False,True,False,False,False,False,May19
88746542,Schleswig_Holstein,Kiel,Wik,24106,688.0,818.0,130.0,,73.21,3.5,1965.0,well_kept,apartment,NO_INFORMATION,district_heating,5.06,False,True,False,True,False,True,Oct19
105891195,Mecklenburg_Vorpommern,Nordvorpommern_Kreis,Barth,18356,155.0,155.0,,,27.56,1.0,1976.0,need_of_renovation,apartment,,,0.0,False,False,False,True,False,False,Sep18
109516844,Sachsen,Meißen_Kreis,Meißen,1662,240.0,330.0,90.0,,37.4,1.5,1920.0,refurbished,roof_storey,,central_heating,1.72,False,False,False,True,True,False,May19
112314987,Nordrhein_Westfalen,Wuppertal,Langerfeld_Beyenburg,42389,455.0,615.0,160.0,,70.0,3.0,,first_time_use_after_refurbishment,apartment,,self_contained_central_heating,2.71,False,True,False,True,False,False,Oct19
110604014,Rheinland_Pfalz,Mayen_Koblenz_Kreis,Vallendar,56179,415.0,475.0,60.0,,27.0,1.0,,,other,,gas_heating,5.06,False,False,False,False,False,True,Feb20
86056293,Sachsen,Leipzig,Zentrum_West,4109,440.0,620.0,90.0,90.0,74.0,3.0,1920.0,mint_condition,apartment,,central_heating,6.25,False,False,False,True,False,True,Oct19
114339090,Hessen,Frankfurt_am_Main,Bornheim,60385,950.0,950.0,0.0,,30.0,1.0,1998.0,,,,,5.32,False,False,False,False,False,False,Feb20
113818984,Nordrhein_Westfalen,Oberbergischer_Kreis,Gummersbach,51645,600.0,770.0,170.0,,78.0,3.0,1950.0,negotiable,apartment,,central_heating,3.52,False,True,False,True,False,False,Oct19
107869309,Brandenburg,Brandenburg_an_der_Havel,Neustadt,14776,310.0,400.0,45.0,45.0,41.0,1.0,1929.0,mint_condition,other,,gas_heating,4.84,False,False,False,False,False,False,May19
103771426,Sachsen,Chemnitz,Gablenz,9126,380.0,540.0,160.0,,67.86,3.0,1995.0,well_kept,ground_floor,,central_heating,0.0,False,True,False,True,True,True,May19
113831382,Niedersachsen,Osnabrück,Fledder,49084,500.0,,120.0,,73.0,3.0,,well_kept,apartment,,,4.79,False,True,False,True,False,False,Oct19
110583060,Baden_Württemberg,Main_Tauber_Kreis,Freudenberg,97896,650.0,750.0,30.0,70.0,120.0,3.0,,first_time_use_after_refurbishment,roof_storey,,central_heating,2.31,False,False,False,True,True,True,May19
110943312,Berlin,Berlin,Spandau_Spandau,13585,425.0,550.0,45.0,80.0,45.0,1.0,1910.0,first_time_use_after_refurbishment,apartment,NO_INFORMATION,electric_heating,8.6,False,False,False,True,False,False,May19
103284156,Mecklenburg_Vorpommern,Uecker_Randow_Kreis,Strasburg_Uckermark,17335,210.0,380.0,100.0,70.0,56.0,2.0,1995.0,,,,central_heating,1.01,False,False,True,False,False,False,Oct19
113930064,Brandenburg,Havelland_Kreis,Gollenberg,14728,300.0,470.0,70.0,100.0,68.94,2.0,1840.0,fully_renovated,ground_floor,,central_heating,,False,False,False,False,False,False,Feb20
107342618,Saarland,Stadtverband_Saarbrücken_Kreis,Saarbrücken,66121,556.0,696.0,140.0,,82.48,3.0,1960.0,,apartment,,,2.99,False,False,False,False,False,False,Sep18
113661585,Niedersachsen,Hameln_Pyrmont_Kreis,Hessisch_Oldendorf,31840,750.0,950.0,200.0,,150.0,3.0,,modernized,apartment,,gas_heating,2.22,False,False,False,True,True,False,Oct19
106859157,Sachsen_Anhalt,Magdeburg,Neue_Neustadt,39124,185.0,275.0,90.0,,36.52,1.0,1988.0,well_kept,apartment,,district_heating,3.33,False,True,False,True,False,False,Sep18
109620625,Baden_Württemberg,Heilbronn_Kreis,Flein,74223,944.0,,,,79.34,2.0,2019.0,first_time_use,apartment,,,7.76,True,True,True,False,False,True,May19
113199385,Sachsen,Dresden,Pieschen_Nord/Trachenberge,1129,475.0,640.0,165.0,,73.28,3.0,,fully_renovated,apartment,,central_heating,2.21,False,True,False,True,False,False,Oct19
113749685,Bayern,Pfaffenhofen_an_der_Ilm_Kreis,Baar_Ebenhausen,85107,700.0,860.0,160.0,,61.0,2.0,2019.0,first_time_use,,C,central_heating,2.85,True,True,True,True,False,True,Oct19
113222923,Sachsen,Sächsische_Schweiz_Osterzgebirge_Kreis,Sebnitz,1855,180.0,265.0,45.0,40.0,31.4,2.0,1977.0,,roof_storey,,central_heating,0.0,False,True,False,True,True,False,Feb20
115582222,Hessen,Wetteraukreis,Rosbach_vor_der_Höhe,61191,990.0,1255.0,265.0,,82.96,3.0,2019.0,first_time_use,apartment,B,floor_heating,4.26,True,True,True,True,False,False,Feb20
113775331,Thüringen,Jena,Süd,7745,1035.0,1135.0,100.0,,115.0,4.0,1910.0,well_kept,apartment,D,self_contained_central_heating,3.81,False,False,False,False,False,False,Oct19
113574984,Sachsen,Plauen,Chrieschwitz,8529,276.0,459.0,86.0,97.0,69.0,4.0,1981.0,mint_condition,ground_floor,,,-0.23,False,True,False,True,False,False,Oct19
113791877,Rheinland_Pfalz,Ludwigshafen_am_Rhein,Maudach,67065,690.0,690.0,120.0,,74.42,3.0,1994.0,negotiable,apartment,,central_heating,2.69,False,True,False,True,False,True,Oct19
110557140,Hessen,Frankfurt_am_Main,Westend_Süd,60486,940.0,1060.0,,,57.0,2.0,1978.0,,apartment,,,5.1,False,False,False,False,False,False,May19
107497933,Sachsen_Anhalt,Dessau_Roßlau,Innerstädtischer_Bereich_Süd,6842,290.0,502.0,212.0,,70.0,3.0,1987.0,fully_renovated,apartment,D,central_heating,1.23,False,True,False,True,False,False,May19
112516717,Bayern,München,Maxvorstadt,80799,900.0,970.0,35.0,35.0,30.0,1.0,1960.0,,apartment,,,5.85,False,True,False,True,False,True,Oct19
106896040,Bayern,München_Kreis,Unterschleißheim,85716,1600.0,1830.0,180.0,,119.0,4.5,1972.0,well_kept,ground_floor,D,,6.5,False,True,False,True,True,True,Sep18
114935227,Niedersachsen,Hannover,Kirchrode,30559,630.0,,140.0,,70.0,3.0,1956.0,fully_renovated,roof_storey,,self_contained_central_heating,2.97,False,False,False,True,False,False,Feb20
113556020,Nordrhein_Westfalen,Bonn,Graurheindorf,53117,1411.86,1743.34,331.48,,122.77,4.0,2019.0,first_time_use,roof_storey,NO_INFORMATION,floor_heating,2.99,True,True,True,True,False,False,Oct19
115565458,Brandenburg,Cottbus,Stadtmitte,3046,298.0,451.0,,,53.0,1.0,,,apartment,,,-0.31,False,True,False,True,False,False,Feb20
115689824,Hessen,Frankfurt_am_Main,Gallusviertel,60327,305.0,,100.0,,21.65,1.0,,,,,central_heating,5.73,False,True,False,True,False,True,Feb20
110744980,Nordrhein_Westfalen,Duisburg,Neudorf_Nord,47057,315.0,448.0,96.0,37.0,43.38,2.5,1955.0,,apartment,E,central_heating,3.08,False,True,False,True,False,False,May19
108836061,Sachsen,Chemnitz,Hilbersdorf,9131,199.0,284.0,85.0,,38.58,2.0,,fully_renovated,apartment,,central_heating,0.0,False,False,False,True,True,False,May19
105706076,Nordrhein_Westfalen,Essen,Stoppenberg,45141,495.0,715.0,120.0,100.0,67.12,2.0,1994.0,modernized,roof_storey,,floor_heating,4.62,False,False,False,True,False,False,Sep18
79141532,Nordrhein_Westfalen,Herne,Wanne_Süd,44652,370.0,530.0,140.0,,64.65,2.5,1910.0,well_kept,apartment,,central_heating,3.45,False,True,False,True,False,True,Sep18
101417428,Sachsen,Görlitz,Innenstadt,2826,450.0,630.0,180.0,,80.29,3.0,,,apartment,,central_heating,2.33,False,True,False,True,False,False,Feb20
109770635,Sachsen,Leipzig,Reudnitz_Thonberg,4317,280.0,395.0,115.0,,19.0,1.0,2018.0,first_time_use,,,floor_heating,4.23,False,True,True,False,True,False,Feb20
114358549,Hessen,Frankfurt_am_Main,Gallusviertel,60326,1697.0,2090.0,296.0,,118.58,4.0,2011.0,well_kept,apartment,B,central_heating,5.57,False,True,True,True,False,True,Feb20
113373437,Sachsen_Anhalt,Magdeburg,Westerhüsen,39122,378.0,502.0,124.0,,68.74,2.0,1996.0,negotiable,other,,central_heating,0.65,False,True,False,True,False,False,Oct19
110535182,Sachsen,Erzgebirgskreis,Oelsnitz/Erzgebirge,9376,938.0,1239.0,301.0,,140.0,5.0,2019.0,first_time_use,maisonette,,central_heating,2.17,True,True,False,True,False,False,May19
104349070,Sachsen_Anhalt,Halle_Saale,Silberhöhe,6132,252.0,372.0,50.0,70.0,56.03,3.0,1984.0,,,,,4.08,False,True,False,True,False,False,Sep18
110302923,Nordrhein_Westfalen,Rheinisch_Bergischer_Kreis,Bergisch_Gladbach,51429,749.0,,225.0,,74.9,2.0,1971.0,,roof_storey,,central_heating,4.28,False,True,False,True,False,False,May19
113554336,Nordrhein_Westfalen,Dortmund,Oestrich,44357,519.0,701.0,118.0,64.0,68.54,3.0,1959.0,,apartment,,central_heating,4.02,False,True,False,True,False,False,Oct19
106248545,Sachsen,Leipzig_Kreis,Borna,4552,224.0,325.0,45.5,55.5,45.66,2.0,,,,,,3.57,False,False,False,True,False,True,May19
70896484,Nordrhein_Westfalen,Aachen,Adalbertsteinweg,52070,755.0,835.0,80.0,,70.0,3.0,1996.0,modernized,apartment,C,district_heating,2.94,False,True,False,True,False,False,Feb20
105346647,Niedersachsen,Göttingen_Kreis,Göttingen,37073,370.0,520.0,150.0,,34.09,1.0,1974.0,fully_renovated,apartment,,central_heating,4.88,False,True,True,False,False,True,May19
112913834,Sachsen_Anhalt,Halle_Saale,Altstadt,6108,1020.0,1224.0,204.0,,102.0,3.0,,,apartment,,central_heating,2.76,False,False,False,False,False,False,Oct19
115631640,Mecklenburg_Vorpommern,Güstrow_Kreis,Güstrow,18273,350.0,440.0,30.0,60.0,45.0,2.0,2016.0,well_kept,roof_storey,NO_INFORMATION,central_heating,3.78,False,False,False,True,True,False,Feb20
110682183,Berlin,Berlin,Pankow_Pankow,13189,838.77,1108.77,140.0,130.0,89.9,3.0,1997.0,,apartment,B,floor_heating,8.42,False,True,True,True,False,False,May19
89472204,Nordrhein_Westfalen,Düren_Kreis,Düren,52349,384.0,479.0,95.0,,61.0,2.0,1962.0,well_kept,apartment,,gas_heating,,False,True,False,True,True,False,May19
111124519,Nordrhein_Westfalen,Wuppertal,Barmen,42281,230.0,290.0,60.0,,28.0,1.0,,modernized,apartment,,central_heating,3.21,False,False,False,True,False,True,May19
99462197,Sachsen,Leipzig,Zentrum_Nordwest,4105,1188.0,1450.0,220.0,,125.0,3.0,2016.0,mint_condition,terraced_flat,,floor_heating,5.22,False,True,True,True,True,True,Sep18
115395645,Bayern,Ingolstadt,Mailing,85055,600.0,,200.0,,70.0,3.0,1933.0,,other,H,oil_heating,1.9,False,False,False,False,False,False,Feb20
98706577,Sachsen,Zwickau_Kreis,Wilkau_Haßlau,8112,295.0,450.0,155.0,,63.0,2.0,,fully_renovated,roof_storey,,gas_heating,0.73,False,False,False,True,False,False,Feb20
113293791,Sachsen,Mittelsachsen_Kreis,Freiberg,9599,240.0,,55.0,65.0,47.0,2.0,1962.0,,apartment,C,district_heating,1.18,False,False,False,True,False,False,Oct19
105812438,Sachsen,Mittelsachsen_Kreis,Freiberg,9599,320.0,,78.0,110.0,79.61,3.0,1890.0,,apartment,D,,1.69,False,False,False,True,False,False,Sep18
110741452,Sachsen,Chemnitz,Hilbersdorf,9131,120.0,195.0,75.0,,34.6,1.0,1935.0,well_kept,apartment,,central_heating,0.0,False,False,False,True,True,False,May19
111205306,Sachsen,Dresden,Äußere_Neustadt_Antonstadt,1099,280.0,390.0,110.0,,31.6,1.0,,well_kept,roof_storey,,district_heating,2.83,False,False,False,False,False,False,May19
115334905,Sachsen,Leipzig,Altlindenau,4177,1000.0,1220.0,220.0,,136.0,4.0,,fully_renovated,apartment,,central_heating,4.49,False,False,False,True,False,True,Feb20
109810262,Sachsen_Anhalt,Mansfeld_Südharz_Kreis,Sangerhausen,6526,260.0,,60.0,50.0,51.0,2.0,1965.0,,apartment,C,district_heating,1.79,False,True,False,True,False,False,May19
98829513,Hessen,Hochtaunuskreis,Oberursel_Taunus,61440,1300.0,1550.0,250.0,,101.0,3.0,2015.0,mint_condition,ground_floor,,central_heating,5.0,False,True,False,True,True,False,May19
115690003,Sachsen_Anhalt,Halle_Saale,Heide_Nord/Blumenau,6120,151.0,227.0,76.0,,29.34,1.0,,,raised_ground_floor,,district_heating,3.61,False,False,True,True,False,True,Feb20
67201779,Hessen,Wetteraukreis,Friedberg_Hessen,61169,995.0,,70.0,,115.0,3.0,1995.0,well_kept,roof_storey,,self_contained_central_heating,4.37,False,True,False,True,False,True,Oct19
55056498,Nordrhein_Westfalen,Hochsauerlandkreis,Arnsberg,59755,1140.0,,265.0,,176.0,5.0,2007.0,,penthouse,,,3.45,False,True,True,False,False,False,Feb20
104433822,Sachsen_Anhalt,Saalekreis,Merseburg,6217,315.0,455.0,75.0,65.0,58.5,3.0,1965.0,,,,,1.85,False,True,False,True,False,False,Sep18
100718842,Nordrhein_Westfalen,Gütersloh_Kreis,Rheda_Wiedenbrück,33378,456.0,621.0,165.0,,76.0,3.0,1953.0,well_kept,maisonette,F,central_heating,4.55,False,True,False,False,False,False,Sep18
114531805,Sachsen,Plauen,Reißiger_Vorstadt,8525,350.0,,100.0,,91.0,4.0,,fully_renovated,apartment,,self_contained_central_heating,1.67,False,False,False,False,False,False,Feb20
113592904,Niedersachsen,Osnabrück_Kreis,Bad_Rothenfelde,49214,500.0,650.0,150.0,,69.0,3.0,1992.0,well_kept,roof_storey,C,central_heating,4.33,False,True,True,False,False,True,Oct19
113571728,Sachsen,Leipzig,Zentrum_West,4109,1064.0,1334.0,130.0,140.0,140.0,5.0,1871.0,well_kept,apartment,,central_heating,4.77,False,True,False,True,False,False,Oct19
66808069,Nordrhein_Westfalen,Bottrop,Süd_West,46236,440.0,630.0,190.0,,68.0,4.0,1897.0,modernized,roof_storey,E,central_heating,1.61,False,False,False,False,False,False,Oct19
115174296,Nordrhein_Westfalen,Heinsberg_Kreis,Selfkant,52538,600.0,,100.0,,100.0,3.0,1958.0,well_kept,ground_floor,,oil_heating,3.23,False,True,False,True,True,True,Feb20
106894369,Sachsen,Plauen,Reißiger_Vorstadt,8525,196.6,280.6,84.0,,41.85,2.0,1960.0,refurbished,apartment,,central_heating,2.13,False,False,False,True,False,False,Sep18
111265994,Bayern,Fürth_Kreis,Cadolzburg,90556,880.0,1250.0,340.0,,80.0,2.0,2017.0,mint_condition,other,,central_heating,4.52,False,True,False,False,False,False,May19
109833382,Nordrhein_Westfalen,Solingen,Wald,42719,550.0,750.0,200.0,,81.0,3.0,1962.0,well_kept,roof_storey,,central_heating,2.88,False,False,False,True,False,False,May19
112600365,Nordrhein_Westfalen,Soest_Kreis,Werl,59457,535.0,725.0,190.0,,69.0,2.5,1995.0,fully_renovated,apartment,B,central_heating,2.29,False,False,False,False,False,True,Feb20
106051178,Baden_Württemberg,Waldshut_Kreis,Stühlingen,79780,480.0,,120.0,,75.0,3.0,1903.0,modernized,apartment,C,central_heating,2.86,False,False,False,False,False,False,Sep18
115702530,Nordrhein_Westfalen,Bochum,Altenbochum,44803,425.0,,119.0,60.0,59.29,3.0,1956.0,,apartment,,,4.66,False,True,False,True,False,False,Feb20
112216703,Niedersachsen,Salzgitter,Bad,38259,355.0,,200.0,,77.0,3.0,,need_of_renovation,raised_ground_floor,,district_heating,1.19,False,False,False,True,False,False,Oct19
64771820,Bayern,Kitzingen_Kreis,Marktsteft,97342,490.0,635.0,145.0,,60.53,2.0,2012.0,mint_condition,apartment,,wood_pellet_heating,4.92,False,True,True,True,False,True,Sep18
110140211,Sachsen,Leipzig,Paunsdorf,4329,282.74,438.74,81.12,74.88,62.4,3.0,1989.0,,,,central_heating,4.02,False,True,False,False,False,False,May19
114650816,Sachsen,Leipzig,Kleinzschocher,4229,330.0,440.0,110.0,,48.91,2.0,,fully_renovated,roof_storey,E,central_heating,3.49,False,False,False,False,False,False,Feb20
113319284,Baden_Württemberg,Heilbronn,Heilbronner_Kernstadt,74074,1350.0,,200.0,,100.0,3.0,1998.0,mint_condition,,,central_heating,7.21,False,True,False,True,True,True,Oct19
113673817,Baden_Württemberg,Esslingen_Kreis,Filderstadt,70794,450.0,450.0,0.0,,30.0,1.0,2003.0,well_kept,other,,,4.56,False,False,False,False,False,False,Oct19
109899651,Hessen,Schwalm_Eder_Kreis,Homberg_Efze,34576,865.0,1115.0,250.0,,133.1,5.0,1977.0,first_time_use_after_refurbishment,ground_floor,,heat_pump,2.26,False,True,False,True,True,False,May19
111217600,Nordrhein_Westfalen,Mettmann_Kreis,Haan,42781,1050.0,,330.0,,110.5,4.0,2001.0,well_kept,maisonette,,central_heating,3.71,False,True,True,False,False,False,May19
107379445,Berlin,Berlin,Charlottenburg_Charlottenburg,10625,780.0,946.0,166.0,,51.98,2.0,1972.0,,apartment,,central_heating,8.74,False,False,True,False,False,True,Sep18
94775666,Nordrhein_Westfalen,Düsseldorf,Unterrath,40468,1994.0,2381.0,387.0,,156.0,3.0,2017.0,first_time_use,terraced_flat,B,gas_heating,4.8,False,True,False,True,True,True,May19
111372818,Sachsen,Leipzig,Großzschocher,4249,328.0,441.0,113.0,,46.05,2.0,,,apartment,,central_heating,4.06,False,False,False,True,True,False,May19
115539222,Rheinland_Pfalz,Bad_Kreuznach_Kreis,Bad_Kreuznach,55543,913.0,1082.0,169.0,,93.62,3.0,2020.0,first_time_use,apartment,,heat_pump,5.25,True,True,True,True,False,True,Feb20
108752143,Nordrhein_Westfalen,Märkischer_Kreis,Menden_Sauerland,58706,515.0,625.0,110.0,,70.0,2.0,1993.0,well_kept,roof_storey,NO_INFORMATION,central_heating,2.28,False,True,False,True,False,True,Feb20
113873594,Sachsen,Dresden,Innere_Altstadt,1067,499.0,668.0,169.0,,60.49,2.0,1963.0,refurbished,,,central_heating,2.11,False,True,True,False,False,True,Oct19
113860676,Nordrhein_Westfalen,Ennepe_Ruhr_Kreis,Hattingen,45525,880.0,,220.0,,88.0,3.5,2019.0,first_time_use,apartment,,floor_heating,2.21,True,True,True,True,False,False,Oct19
107176269,Nordrhein_Westfalen,Paderborn_Kreis,Paderborn,33098,1300.0,1500.0,200.0,,134.0,2.5,2018.0,mint_condition,loft,,gas_heating,3.28,True,True,True,True,False,False,Oct19
112795636,Sachsen,Leipzig,Zentrum_West,4109,850.0,,195.0,,77.09,2.0,,,apartment,,floor_heating,4.77,False,True,False,False,False,False,Oct19
115466727,Nordrhein_Westfalen,Unna_Kreis,Lünen,44536,280.0,365.0,85.0,,47.0,3.0,,,,,self_contained_central_heating,3.51,False,False,False,True,False,False,Feb20
114391579,Sachsen_Anhalt,Dessau_Roßlau,Alten,6847,400.0,550.0,150.0,,67.0,2.0,1997.0,first_time_use_after_refurbishment,roof_storey,,gas_heating,0.72,False,True,False,True,False,False,Feb20
87450576,Sachsen,Meißen_Kreis,Meißen,1662,280.0,420.0,140.0,,55.0,2.5,1880.0,well_kept,roof_storey,,central_heating,0.0,False,False,False,False,False,False,Sep18
86834782,Sachsen,Leipzig,Gohlis_Nord,4157,330.0,,55.0,55.0,53.66,3.0,1939.0,well_kept,apartment,,,4.92,False,False,False,True,False,False,May19
111130698,Brandenburg,Uckermark_Kreis,Angermünde,16278,289.0,389.0,100.0,,37.2,1.0,1996.0,fully_renovated,apartment,,central_heating,2.76,False,False,False,False,False,False,May19
106657142,Bremen,Bremerhaven,Mitte,27568,260.0,350.0,90.0,,66.0,2.0,1961.0,well_kept,roof_storey,,self_contained_central_heating,3.45,False,False,False,False,False,False,Oct19
113328399,Nordrhein_Westfalen,Düsseldorf,Hamm,40221,830.0,1025.0,160.0,35.0,73.2,1.5,2008.0,well_kept,maisonette,,central_heating,4.28,False,True,False,True,False,False,Oct19
115494903,Nordrhein_Westfalen,Recklinghausen_Kreis,Haltern_am_See,45721,400.0,505.0,105.0,,34.0,1.0,1961.0,,ground_floor,,central_heating,3.34,False,False,False,False,False,False,Feb20
113829772,Mecklenburg_Vorpommern,Neubrandenburg,Lindenbergviertel,17033,422.0,,95.0,75.0,61.21,2.0,1995.0,,apartment,,district_heating,-0.76,False,True,False,False,False,False,Oct19
81881666,Sachsen_Anhalt,Harz_Kreis,Halberstadt,38820,200.0,330.0,130.0,,59.02,3.0,1905.0,well_kept,,,central_heating,0.0,False,False,False,True,False,False,May19
103439532,Sachsen,Sächsische_Schweiz_Osterzgebirge_Kreis,Schmiedeberg,1744,285.0,350.0,65.0,,60.0,2.0,,fully_renovated,,,night_storage_heater,0.0,False,False,False,False,False,False,Sep18
115495466,Hessen,Main_Kinzig_Kreis,Nidderau,61130,440.0,560.0,120.0,,45.0,2.0,2004.0,well_kept,other,,,4.0,False,False,False,False,True,True,Feb20
115455818,Nordrhein_Westfalen,Hagen,Mittelstadt,58093,350.0,500.0,100.0,50.0,55.0,2.0,1967.0,fully_renovated,apartment,,self_contained_central_heating,2.0,False,True,False,False,False,False,Feb20
103355907,Nordrhein_Westfalen,Märkischer_Kreis,Lüdenscheid,58511,400.0,590.0,190.0,,60.0,2.0,1971.0,well_kept,roof_storey,,central_heating,3.23,False,False,False,True,False,False,Sep18
111425210,Bayern,Erlangen,Frauenaurach,91056,380.0,425.0,45.0,,32.0,2.0,,well_kept,half_basement,,central_heating,4.27,False,False,False,False,False,True,May19
111420502,Bremen,Bremen,Blockdiek,28327,600.0,800.0,200.0,,71.0,3.0,1963.0,refurbished,apartment,,district_heating,4.15,False,True,False,True,False,True,May19
111295464,Berlin,Berlin,Altglienicke_Treptow,12524,673.39,,101.1,53.92,67.4,2.0,2019.0,well_kept,ground_floor,B,district_heating,7.76,True,True,False,True,False,False,May19
109542265,Sachsen,Leipzig,Gohlis_Süd,4105,871.0,1070.0,199.0,104.0,116.22,4.0,,first_time_use_after_refurbishment,raised_ground_floor,,,4.29,False,True,True,False,True,False,May19
113805411,Sachsen,Mittelsachsen_Kreis,Freiberg,9599,580.0,700.0,120.0,,95.0,4.0,1910.0,first_time_use_after_refurbishment,apartment,,central_heating,1.18,False,False,False,True,True,True,Oct19
107355606,Sachsen,Chemnitz,Altendorf,9116,296.0,,52.0,50.0,52.0,2.0,1923.0,,other,,district_heating,0.0,False,True,False,False,False,False,Sep18
111270008,Hessen,Main_Kinzig_Kreis,Hanau,63457,922.0,1172.0,250.0,,97.0,3.0,,,roof_storey,,self_contained_central_heating,4.96,False,True,True,True,False,True,May19
71803894,Nordrhein_Westfalen,Mönchengladbach,Westend,41061,370.0,,80.0,,45.0,1.5,,fully_renovated,roof_storey,,self_contained_central_heating,3.33,False,False,False,True,False,True,Feb20
111206305,Sachsen,Dresden,Johannstadt_Nord,1307,1139.0,,214.0,,85.1,3.0,2018.0,first_time_use,roof_storey,,,2.76,True,True,True,True,True,True,Oct19
113116540,Sachsen,Leipzig,Altlindenau,4177,380.0,510.0,130.0,,56.75,2.0,1910.0,,apartment,,central_heating,4.67,False,False,False,False,False,False,Oct19
111324720,Sachsen_Anhalt,Börde_Kreis,Hermsdorf,39326,400.0,555.0,130.0,,62.14,2.5,1998.0,first_time_use_after_refurbishment,apartment,,central_heating,1.93,False,True,False,False,False,False,May19
113015941,Sachsen_Anhalt,Saalekreis,Bad_Dürrenberg,6231,345.0,435.0,90.0,,64.63,3.0,1955.0,well_kept,ground_floor,,gas_heating,0.54,False,False,False,False,True,False,Oct19
111834399,Nordrhein_Westfalen,Oberhausen,Altstadt_Mitte,46045,349.0,453.0,130.0,90.0,57.93,2.0,1912.0,well_kept,apartment,,central_heating,2.42,False,False,False,True,False,False,Oct19
113909948,Thüringen,Gera,Debschwitz,7548,330.0,455.0,125.0,,52.0,2.0,1999.0,fully_renovated,raised_ground_floor,,gas_heating,2.0,False,True,True,True,False,False,Feb20
105770427,Nordrhein_Westfalen,Düsseldorf,Ludenberg,40629,4422.0,5172.0,750.0,150.0,317.0,5.0,1969.0,modernized,loft,,central_heating,4.21,False,True,False,True,False,True,Sep18
113834912,Hessen,Kassel,Nord_Holland,34127,470.0,625.0,155.0,,50.0,2.0,,,apartment,,district_heating,3.17,False,True,True,False,False,True,Oct19
115630957,Nordrhein_Westfalen,Hagen,Haspe,58135,360.0,500.0,140.0,,65.0,3.0,,fully_renovated,apartment,,central_heating,2.24,False,True,False,False,False,False,Feb20
113001898,Nordrhein_Westfalen,Mönchengladbach,Waldhausen,41068,920.0,1200.0,280.0,,109.0,2.0,1982.0,fully_renovated,maisonette,,gas_heating,3.1,False,True,False,True,False,True,Oct19
89886972,Berlin,Berlin,Schmargendorf_Wilmersdorf,14199,612.0,779.0,167.0,,40.8,2.0,1972.0,first_time_use,apartment,F,central_heating,6.52,False,False,True,False,False,False,Sep18
111312957,Nordrhein_Westfalen,Rhein_Sieg_Kreis,Neunkirchen_Seelscheid,53819,430.0,550.0,120.0,,54.0,2.0,,fully_renovated,apartment,,central_heating,4.52,False,True,False,False,False,True,May19
109719918,Nordrhein_Westfalen,Mülheim_an_der_Ruhr,Eppinghofen,45468,399.0,,95.0,65.0,61.0,2.0,1920.0,fully_renovated,roof_storey,,central_heating,2.86,False,False,False,True,False,False,May19
110758905,Berlin,Berlin,Weißensee_Weißensee,13086,1695.0,2000.81,305.81,,120.0,4.0,,,apartment,,floor_heating,9.78,False,True,True,True,False,True,May19
115691913,Bayern,München,Aubing,81249,1900.0,,,,109.0,5.0,1950.0,,ground_floor,B,,4.85,False,True,False,True,False,False,Feb20
113806217,Sachsen,Leipzig,Stötteritz,4299,442.0,598.0,156.0,,68.0,2.0,1998.0,well_kept,apartment,,central_heating,4.32,False,True,True,True,False,False,Oct19
106439768,Brandenburg,Oberhavel_Kreis,Velten,16727,400.0,570.0,70.0,100.0,42.02,1.0,1995.0,well_kept,ground_floor,,central_heating,7.04,False,True,False,True,False,False,Sep18
110125843,Sachsen,Bautzen_Kreis,Bautzen,2625,256.0,375.0,69.0,50.0,47.4,2.0,1976.0,refurbished,apartment,C,district_heating,1.93,False,True,True,False,False,False,Oct19
115633020,Sachsen_Anhalt,Wittenberg_Kreis,Globig_Bleddin,6901,228.15,375.99,70.98,65.91,50.7,2.0,1975.0,refurbished,ground_floor,NO_INFORMATION,central_heating,0.37,False,False,False,True,True,False,Feb20
115118426,Sachsen,Meißen_Kreis,Radebeul,1445,480.0,630.0,150.0,,67.66,2.0,1929.0,refurbished,apartment,C,central_heating,2.49,False,True,False,True,True,False,Feb20
113321842,Thüringen,Unstrut_Hainich_Kreis,Bad_Langensalza,99947,502.7,590.0,87.3,,91.4,4.0,1989.0,modernized,apartment,,self_contained_central_heating,2.81,False,False,False,True,True,False,Oct19
110754499,Sachsen_Anhalt,Magdeburg,Neue_Neustadt,39124,255.88,385.88,65.0,65.0,63.97,3.0,1987.0,,other,,,3.33,False,True,False,False,False,False,May19
115589801,Nordrhein_Westfalen,Bochum,Weitmar_Mitte,44795,485.0,635.0,107.0,43.0,53.84,2.0,1956.0,,ground_floor,,central_heating,4.8,False,True,False,True,False,False,Feb20
113496956,Sachsen,Leipzig,Sellerhausen_Stünz,4318,493.39,627.3,70.48,63.43,70.48,4.0,1963.0,refurbished,apartment,C,central_heating,3.82,False,True,False,False,False,False,Oct19
110768530,Nordrhein_Westfalen,Bottrop,Kirchhellen_Mitte,46244,407.75,559.75,122.0,30.0,81.55,3.0,1981.0,well_kept,apartment,,central_heating,6.06,False,True,False,True,True,True,May19
93744054,Sachsen,Leipzig,Zentrum_Ost,4103,640.0,640.0,0.0,,38.0,1.0,1997.0,,,C,,5.41,False,False,True,False,False,True,Feb20
73829532,Sachsen,Zwickau,Marienthal_Ost,8060,280.0,398.0,118.0,,57.29,2.0,1886.0,refurbished,roof_storey,,central_heating,0.0,False,False,False,True,False,False,Sep18
106924742,Baden_Württemberg,Schwarzwald_Baar_Kreis,Villingen_Schwenningen,78048,350.0,440.0,90.0,,31.0,1.5,,modernized,ground_floor,,central_heating,4.11,False,False,True,True,False,True,Sep18
113345302,Nordrhein_Westfalen,Essen,Kray,45307,387.0,472.0,85.0,,65.0,2.5,,,apartment,,self_contained_central_heating,3.07,False,True,False,False,False,False,Oct19
103593421,Nordrhein_Westfalen,Aachen_Kreis,Herzogenrath,52134,465.0,645.0,90.0,90.0,72.0,2.0,1966.0,well_kept,roof_storey,,central_heating,2.42,False,False,False,False,True,False,May19
115141470,Sachsen_Anhalt,Halle_Saale,Südstadt,6130,367.0,513.0,146.0,76.0,58.15,3.0,1972.0,,apartment,,district_heating,2.13,False,True,True,False,False,False,Feb20
111891229,Mecklenburg_Vorpommern,Schwerin,Mueß,19063,330.0,450.0,120.0,,40.0,2.0,,,apartment,,central_heating,,False,True,False,True,False,True,Oct19
113368774,Baden_Württemberg,Tübingen_Kreis,Rottenburg_am_Neckar,72108,1400.0,1600.0,200.0,,136.0,4.0,2019.0,first_time_use,other,,,3.43,True,True,True,True,False,True,Oct19
113783904,Nordrhein_Westfalen,Düren_Kreis,Düren,52351,858.0,1125.0,219.0,48.0,95.25,3.0,2019.0,first_time_use,ground_floor,,heat_pump,3.61,True,True,True,True,False,False,Feb20
81179445,Nordrhein_Westfalen,Mönchengladbach,Waldhausen,41061,495.0,695.0,200.0,,70.4,2.0,,modernized,terraced_flat,,central_heating,3.15,False,True,False,True,False,False,May19
114024893,Berlin,Berlin,Neukölln_Neukölln,12051,1940.0,2357.0,417.0,,108.0,3.0,1887.0,,apartment,,central_heating,9.65,False,True,False,True,False,True,Feb20
106920878,Berlin,Berlin,Mitte_Mitte,10119,950.0,1300.0,350.0,,40.0,1.0,,fully_renovated,apartment,,,8.7,False,True,True,True,False,True,Sep18
111206607,Thüringen,Gotha_Kreis,Gotha,99867,250.0,,122.0,,51.0,3.0,1977.0,refurbished,,,district_heating,4.29,False,True,False,True,False,False,May19
115690266,Nordrhein_Westfalen,Ennepe_Ruhr_Kreis,Witten,58453,400.0,,150.0,,72.0,3.5,,,roof_storey,,central_heating,2.91,False,False,False,False,False,False,Feb20
105189904,Brandenburg,Ostprignitz_Ruppin_Kreis,Rheinsberg,16831,346.0,499.0,67.0,86.0,59.0,3.0,1963.0,fully_renovated,apartment,C,district_heating,3.45,False,True,False,True,False,False,May19
105300396,Nordrhein_Westfalen,Oberhausen,Alsfeld,46145,457.0,657.0,200.0,,72.0,3.5,1989.0,,,,central_heating,3.08,False,False,False,True,False,False,Sep18
63101783,Nordrhein_Westfalen,Hagen,Wehringhausen,58089,395.0,495.0,100.0,,53.0,1.0,1925.0,well_kept,apartment,,central_heating,3.64,False,False,False,True,False,True,May19
113584243,Sachsen_Anhalt,Magdeburg,Sudenburg,39112,339.0,499.0,62.0,98.0,67.0,2.0,1890.0,fully_renovated,roof_storey,D,central_heating,1.66,False,False,False,False,False,True,Oct19
113134439,Hessen,Frankfurt_am_Main,Westend_Süd,60323,1580.0,1880.0,300.0,,89.0,3.5,1935.0,mint_condition,maisonette,,central_heating,4.48,False,True,False,True,False,True,Oct19
69004329,Bayern,Miltenberg_Kreis,Elsenfeld,63820,870.0,1000.0,80.0,50.0,106.0,4.0,2013.0,mint_condition,apartment,,central_heating,2.96,False,True,False,False,True,False,May19
113384909,Sachsen,Dresden,Gruna,1277,460.0,625.0,165.0,,66.11,2.0,,refurbished,,,central_heating,2.12,False,False,False,True,True,False,Oct19
90956594,Rheinland_Pfalz,Vulkaneifel_Kreis,Gillenfeld,54558,550.0,,0.0,50.0,67.0,3.0,1980.0,mint_condition,ground_floor,,electric_heating,3.85,False,True,False,False,True,True,Feb20
111223590,Sachsen,Sächsische_Schweiz_Osterzgebirge_Kreis,Freital,1705,257.0,350.0,93.0,,38.75,1.0,2002.0,mint_condition,apartment,C,central_heating,1.3,False,True,True,False,False,True,May19
113816769,Brandenburg,Barnim_Kreis,Joachimsthal,16247,800.0,950.0,,,98.0,2.0,1800.0,refurbished,,,central_heating,3.47,False,False,False,False,False,True,Oct19
115317319,Sachsen_Anhalt,Halle_Saale,Ortslage_Trotha,6118,313.0,434.0,121.0,63.0,48.15,2.0,1965.0,,apartment,,district_heating,1.83,False,True,False,False,False,False,Feb20
113814162,Nordrhein_Westfalen,Hagen,Mittelstadt,58095,329.0,,89.0,,59.0,2.5,1956.0,fully_renovated,apartment,,self_contained_central_heating,1.51,False,False,False,True,False,False,Oct19
111370997,Hessen,Kassel_Kreis,Hofgeismar,34369,350.0,525.0,175.0,85.0,62.72,3.0,1982.0,modernized,apartment,,central_heating,1.85,False,False,False,True,False,False,May19
109806621,Sachsen,Plauen,Haselbrunn,8525,220.41,320.37,99.96,,49.98,2.0,1994.0,,apartment,,,1.03,False,False,False,True,False,False,Oct19
112594832,Bayern,Altötting_Kreis,Neuötting,84524,672.0,840.0,168.0,,84.0,3.0,,refurbished,apartment,,,5.15,False,True,False,False,False,False,Oct19
115538204,Nordrhein_Westfalen,Recklinghausen_Kreis,Gladbeck,45968,383.94,577.94,144.0,50.0,77.88,3.5,1983.0,,apartment,,central_heating,3.34,False,True,False,True,True,False,Feb20
115615830,Hessen,Frankfurt_am_Main,Bergen_Enkheim,60388,1050.0,,250.0,,97.0,3.0,1967.0,well_kept,apartment,,central_heating,4.75,False,True,False,True,False,True,Feb20
87187629,Bayern,Rosenheim,West,83024,1100.0,,180.0,,102.0,4.0,1994.0,mint_condition,roof_storey,,central_heating,3.74,False,True,False,True,False,True,Oct19
110200208,Brandenburg,Oberhavel_Kreis,Velten,16727,475.0,629.0,79.0,75.0,61.5,3.0,1929.0,mint_condition,apartment,E,central_heating,8.19,False,False,False,True,False,False,May19
111821815,Sachsen_Anhalt,Börde_Kreis,Oschersleben_Bode,39387,260.0,398.0,49.0,74.0,56.57,2.0,1981.0,,apartment,,,1.29,False,True,False,False,False,False,Oct19
111277229,Hessen,Frankfurt_am_Main,Niederrad,60528,1245.0,1495.0,250.0,,87.32,2.0,2014.0,first_time_use_after_refurbishment,maisonette,A,central_heating,5.68,False,True,True,True,False,True,May19
113819706,Nordrhein_Westfalen,Essen,Südostviertel,45139,705.0,930.0,125.0,100.0,84.6,2.0,1920.0,first_time_use_after_refurbishment,apartment,,district_heating,3.44,False,True,True,False,False,False,Oct19
113662337,Mecklenburg_Vorpommern,Schwerin,Feldstadt,19053,469.0,584.0,115.0,,57.4,2.0,1896.0,fully_renovated,terraced_flat,,central_heating,3.95,False,True,False,False,True,True,Oct19
111288807,Nordrhein_Westfalen,Essen,Bochold,45356,502.63,602.63,100.0,,75.02,3.0,1962.0,fully_renovated,ground_floor,,night_storage_heater,3.48,False,True,False,True,True,False,May19
109989133,Niedersachsen,Cuxhaven_Kreis,Cuxhaven,27474,1335.0,,275.0,,118.0,4.0,2019.0,first_time_use,apartment,,,3.78,True,True,True,True,False,False,Oct19
111179920,Rheinland_Pfalz,Kaiserslautern,Innenstadt,67657,215.0,288.0,73.0,,26.0,1.0,,well_kept,apartment,,,3.99,False,False,False,False,False,False,May19
110479902,Sachsen,Zwickau_Kreis,Werdau,8412,260.0,380.0,120.0,,52.0,2.0,,,apartment,,central_heating,0.0,False,False,False,True,False,True,May19
110939699,Sachsen_Anhalt,Stendal_Kreis,Stendal,39576,200.0,275.0,66.17,35.0,34.13,1.0,1978.0,,,C,district_heating,1.82,False,True,False,True,False,False,May19
115671693,Rheinland_Pfalz,Neustadt_an_der_Weinstraße,Kernstadt,67433,590.0,750.0,160.0,,73.79,2.0,1980.0,,ground_floor,D,district_heating,4.34,False,True,False,True,False,False,Feb20
115642915,Baden_Württemberg,Enzkreis,Birkenfeld,75217,370.0,470.0,100.0,,33.0,1.0,1958.0,modernized,apartment,,central_heating,5.19,False,False,False,True,True,False,Feb20
115562776,Nordrhein_Westfalen,Euskirchen_Kreis,Bad_Münstereifel,53902,450.0,725.0,250.0,,87.5,2.0,1997.0,well_kept,half_basement,C,central_heating,3.48,False,True,False,False,False,False,Feb20
110782911,Sachsen,Leipzig,Reudnitz_Thonberg,4317,327.0,392.5,33.0,32.5,21.81,1.0,2017.0,,,,central_heating,5.8,False,False,True,False,False,True,May19
110772494,Berlin,Berlin,Spandau_Spandau,13585,937.0,1127.0,190.0,,101.7,3.0,1900.0,first_time_use_after_refurbishment,apartment,,self_contained_central_heating,8.6,False,True,False,True,True,False,May19
100673051,Niedersachsen,Wolfenbüttel_Kreis,Cremlingen,38162,385.0,,107.0,29.0,61.16,3.0,1961.0,modernized,roof_storey,,central_heating,4.78,False,False,False,True,False,False,Oct19
107307566,Nordrhein_Westfalen,Duisburg,Obermeiderich,47137,275.0,,70.0,50.0,37.0,1.5,1952.0,modernized,apartment,,central_heating,3.57,False,False,False,True,False,False,Sep18
105727651,Sachsen,Chemnitz,Bernsdorf,9126,250.0,360.0,110.0,,51.41,2.0,1910.0,,other,,gas_heating,0.0,False,True,False,True,False,False,Sep18
111305423,Berlin,Berlin,Tiergarten_Tiergarten,10557,1415.0,1659.0,244.0,,66.0,1.0,1900.0,refurbished,,B,,10.17,False,True,False,True,True,True,May19
104455628,Sachsen_Anhalt,Börde_Kreis,Hadmersleben,39387,286.0,426.0,50.0,80.0,62.0,3.0,1990.0,well_kept,apartment,,central_heating,1.87,False,False,False,False,False,False,May19
111607000,Thüringen,Suhl,Suhl_Mitte,98527,381.13,521.13,140.0,,60.95,3.0,1989.0,,,,,6.94,False,False,False,False,False,False,Feb20
110743818,Nordrhein_Westfalen,Mönchengladbach,Waldhausen,41061,400.0,585.0,185.0,,65.0,2.5,1906.0,well_kept,apartment,,central_heating,3.13,False,False,False,True,False,False,May19
111803519,Mecklenburg_Vorpommern,Nordvorpommern_Kreis,Wittenhagen,18510,450.0,600.0,70.0,80.0,78.0,4.0,,first_time_use_after_refurbishment,apartment,,central_heating,2.52,False,True,False,True,True,False,Oct19
115023379,Brandenburg,Cottbus,Schmellwitz,3044,286.8,430.78,91.78,52.2,57.36,2.0,1986.0,refurbished,ground_floor,C,central_heating,-0.83,False,True,False,True,False,True,Feb20
110879413,Brandenburg,Uckermark_Kreis,Angermünde,16278,391.0,562.0,171.0,,68.54,3.0,1925.0,fully_renovated,raised_ground_floor,,gas_heating,3.7,False,False,False,True,False,False,May19
76788106,Nordrhein_Westfalen,Hagen,Hochschulviertel,58093,376.0,516.0,140.0,55.0,63.0,2.0,1974.0,modernized,apartment,,central_heating,2.88,False,True,False,True,True,True,May19
113703481,Nordrhein_Westfalen,Köln,Zollstock,50969,768.28,955.23,112.17,74.78,61.94,2.0,2019.0,,apartment,B,central_heating,5.32,True,True,True,False,True,False,Oct19
111438502,Berlin,Berlin,Mitte_Mitte,10117,1420.0,1740.0,320.0,,58.0,2.0,2016.0,first_time_use,apartment,C,district_heating,5.92,False,False,True,True,False,True,Feb20
115598657,Hessen,Hochtaunuskreis,Oberursel_Taunus,61440,798.0,878.0,80.0,,66.5,2.0,,fully_renovated,ground_floor,,gas_heating,4.28,False,True,False,True,True,True,Feb20
113562999,Sachsen_Anhalt,Magdeburg,Altstadt,39104,522.21,684.95,162.74,61.37,62.69,2.0,1989.0,modernized,apartment,,gas_heating,1.87,False,False,True,True,False,True,Oct19
115514763,Sachsen,Leipzig,Zentrum_Nordwest,4105,740.0,925.0,185.0,,83.61,3.0,1998.0,well_kept,maisonette,,,4.17,False,False,False,True,False,False,Feb20
111073277,Sachsen,Leipzig,Möckern,4159,864.0,1152.0,288.0,,96.0,3.0,,first_time_use_after_refurbishment,roof_storey,,floor_heating,4.67,False,True,False,True,False,False,May19
115635184,Baden_Württemberg,Waldshut_Kreis,Laufenburg_Baden,79725,990.0,1220.0,230.0,,110.0,2.0,,,ground_floor,,floor_heating,0.93,False,True,False,False,False,True,Feb20
103257693,Baden_Württemberg,Mannheim,Seckenheim,68239,520.0,620.0,100.0,,35.0,1.0,2018.0,mint_condition,other,,floor_heating,3.78,False,False,False,False,False,True,Feb20
77406641,Mecklenburg_Vorpommern,Nordvorpommern_Kreis,Kummerow,18442,680.0,940.0,130.0,130.0,102.49,2.0,1912.0,first_time_use_after_refurbishment,terraced_flat,,central_heating,-5.22,False,True,False,True,False,False,Feb20
112066181,Nordrhein_Westfalen,Krefeld,Stadtmitte,47798,350.0,520.0,170.0,,70.0,2.0,,fully_renovated,apartment,,gas_heating,3.07,False,False,False,False,False,False,Oct19
114423279,Berlin,Berlin,Rosenthal_Pankow,13158,356.46,437.46,47.0,34.0,28.0,1.0,1918.0,well_kept,apartment,,central_heating,6.12,False,False,False,True,False,True,Feb20
113725613,Hamburg,Hamburg,Wellingsbüttel,22391,2070.0,2480.0,290.0,,115.0,4.0,2019.0,first_time_use,terraced_flat,,floor_heating,3.86,True,True,True,True,True,True,Feb20
115689995,Nordrhein_Westfalen,Essen,Frohnhausen,45144,510.0,648.18,138.18,32.0,57.03,3.0,1916.0,first_time_use_after_refurbishment,,,gas_heating,3.31,False,True,False,False,False,False,Feb20
114670319,Brandenburg,Oder_Spree_Kreis,Erkner,15537,630.0,770.0,140.0,,57.1,3.0,,,apartment,,,5.38,False,False,False,False,False,False,Feb20
115687411,Sachsen_Anhalt,Magdeburg,Stadtfeld_West,39110,349.25,491.13,70.94,70.94,54.57,2.0,1927.0,well_kept,apartment,,central_heating,0.94,False,True,False,True,False,False,Feb20
106858411,Thüringen,Gotha_Kreis,Gotha,99867,330.0,380.0,50.0,,56.0,2.0,,fully_renovated,apartment,,self_contained_central_heating,5.0,False,True,False,True,False,False,Sep18
100934125,Nordrhein_Westfalen,Rhein_Sieg_Kreis,Much,53804,770.0,895.0,125.0,,110.0,3.0,1986.0,well_kept,maisonette,,self_contained_central_heating,5.08,False,False,False,True,False,False,Oct19
84090951,Hessen,Wiesbaden,Biebrich,65203,600.0,650.0,50.0,,68.0,2.5,,well_kept,ground_floor,,gas_heating,2.05,False,False,False,True,False,True,Oct19
115536894,Niedersachsen,Lüneburg_Kreis,Reppenstedt,21391,495.0,645.0,150.0,,63.98,2.0,1979.0,,apartment,B,central_heating,2.73,False,True,False,True,False,True,Feb20
113466079,Rheinland_Pfalz,Ludwigshafen_am_Rhein,Süd,67061,710.0,950.0,240.0,,100.3,3.0,1910.0,well_kept,,,central_heating,3.76,False,False,False,True,False,False,Oct19
77679478,Bayern,Augsburg_Kreis,Meitingen,86405,990.0,1120.0,130.0,,106.0,4.0,2014.0,mint_condition,apartment,,central_heating,7.04,False,True,False,True,False,False,Feb20
114909669,Sachsen,Dresden,Prohlis_Süd,1239,259.0,369.0,59.0,51.0,39.46,1.0,1979.0,,ground_floor,,central_heating,1.41,False,True,True,True,False,False,Feb20
115133994,Hessen,Frankfurt_am_Main,Seckbach,60388,1380.0,1660.0,210.0,,100.0,3.0,2019.0,first_time_use,,,heat_pump,4.98,True,True,False,True,False,True,Feb20
111362376,Hessen,Darmstadt_Dieburg_Kreis,Dieburg,64807,500.0,660.0,160.0,,60.0,2.0,1972.0,fully_renovated,half_basement,,gas_heating,3.5,False,False,False,True,False,True,May19
109940742,Baden_Württemberg,Rems_Murr_Kreis,Schorndorf,73614,1850.0,2220.0,370.0,,123.5,3.0,2019.0,,apartment,,,6.11,True,True,True,False,False,False,Oct19
113587065,Sachsen,Zwickau,Marienthal_Ost,8060,260.0,,75.0,50.0,50.0,2.0,1960.0,,apartment,,central_heating,0.37,False,True,False,True,True,False,Oct19
107309317,Bayern,München,Maxvorstadt,80797,1318.0,,100.0,,60.0,3.0,1953.0,well_kept,apartment,,self_contained_central_heating,7.43,False,True,False,True,True,True,Sep18
111219881,Berlin,Berlin,Mitte_Mitte,10178,1000.0,1180.0,180.0,,45.0,2.0,,fully_renovated,apartment,,district_heating,8.55,False,False,True,False,False,True,May19
112521284,Bayern,München,Ludwigsvorstadt_Isarvorstadt,80336,2190.0,2540.0,200.0,150.0,140.0,4.5,1990.0,,roof_storey,,district_heating,5.72,False,True,True,True,False,True,Oct19
103306158,Sachsen,Görlitz,Innenstadt,2826,295.0,375.0,80.0,,47.0,1.0,1840.0,fully_renovated,apartment,,central_heating,1.82,False,False,False,True,False,False,Feb20
105294300,Berlin,Berlin,Charlottenburg_Charlottenburg,10623,4480.0,5210.0,730.0,,265.0,5.0,1902.0,well_kept,apartment,,district_heating,8.74,False,False,True,True,False,True,Sep18
45084840,Schleswig_Holstein,Flensburg,Weiche,24941,770.0,970.0,100.0,100.0,110.0,4.0,1962.0,,other,,central_heating,5.01,False,True,False,True,True,True,Feb20
106678606,Nordrhein_Westfalen,Köln,Buchforst,51065,670.0,,80.0,,68.0,2.0,1950.0,fully_renovated,apartment,E,self_contained_central_heating,5.88,False,True,False,True,False,False,Sep18
113206405,Nordrhein_Westfalen,Mettmann_Kreis,Hilden,40723,830.0,1040.0,200.0,,84.0,3.0,1960.0,modernized,apartment,,central_heating,4.06,False,True,False,False,True,False,Oct19
114988382,Schleswig_Holstein,Herzogtum_Lauenburg_Kreis,Geesthacht,21502,499.0,659.0,100.0,60.0,47.52,2.0,1956.0,,apartment,,central_heating,4.32,False,True,False,True,False,False,Feb20
94031303,Sachsen,Meißen_Kreis,Riesa,1591,259.0,369.0,110.0,,51.31,2.0,1950.0,refurbished,,,central_heating,1.96,False,True,False,True,False,False,Sep18
105965979,Nordrhein_Westfalen,Bielefeld,Innenstadt,33604,750.0,750.0,0.0,,45.0,1.0,,mint_condition,,,gas_heating,4.11,False,True,False,False,False,True,Oct19
107301416,Nordrhein_Westfalen,Mettmann_Kreis,Wülfrath,42489,650.0,1000.0,350.0,,72.0,3.0,,first_time_use_after_refurbishment,raised_ground_floor,,oil_heating,3.08,False,True,False,True,False,False,Sep18
90173113,Nordrhein_Westfalen,Bochum,Wattenscheid_Mitte,44866,475.0,655.0,180.0,,69.0,3.5,1996.0,well_kept,apartment,C,central_heating,4.02,False,True,True,True,False,False,Oct19
115563600,Bayern,München,Altstadt,80331,2500.0,2800.0,300.0,,88.0,2.0,,mint_condition,apartment,,,4.18,False,False,True,False,False,True,Feb20
111262780,Mecklenburg_Vorpommern,Güstrow_Kreis,Güstrow,18273,320.0,444.0,62.0,62.0,60.88,3.0,,,,,,3.77,False,True,False,False,False,False,May19
115188110,Rheinland_Pfalz,Westerwaldkreis,Ransbach_Baumbach,56235,872.0,,150.0,,96.9,3.0,2020.0,first_time_use,apartment,,heat_pump,4.15,True,True,True,False,False,False,Feb20
111241223,Baden_Württemberg,Heilbronn_Kreis,Flein,74223,1445.0,1708.0,262.74,,131.37,4.0,2019.0,first_time_use,maisonette,,combined_heat_and_power_plant,7.76,True,True,True,True,False,True,May19
88779884,Nordrhein_Westfalen,Steinfurt_Kreis,Steinfurt,48565,480.0,635.0,155.0,,70.0,3.5,1956.0,fully_renovated,apartment,C,central_heating,,False,True,False,True,False,True,Feb20
115705878,Sachsen,Chemnitz,Kaßberg,9112,400.0,585.0,185.0,,74.0,3.0,1905.0,well_kept,ground_floor,,central_heating,0.9,False,True,True,True,True,False,Feb20
69155665,Nordrhein_Westfalen,Köln,Zündorf,51143,610.0,790.0,180.0,,72.0,2.0,1966.0,well_kept,apartment,,central_heating,3.88,False,True,False,True,False,False,May19
111815856,Thüringen,Gera,Gera_Nord/Langenberg,7552,307.0,367.0,60.0,,60.0,2.0,,,apartment,NO_INFORMATION,gas_heating,1.82,False,True,False,True,False,False,Oct19
111383563,Bayern,Neu_Ulm_Kreis,Senden,89250,720.0,900.0,180.0,,72.0,2.0,,,apartment,,,4.67,False,True,True,False,False,True,May19
113663689,Bayern,Landshut_Kreis,Buch_am_Erlbach,84172,1225.0,,100.0,,87.0,3.0,2019.0,first_time_use,terraced_flat,,floor_heating,6.41,True,True,False,True,False,True,Oct19
104140335,Sachsen_Anhalt,Mansfeld_Südharz_Kreis,Sangerhausen,6526,342.0,409.07,67.07,,67.07,3.0,1956.0,well_kept,apartment,E,gas_heating,2.34,False,False,False,True,False,False,May19
115512374,Sachsen,Görlitz,Innenstadt,2826,290.0,383.0,93.0,51.0,41.44,2.0,1900.0,refurbished,apartment,,central_heating,2.31,False,False,False,True,False,True,Feb20
106023017,Schleswig_Holstein,Kiel,Gaarden_Ost,24143,366.6,519.6,105.0,48.0,50.19,2.5,1955.0,,ground_floor,,central_heating,4.62,False,False,False,True,False,False,Sep18
106788498,Bayern,Unterallgäu_Kreis,Bad_Wörishofen,86825,1400.0,,200.0,,100.0,3.0,2018.0,first_time_use,apartment,A,central_heating,3.64,True,True,True,True,False,True,Sep18
115642171,Sachsen_Anhalt,Dessau_Roßlau,Innerstädtischer_Bereich_Mitte,6844,320.0,460.0,80.0,60.0,58.16,3.0,1960.0,,apartment,,district_heating,2.13,False,False,False,True,False,False,Feb20
109726365,Sachsen_Anhalt,Stendal_Kreis,Stendal,39576,903.6,1103.6,90.0,110.0,100.4,3.0,2018.0,first_time_use,apartment,NO_INFORMATION,district_heating,2.01,True,True,True,False,False,False,May19
54225145,Baden_Württemberg,Esslingen_Kreis,Wolfschlugen,72649,670.0,,180.0,,78.0,3.0,1996.0,well_kept,apartment,NO_INFORMATION,central_heating,5.29,False,True,False,True,False,True,May19
113804117,Bayern,Nürnberg,Steinbühl,90443,690.0,910.0,120.0,,63.0,2.0,1953.0,well_kept,roof_storey,D,self_contained_central_heating,4.7,False,True,False,True,False,True,Oct19
70527301,Berlin,Berlin,Friedrichshagen_Köpenick,12587,1300.0,1590.0,140.0,150.0,103.0,3.0,1993.0,mint_condition,,,central_heating,5.02,False,True,False,True,False,False,Oct19
107356314,Nordrhein_Westfalen,Bielefeld,Innenstadt,33615,985.0,1235.0,250.0,,120.0,4.0,,,maisonette,,central_heating,4.11,False,False,False,False,False,True,Sep18
112183339,Nordrhein_Westfalen,Herne,Herne_Mitte,44625,373.0,468.0,98.0,,27.14,1.0,1981.0,fully_renovated,roof_storey,,central_heating,2.63,False,True,True,True,False,True,Oct19
112330400,Sachsen,Nordsachsen_Kreis,Eilenburg,4838,320.0,460.0,65.0,75.0,63.5,3.0,1905.0,,,,central_heating,2.82,False,False,False,False,False,False,Feb20
113655648,Sachsen,Erzgebirgskreis,Annaberg_Buchholz,9456,324.0,474.0,150.0,,67.43,3.0,,well_kept,apartment,,central_heating,0.97,False,False,False,True,True,False,Oct19
98570839,Baden_Württemberg,Emmendingen_Kreis,Emmendingen,79312,1200.0,1300.0,100.0,,90.0,3.0,,mint_condition,apartment,,heat_pump,4.82,False,True,False,True,False,True,May19
113195608,Sachsen,Dresden,Trachau,1129,438.0,598.0,80.0,80.0,60.0,3.0,1973.0,,apartment,D,central_heating,1.67,False,True,False,True,False,False,Oct19
77872001,Bayern,München,Ludwigsvorstadt_Isarvorstadt,80336,1700.0,1900.0,135.0,65.0,71.39,2.0,1879.0,modernized,raised_ground_floor,,,5.73,False,True,False,True,False,True,May19
111413664,Berlin,Berlin,Reinickendorf_Reinickendorf,13407,876.4,1024.38,147.98,,104.0,3.0,1919.0,fully_renovated,ground_floor,F,,9.43,False,False,False,True,False,False,May19
106954779,Sachsen,Dresden,Äußere_Neustadt_Antonstadt,1099,637.85,808.0,170.15,,75.04,2.0,1900.0,fully_renovated,apartment,,central_heating,3.57,False,False,True,True,False,True,Sep18
105747259,Sachsen,Erzgebirgskreis,Stützengrün,8328,550.0,740.0,190.0,,113.42,3.0,1898.0,well_kept,roof_storey,,central_heating,1.82,False,True,False,False,False,False,Sep18
114900747,Rheinland_Pfalz,Alzey_Worms_Kreis,Wöllstein,55597,845.0,1085.0,240.0,,130.0,4.0,1999.0,well_kept,ground_floor,,central_heating,3.57,False,False,False,False,False,False,Feb20
115470209,Sachsen,Plauen,Reusa_mit_Sorga,8527,222.0,344.0,61.0,61.0,51.32,2.0,1936.0,refurbished,apartment,,central_heating,1.34,False,True,False,True,True,False,Feb20
110924406,Nordrhein_Westfalen,Aachen,Innenstadt,52064,430.0,570.0,140.0,,48.0,1.0,1969.0,well_kept,,C,central_heating,4.49,False,True,True,True,False,False,May19
112038032,Sachsen,Meißen_Kreis,Meißen,1662,355.0,505.0,150.0,,71.0,3.0,,,roof_storey,,central_heating,1.37,False,False,False,True,False,True,Oct19
115312606,Nordrhein_Westfalen,Essen,Stadtkern,45127,830.0,,240.0,,98.0,3.0,1960.0,well_kept,apartment,C,district_heating,4.42,False,True,True,False,False,False,Feb20
113179986,Thüringen,Greiz_Kreis,Greiz,7973,600.0,,90.0,,117.0,4.0,1898.0,need_of_renovation,apartment,F,self_contained_central_heating,0.61,False,True,False,True,False,False,Oct19
106589548,Sachsen,Leipzig,Dölitz_Dösen,4279,450.0,580.0,130.0,,54.5,2.0,2016.0,fully_renovated,apartment,,central_heating,4.41,False,True,False,True,True,True,Sep18
75736453,Baden_Württemberg,Waldshut_Kreis,Laufenburg_Baden,79725,1050.0,1270.0,120.0,100.0,115.0,4.0,,refurbished,roof_storey,,central_heating,5.0,False,True,False,True,True,True,Feb20
105036595,Nordrhein_Westfalen,Düren_Kreis,Düren,52351,390.0,550.0,100.0,60.0,60.0,2.0,1965.0,well_kept,ground_floor,,self_contained_central_heating,3.28,False,False,False,True,False,False,Sep18
113924598,Sachsen_Anhalt,Halle_Saale,Freiimfelde/Kanenaer_Weg,6112,310.0,434.0,62.0,62.0,51.61,3.0,1939.0,,ground_floor,,,3.43,False,False,False,True,False,False,Feb20
113810177,Hamburg,Hamburg,Eidelstedt,22525,940.0,1130.0,190.0,,70.0,2.0,2018.0,mint_condition,apartment,,,4.62,True,False,True,True,False,True,Oct19
82646317,Nordrhein_Westfalen,Unna_Kreis,Lünen,44536,320.0,405.0,85.0,,57.85,2.0,1905.0,,roof_storey,,self_contained_central_heating,3.57,False,False,False,True,False,False,May19
108640697,Rheinland_Pfalz,Koblenz,Altstadt,56068,602.0,702.28,100.28,,50.14,1.0,2018.0,first_time_use,ground_floor,B,floor_heating,4.51,True,True,True,False,False,True,May19
113783873,Niedersachsen,Lüneburg_Kreis,Reppenstedt,21391,825.0,1035.0,210.0,,110.0,3.0,1984.0,modernized,roof_storey,C,central_heating,3.26,False,False,False,True,False,True,Oct19
112514331,Sachsen,Dresden,Leipziger_Vorstadt,1097,365.0,453.0,88.0,,36.41,1.0,1927.0,refurbished,,,central_heating,3.1,False,True,False,True,False,False,Oct19
113809136,Bayern,München,Schwabing,80805,1600.0,1750.0,150.0,,58.0,2.0,,,roof_storey,,floor_heating,5.94,False,False,True,True,False,True,Oct19
111045017,Brandenburg,Oberspreewald_Lausitz_Kreis,Calau,3205,353.95,533.95,100.0,80.0,73.74,4.0,1964.0,refurbished,ground_floor,,district_heating,2.41,False,True,False,True,False,False,May19
103596607,Sachsen,Leipzig,Südvorstadt,4275,536.0,670.0,134.0,,61.0,2.0,1905.0,mint_condition,,,central_heating,5.13,False,True,False,False,False,False,Oct19
111319636,Sachsen_Anhalt,Halle_Saale,Westliche_Neustadt,6126,329.0,471.0,142.0,,56.65,3.0,1975.0,first_time_use_after_refurbishment,apartment,D,central_heating,3.35,False,True,True,True,False,False,May19
113244142,Rheinland_Pfalz,Mainz,Weisenau,55130,525.0,625.0,100.0,,45.0,1.5,,modernized,apartment,,oil_heating,3.85,False,False,False,True,True,True,Oct19
110237805,Sachsen_Anhalt,Dessau_Roßlau,Innerstädtischer_Bereich_Süd,6842,435.0,555.0,60.0,60.0,58.4,3.0,1960.0,,other,,,1.23,False,True,False,False,False,False,May19
89306096,Mecklenburg_Vorpommern,Parchim_Kreis,Crivitz,19089,320.0,440.0,70.0,50.0,62.0,2.0,1866.0,well_kept,apartment,,central_heating,2.27,False,False,False,False,False,True,Sep18
114833184,Sachsen,Chemnitz,Kappel,9119,213.9,332.0,56.0,62.0,56.29,3.0,1977.0,well_kept,apartment,D,,0.58,False,True,False,True,False,False,Feb20
82094615,Hessen,Frankfurt_am_Main,Westend_Süd,60323,2695.0,3195.0,500.0,,156.7,4.0,1888.0,refurbished,maisonette,,central_heating,5.16,False,False,True,True,False,True,Sep18
113376311,Berlin,Berlin,Prenzlauer_Berg_Prenzlauer_Berg,10435,1505.38,1785.38,150.0,130.0,120.43,4.0,1910.0,refurbished,apartment,,district_heating,7.21,False,True,True,True,False,False,Oct19
105846104,Sachsen,Chemnitz,Kaßberg,9112,335.0,485.0,150.0,,66.2,2.0,1905.0,well_kept,apartment,,self_contained_central_heating,0.0,False,False,False,True,False,False,Sep18
110251907,Brandenburg,Uckermark_Kreis,Schwedt/Oder,16303,327.09,471.09,72.0,72.0,59.47,2.1,1964.0,,,C,,2.52,False,True,False,False,False,False,May19
109623665,Nordrhein_Westfalen,Düsseldorf,Pempelfort,40477,550.0,,80.0,,50.0,2.0,,first_time_use_after_refurbishment,,NO_INFORMATION,self_contained_central_heating,4.55,False,False,False,False,False,False,Feb20
111019544,Nordrhein_Westfalen,Ennepe_Ruhr_Kreis,Witten,58453,320.0,450.0,130.0,,53.0,2.0,1993.0,well_kept,apartment,,central_heating,3.35,False,True,False,False,False,False,May19
113713940,Sachsen_Anhalt,Halle_Saale,Südstadt,6128,307.0,454.0,74.0,73.0,60.95,3.0,1974.0,fully_renovated,apartment,,,1.98,False,True,False,True,False,False,Oct19
110542354,Sachsen,Mittelsachsen_Kreis,Freiberg,9599,304.0,,63.45,95.18,63.45,3.0,1973.0,,other,,district_heating,1.69,False,True,False,False,False,False,May19
102925073,Thüringen,Unstrut_Hainich_Kreis,Mühlhausen/Thüringen,99974,355.0,480.0,50.0,75.0,71.05,3.0,1983.0,first_time_use_after_refurbishment,apartment,,central_heating,1.79,False,True,False,True,False,False,Sep18
115444795,Bayern,München,Maxvorstadt,80333,4690.0,4690.0,0.0,,100.0,3.0,,,,,,5.59,False,False,True,False,False,False,Feb20
103404523,Baden_Württemberg,Rhein_Neckar_Kreis,Ketsch,68775,640.0,840.0,200.0,,89.0,2.0,,refurbished,other,,central_heating,5.13,False,False,False,True,False,False,Oct19
110483631,Sachsen,Leipzig,Holzhausen,4288,970.2,1164.24,194.04,,97.02,3.0,2018.0,first_time_use,apartment,A_PLUS,floor_heating,4.2,True,True,True,False,False,False,May19
113179804,Bayern,Erding_Kreis,Fraunberg,85447,320.0,,150.0,,12.9,1.0,,fully_renovated,,NO_INFORMATION,oil_heating,4.64,False,False,False,False,False,False,Oct19
106723008,Nordrhein_Westfalen,Lippe_Kreis,Detmold,32756,800.0,1000.0,200.0,,120.0,3.0,,negotiable,maisonette,,,3.23,False,True,True,False,False,False,Sep18
113464715,Sachsen_Anhalt,Magdeburg,Neue_Neustadt,39124,539.0,796.0,160.0,,77.0,3.0,2000.0,first_time_use,ground_floor,,gas_heating,1.63,False,True,False,True,False,False,Oct19
107087581,Sachsen,Dresden,Innere_Altstadt,1067,2000.0,2310.0,310.0,,125.2,4.0,2018.0,first_time_use,apartment,B,central_heating,2.19,True,True,True,True,False,False,May19
93928454,Nordrhein_Westfalen,Hagen,Altenhagen,58097,340.0,460.0,60.0,60.0,62.0,1.0,1955.0,well_kept,apartment,,central_heating,1.75,False,True,False,False,False,False,Feb20
111310018,Rheinland_Pfalz,Speyer,Kernstadt_Nord,67346,1400.0,,,,140.0,3.0,1892.0,modernized,ground_floor,,self_contained_central_heating,2.35,False,True,False,True,False,False,May19
115418701,Niedersachsen,Hannover,Mühlenberg,30457,424.91,753.91,329.0,89.0,68.49,3.0,1971.0,well_kept,apartment,F,district_heating,2.63,False,True,True,True,False,False,Feb20
113288958,Baden_Württemberg,Böblingen_Kreis,Mötzingen,71159,720.0,985.0,200.0,,75.08,2.0,2017.0,mint_condition,apartment,B,central_heating,6.06,False,True,True,True,False,True,Oct19
100637253,Schleswig_Holstein,Segeberg_Kreis,Fahrenkrug,23795,456.0,576.0,60.0,60.0,60.0,2.0,1910.0,well_kept,apartment,,central_heating,1.72,False,False,False,False,True,True,May19
112948727,Thüringen,Gera,Stadtmitte,7545,425.0,595.0,170.0,,85.0,3.0,,refurbished,roof_storey,NO_INFORMATION,central_heating,2.18,False,False,False,True,False,False,Oct19
69153163,Sachsen,Chemnitz,Altendorf,9113,324.0,464.0,140.0,,63.47,3.0,1900.0,refurbished,,,central_heating,0.54,False,True,False,True,True,False,Feb20
113648870,Sachsen,Chemnitz,Bernsdorf,9126,275.0,395.0,120.0,,54.76,2.5,1923.0,mint_condition,raised_ground_floor,,central_heating,0.0,False,True,False,True,True,False,Oct19
111358565,Sachsen,Görlitz,Innenstadt,2826,485.0,735.0,250.0,,108.0,4.0,1900.0,modernized,other,,central_heating,1.45,False,True,True,True,False,False,May19
111376696,Bayern,Miltenberg_Kreis,Obernburg_am_Main,63785,930.0,1185.0,255.0,,103.0,3.0,2018.0,,apartment,A,heat_pump,2.55,True,True,False,True,True,False,May19
111877090,Bayern,Nürnberg,Tullnau,90401,830.0,1050.0,220.0,,85.0,3.0,,modernized,,,central_heating,4.35,False,True,True,True,False,True,Oct19
110414585,Mecklenburg_Vorpommern,Güstrow_Kreis,Güstrow,18273,325.0,463.0,75.0,63.0,52.4,2.0,,,,,,3.77,False,False,False,False,False,False,May19
80322308,Sachsen,Leipzig,Mockau_Süd,4357,660.0,880.0,220.0,,88.04,3.0,1996.0,first_time_use,apartment,,central_heating,2.89,False,True,True,True,False,False,Feb20
115536046,Nordrhein_Westfalen,Essen,Altendorf,45143,473.0,,92.0,62.0,61.0,2.0,1990.0,,apartment,,central_heating,3.41,False,False,False,False,False,False,Feb20
109877002,Bayern,München,Neuhausen,80634,2280.0,2570.0,290.0,,133.0,2.0,1912.0,well_kept,loft,,central_heating,7.11,False,True,True,False,False,True,May19
83477330,Mecklenburg_Vorpommern,Neubrandenburg,Stadtgebiet_Süd,17033,389.71,579.71,190.0,,74.0,2.0,1999.0,well_kept,apartment,,central_heating,0.0,False,False,True,False,False,True,May19
114380826,Schleswig_Holstein,Pinneberg_Kreis,Schenefeld,22869,753.0,1003.0,120.0,110.0,81.82,3.0,1995.0,well_kept,roof_storey,,,3.65,False,False,False,True,False,True,Feb20
113870631,Saarland,Sankt_Wendel_Kreis,Freisen,66629,360.0,480.0,120.0,,59.0,3.0,1970.0,well_kept,apartment,,gas_heating,4.98,False,True,False,False,False,True,Oct19
105247495,Thüringen,Erfurt,Andreasvorstadt,88089,333.0,423.0,90.0,,44.4,2.0,1936.0,refurbished,apartment,,central_heating,2.6,False,False,False,False,True,False,Sep18
110797672,Sachsen,Dresden,Pieschen_Süd,1127,770.0,,200.0,,98.0,3.0,,fully_renovated,maisonette,,,2.63,False,False,False,True,True,True,May19
110262712,Sachsen_Anhalt,Salzlandkreis,Aschersleben,6449,381.0,,80.0,80.0,73.0,3.0,2000.0,refurbished,maisonette,,gas_heating,0.97,False,False,False,True,True,False,May19
115577500,Schleswig_Holstein,Kiel,Blücherplatz,24105,333.33,438.33,105.0,50.0,36.57,1.0,1976.0,,apartment,,central_heating,3.35,False,False,False,False,False,True,Feb20
113802705,Baden_Württemberg,Mannheim,Innenstadt_/_Jungbusch,68161,643.37,813.37,126.0,44.0,73.95,4.0,1961.0,,apartment,A,central_heating,4.94,False,True,False,True,False,False,Oct19
112452098,Mecklenburg_Vorpommern,Bad_Doberan_Kreis,Rövershagen,18182,400.0,560.0,160.0,,70.0,4.0,1976.0,,apartment,,central_heating,6.11,False,False,False,True,False,False,Oct19
107554335,Sachsen,Leipzig_Kreis,Wurzen,4808,250.0,300.0,50.0,,50.0,2.0,1930.0,,raised_ground_floor,,floor_heating,3.06,False,True,False,False,True,False,Feb20
115433576,Nordrhein_Westfalen,Bochum,Altenbochum,44803,845.0,1225.0,330.0,,107.0,4.0,1962.0,well_kept,apartment,,central_heating,4.66,False,True,False,True,True,False,Feb20
103206049,Rheinland_Pfalz,Trier,Feyen,54294,805.0,995.0,150.0,,75.38,2.0,2016.0,mint_condition,apartment,C,wood_pellet_heating,2.44,False,True,True,True,False,True,May19
115687118,Nordrhein_Westfalen,Münster,Mauritz_Ost,48155,394.0,526.0,98.0,34.0,49.23,2.0,1954.0,,apartment,E,central_heating,4.17,False,False,False,True,False,False,Feb20
113611689,Berlin,Berlin,Neukölln_Neukölln,12095,865.0,1061.0,196.0,,57.0,3.0,,,,,self_contained_central_heating,10.1,False,False,False,True,True,True,Oct19
113926013,Sachsen,Zwickau_Kreis,Glauchau,8371,360.0,515.0,75.0,80.0,65.6,3.0,1993.0,,,C,central_heating,0.56,False,False,False,True,False,False,Feb20
110285349,Sachsen,Zwickau_Kreis,Meerane,8393,200.0,290.0,45.0,45.0,44.0,2.0,,,apartment,,central_heating,0.39,False,False,False,False,True,False,May19
111354024,Hamburg,Hamburg,Wandsbek,22041,1200.0,1400.0,200.0,,60.0,2.0,2016.0,mint_condition,penthouse,,floor_heating,6.14,False,True,True,True,False,True,May19
111375338,Hessen,Kassel,Harleshausen,34128,770.0,,180.0,,84.0,3.0,1990.0,fully_renovated,roof_storey,E,central_heating,2.68,False,True,False,True,False,False,May19
113927525,Baden_Württemberg,Heidelberg,Kirchheim,69124,375.0,455.0,80.0,,15.0,1.0,1910.0,first_time_use_after_refurbishment,,NO_INFORMATION,central_heating,5.0,False,False,False,False,False,True,Feb20
115402082,Baden_Württemberg,Karlsruhe_Kreis,Bruchsal,76646,1200.0,1430.0,230.0,,93.3,3.0,2020.0,first_time_use,penthouse,,heat_pump,4.98,True,True,True,True,False,True,Feb20
113804511,Hamburg,Hamburg,Horn,22111,610.0,780.0,100.0,70.0,51.33,2.0,1937.0,,apartment,F,self_contained_central_heating,5.6,False,True,False,False,False,False,Oct19
113622305,Schleswig_Holstein,Pinneberg_Kreis,Elmshorn,25335,450.0,650.0,200.0,,50.0,2.0,1960.0,well_kept,roof_storey,G,central_heating,3.35,False,False,False,False,False,True,Oct19
111083450,Niedersachsen,Oldenburg_Oldenburg,Innenstadt,26122,650.0,850.0,200.0,,82.62,4.0,1965.0,well_kept,,E,central_heating,5.36,False,False,True,False,False,False,May19
86735648,Berlin,Berlin,Niederschöneweide_Treptow,12439,539.0,699.0,160.0,60.0,66.46,2.0,1929.0,modernized,ground_floor,,central_heating,7.89,False,False,False,False,False,False,May19
111187444,Niedersachsen,Wilhelmshaven,Maadebogen,26386,349.0,442.0,93.0,,60.03,2.5,1951.0,,ground_floor,,self_contained_central_heating,3.32,False,False,False,True,False,True,May19
107115876,Sachsen,Leipzig_Kreis,Espenhain,4571,225.0,365.0,70.0,70.0,45.0,2.0,1967.0,well_kept,apartment,,central_heating,2.0,False,False,False,True,False,False,May19
113217860,Sachsen,Chemnitz,Sonnenberg,9130,865.0,,306.5,,133.1,4.0,1900.0,first_time_use_after_refurbishment,maisonette,,central_heating,0.63,False,True,True,True,False,False,Feb20
115381078,Nordrhein_Westfalen,Düsseldorf,Mörsenbroich,40470,900.0,1010.0,70.0,40.0,62.17,2.0,2020.0,mint_condition,ground_floor,NO_INFORMATION,district_heating,4.19,True,True,True,True,False,False,Feb20
109236196,Bayern,Cham_Kreis,Neukirchen_bei_Heiligen_Blut,93453,190.0,250.0,60.0,60.0,25.0,1.0,2000.0,well_kept,apartment,B,central_heating,5.53,False,True,False,False,False,True,Oct19
111379995,Schleswig_Holstein,Kiel,Hasseldieksdamm,24109,600.0,700.0,100.0,,62.0,2.5,1980.0,well_kept,apartment,,gas_heating,5.03,False,False,False,True,True,True,May19
112031573,Sachsen,Leipzig,Zentrum_Nord,4105,284.0,349.0,65.0,30.0,25.0,1.0,1966.0,refurbished,apartment,,central_heating,4.84,False,False,True,True,False,True,Oct19
96527864,Mecklenburg_Vorpommern,Ostvorpommern_Kreis,Wolgast,17438,319.0,455.0,130.0,,65.5,3.0,1980.0,first_time_use_after_refurbishment,apartment,,central_heating,-0.47,False,True,False,True,False,False,Oct19
101783466,Sachsen,Chemnitz,Kaßberg,9112,280.0,410.0,130.0,,59.0,2.0,1900.0,well_kept,apartment,,central_heating,0.54,False,False,True,True,True,False,Oct19
110250058,Sachsen,Leipzig_Kreis,Wurzen,4808,300.0,,200.0,,81.75,4.0,,,apartment,,,3.06,False,False,False,True,False,False,May19
115549259,Nordrhein_Westfalen,Oberhausen,Styrum,46045,550.0,720.0,,,70.0,3.5,,,roof_storey,,,2.47,False,False,False,False,False,True,Feb20
104115925,Hessen,Frankfurt_am_Main,Griesheim,65933,1700.0,1920.0,220.0,,91.71,2.0,2018.0,first_time_use,penthouse,,floor_heating,5.73,True,True,True,True,False,True,Oct19
113864599,Berlin,Berlin,Tiergarten_Tiergarten,10553,623.0,795.0,172.0,52.0,56.98,2.0,1910.0,,apartment,F,district_heating,8.28,False,True,False,False,False,False,Oct19
115229542,Hessen,Offenbach_Kreis,Neu_Isenburg,63263,1640.0,2080.0,390.0,,163.0,4.0,1979.0,fully_renovated,,NO_INFORMATION,central_heating,4.93,False,True,False,False,True,False,Feb20
108570258,Sachsen_Anhalt,Halle_Saale,Südliche_Innenstadt,6110,230.0,315.0,85.0,,35.0,1.0,1997.0,first_time_use_after_refurbishment,apartment,,gas_heating,3.23,False,True,True,True,False,False,May19
110844169,Niedersachsen,Göttingen_Kreis,Hannoversch_Münden,34346,320.0,385.0,65.0,,60.0,2.5,,fully_renovated,roof_storey,,self_contained_central_heating,1.89,False,False,False,True,True,True,May19
110516030,Hessen,Hochtaunuskreis,Oberursel_Taunus,61440,1150.0,,250.0,,101.0,3.5,1961.0,first_time_use_after_refurbishment,apartment,NO_INFORMATION,central_heating,4.76,False,True,False,True,False,False,May19
111238999,Baden_Württemberg,Ravensburg_Kreis,Wangen_im_Allgäu,88239,1030.0,1250.0,220.0,,103.0,3.5,1996.0,mint_condition,roof_storey,,central_heating,3.25,False,True,True,False,False,True,May19
67948471,Mecklenburg_Vorpommern,Rostock,Schmarl,18106,339.0,512.0,87.0,86.0,57.7,3.0,1978.0,modernized,apartment,C,central_heating,1.25,False,True,False,True,False,False,Feb20
105798823,Niedersachsen,Braunschweig,Veltenhof_Rühme,38112,500.0,755.0,160.0,95.0,70.77,3.0,1976.0,well_kept,apartment,C,central_heating,1.28,False,True,False,True,False,False,Sep18
101602158,Niedersachsen,Celle_Kreis,Bergen,29303,335.0,455.0,120.0,,68.0,3.0,1980.0,,apartment,,central_heating,2.04,False,False,False,True,False,True,Sep18
113835466,Hessen,Darmstadt,Bessungen,64285,400.0,,65.0,,15.0,1.0,,fully_renovated,other,,central_heating,3.84,False,False,False,False,False,True,Oct19
115674985,Niedersachsen,Wolfenbüttel_Kreis,Wolfenbüttel,38300,680.0,830.0,150.0,,81.0,2.5,1639.0,first_time_use_after_refurbishment,roof_storey,,central_heating,3.87,False,True,False,True,False,False,Feb20
113826423,Nordrhein_Westfalen,Köln,Altstadt_&_Neustadt_Nord,50668,790.0,,,,25.0,1.0,1908.0,fully_renovated,apartment,,,4.9,False,False,False,True,False,True,Oct19
71528660,Niedersachsen,Heidekreis,Walsrode,29664,445.0,570.0,125.0,,69.5,2.0,1995.0,fully_renovated,roof_storey,,central_heating,1.92,False,True,False,True,True,True,May19
112445857,Sachsen_Anhalt,Saalekreis,Teutschenthal,6179,200.0,330.0,65.0,65.0,50.0,1.0,1964.0,well_kept,,H,central_heating,0.37,False,False,False,False,False,False,Feb20
107317006,Niedersachsen,Diepholz_Kreis,Diepholz,49356,391.27,,,,71.14,3.0,1958.0,,,C,,3.39,False,True,False,False,False,False,Sep18
106857078,Nordrhein_Westfalen,Ennepe_Ruhr_Kreis,Schwelm,58332,325.0,475.0,150.0,,57.0,2.0,1972.0,fully_renovated,,,central_heating,3.28,False,True,True,True,False,True,Sep18
115639096,Baden_Württemberg,Emmendingen_Kreis,Emmendingen,79312,1150.0,,250.0,,108.0,4.0,2006.0,,apartment,B,central_heating,3.82,False,False,False,False,False,True,Feb20
108837579,Niedersachsen,Hannover,Burg,30419,413.59,620.59,207.0,77.0,49.71,2.0,1973.0,fully_renovated,apartment,,district_heating,3.34,False,True,True,True,False,False,May19
82055816,Rheinland_Pfalz,Rhein_Lahn_Kreis,Lahnstein,56112,425.0,510.0,85.0,,37.0,2.0,,modernized,apartment,,central_heating,5.23,False,False,False,True,True,False,May19
108502119,Niedersachsen,Lüchow_Dannenberg_Kreis,Lüchow_Wendland,29439,233.0,385.0,152.0,,47.53,2.0,2001.0,,roof_storey,,gas_heating,0.0,False,False,False,False,False,True,May19
110753390,Hessen,Frankfurt_am_Main,Preungesheim,60435,1235.22,1489.97,57.33,197.32,88.23,3.0,2016.0,mint_condition,apartment,A_PLUS,district_heating,6.17,False,True,True,True,True,True,May19
89727144,Nordrhein_Westfalen,Steinfurt_Kreis,Emsdetten,48282,690.0,,280.0,,135.0,4.0,1967.0,modernized,apartment,,central_heating,6.67,False,True,True,False,False,True,Sep18
61779989,Schleswig_Holstein,Segeberg_Kreis,Kaltenkirchen,24568,718.83,955.02,236.19,,102.69,3.0,2001.0,well_kept,roof_storey,,central_heating,2.82,False,True,True,True,False,True,Sep18
110999191,Rheinland_Pfalz,Trier_Saarburg_Kreis,Konz,54329,360.0,,120.0,,48.0,2.0,1994.0,well_kept,roof_storey,D,central_heating,3.87,False,False,True,True,True,True,May19
112781592,Sachsen_Anhalt,Burgenlandkreis,Zeitz,6712,150.0,260.0,60.0,50.0,29.76,1.0,,,apartment,,district_heating,0.0,False,True,False,True,False,False,Oct19
113721421,Nordrhein_Westfalen,Oberhausen,Bermensfeld,46047,342.0,487.0,145.0,36.0,53.46,2.0,1959.0,fully_renovated,apartment,,,2.44,False,True,False,False,False,False,Oct19
115592771,Niedersachsen,Heidekreis,Buchholz_Aller,29690,716.0,880.0,145.0,,72.35,3.0,2020.0,first_time_use,,,floor_heating,3.91,True,True,False,False,False,True,Feb20
95533058,Sachsen,Leipzig,Kleinzschocher,4229,429.0,590.0,161.0,,66.0,3.0,1905.0,,ground_floor,,central_heating,5.08,False,False,False,True,False,True,Sep18
105749413,Hessen,Kassel,Rothenditmold,34127,800.0,990.0,190.0,,103.0,3.0,2016.0,first_time_use,apartment,B,central_heating,4.35,False,False,True,False,False,False,Sep18
113724391,Sachsen,Leipzig,Grünau_Nord,4179,1128.68,1422.68,294.0,,122.35,5.0,2018.0,first_time_use,apartment,,floor_heating,3.19,True,True,True,True,False,False,Oct19
106403021,Sachsen_Anhalt,Mansfeld_Südharz_Kreis,Hedersleben,6295,414.0,555.0,75.0,66.0,92.0,4.0,,mint_condition,ground_floor,D,self_contained_central_heating,,False,False,False,False,True,False,Sep18
114230435,Hessen,Lahn_Dill_Kreis,Wetzlar,35576,730.0,908.0,178.0,,64.98,2.0,2019.0,first_time_use,apartment,,combined_heat_and_power_plant,4.56,True,True,True,True,False,False,Feb20
112695536,Sachsen,Erzgebirgskreis,Aue,8020,630.0,890.0,260.0,,126.5,4.0,,first_time_use_after_refurbishment,apartment,NO_INFORMATION,,1.16,False,True,False,True,False,False,Oct19
111396574,Hessen,Offenbach_Kreis,Rodgau,63110,520.0,730.0,180.0,100.0,50.0,2.0,1993.0,well_kept,apartment,D,central_heating,5.08,False,False,False,False,False,False,May19
111150800,Bayern,Hof_Kreis,Helmbrechts,95233,500.0,,150.0,,95.0,4.0,,,roof_storey,G,central_heating,3.47,False,False,False,False,False,True,May19
112553012,Sachsen,Leipzig,Eutritzsch,4129,325.0,425.0,100.0,,44.02,2.0,1950.0,refurbished,apartment,D,central_heating,4.26,False,False,False,True,True,True,Oct19
106890795,Bayern,Cham_Kreis,Roding,93426,550.0,740.0,190.0,,92.0,3.0,,fully_renovated,apartment,,self_contained_central_heating,3.39,False,False,True,True,True,True,Sep18
114098074,Sachsen,Chemnitz,Altendorf,9113,200.0,285.0,85.0,,40.02,1.0,1900.0,,ground_floor,,,0.54,False,True,False,True,False,True,Feb20
113800587,Sachsen,Dresden,Kleinpestitz/Mockritz,1189,716.25,854.79,138.54,,69.27,2.0,2019.0,first_time_use,apartment,A,district_heating,2.37,True,True,True,True,False,True,Oct19
87478455,Sachsen,Dresden,Reick,1237,208.0,272.0,30.0,34.0,26.63,1.0,1996.0,well_kept,apartment,C,central_heating,1.1,False,False,True,True,False,False,Feb20
113410482,Nordrhein_Westfalen,Düsseldorf,Kaiserswerth,40489,1850.0,2150.0,300.0,,95.0,2.0,2015.0,mint_condition,maisonette,,central_heating,3.59,False,True,True,True,False,True,Oct19
110045352,Bayern,München,Maxvorstadt,80333,5750.0,6700.0,950.0,,230.0,5.5,2015.0,,penthouse,,,7.09,False,True,True,True,False,True,May19
115459759,Hessen,Frankfurt_am_Main,Nordend_Ost,60389,2100.0,2400.0,300.0,,115.0,4.0,2007.0,mint_condition,other,,floor_heating,5.39,False,True,False,True,True,True,Feb20
107324477,Nordrhein_Westfalen,Recklinghausen_Kreis,Gladbeck,45966,460.0,595.0,135.0,,65.0,2.0,1971.0,first_time_use_after_refurbishment,apartment,,gas_heating,3.33,False,True,True,True,False,False,Sep18
107101912,Hessen,Frankfurt_am_Main,Zeilsheim,65931,550.0,700.0,150.0,,30.0,1.0,1983.0,mint_condition,apartment,,central_heating,5.66,False,False,False,False,False,False,Sep18
113860380,Nordrhein_Westfalen,Bonn,Lengsdorf,53127,420.0,500.0,80.0,,32.0,1.0,1976.0,well_kept,apartment,E,central_heating,3.74,False,False,False,True,False,True,Oct19
74420594,Sachsen,Chemnitz,Sonnenberg,9130,270.0,380.0,110.0,,54.0,2.0,1900.0,refurbished,,,central_heating,0.62,False,False,False,True,True,True,Feb20
101621500,Niedersachsen,Oldenburg_Oldenburg,Bloherfelde,26129,655.0,,170.0,,67.55,2.0,2017.0,mint_condition,ground_floor,,central_heating,5.89,True,True,False,False,False,False,Sep18
115122028,Sachsen_Anhalt,Burgenlandkreis,Weißenfels,6667,526.0,675.0,149.0,,87.6,3.0,1995.0,well_kept,apartment,,self_contained_central_heating,0.19,False,False,False,True,True,False,Feb20
110955784,Brandenburg,Havelland_Kreis,Rathenow,14712,331.0,440.0,47.0,62.0,53.43,2.0,1930.0,well_kept,apartment,,district_heating,2.41,False,True,False,True,False,False,May19
112414498,Nordrhein_Westfalen,Aachen,Burtscheider_Abtei,52066,600.0,820.0,220.0,,69.0,3.0,,fully_renovated,apartment,NO_INFORMATION,gas_heating,2.79,False,True,False,False,False,False,Oct19
81043570,Nordrhein_Westfalen,Dortmund,Mengede,44359,984.0,1364.0,220.0,160.0,162.0,6.0,1996.0,fully_renovated,roof_storey,,central_heating,3.17,False,True,False,True,True,False,May19
109477746,Sachsen_Anhalt,Burgenlandkreis,Weißenfels,6667,357.44,497.44,140.0,,63.04,3.0,1958.0,fully_renovated,apartment,B,central_heating,2.0,False,True,False,True,True,True,May19
85895588,Nordrhein_Westfalen,Rheinisch_Bergischer_Kreis,Overath,51491,376.2,,120.0,,57.0,2.0,1972.0,fully_renovated,apartment,F,self_contained_central_heating,3.03,False,True,False,True,False,False,Sep18
114740123,Sachsen,Dresden,Johannstadt_Nord,1307,618.0,739.0,121.0,,69.04,3.0,,,apartment,,,2.22,False,True,False,True,False,False,Feb20
114492732,Mecklenburg_Vorpommern,Greifswald,Innenstadt,17489,800.0,1100.0,150.0,150.0,99.7,3.0,2000.0,well_kept,maisonette,,central_heating,1.09,False,True,True,False,False,True,Feb20
113462796,Sachsen,Meißen_Kreis,Großenhain,1558,330.0,480.0,150.0,,66.0,3.0,,modernized,apartment,,district_heating,1.26,False,True,False,True,False,False,Oct19
104343994,Bremen,Bremen,Südervorstadt,28201,770.0,900.0,100.0,,56.0,2.0,2018.0,mint_condition,apartment,,central_heating,4.77,False,True,True,False,False,True,Feb20
81756198,Sachsen_Anhalt,Halle_Saale,Altstadt,6108,320.0,390.0,70.0,,39.0,2.0,2009.0,refurbished,apartment,,central_heating,2.76,False,True,False,False,False,False,Oct19
110937845,Brandenburg,Uckermark_Kreis,Prenzlau,17291,265.0,360.0,74.0,40.0,49.57,2.0,1974.0,,apartment,B,district_heating,1.75,False,True,False,True,False,False,May19
88817195,Sachsen,Leipzig_Kreis,Markranstädt,4420,360.0,500.0,140.0,,74.51,2.0,1900.0,refurbished,ground_floor,,central_heating,1.61,False,False,True,True,True,False,Feb20
115608773,Baden_Württemberg,Heilbronn,Heilbronner_Kernstadt,74072,750.0,,75.0,125.0,55.0,2.0,1968.0,modernized,apartment,,central_heating,6.52,False,True,False,False,True,True,Feb20
111371524,Nordrhein_Westfalen,Oberbergischer_Kreis,Radevormwald,42477,395.0,585.0,190.0,,71.0,3.0,1969.0,well_kept,apartment,,central_heating,3.19,False,True,False,False,False,False,May19
111354157,Sachsen,Hoyerswerda,Zeißig,2977,300.0,418.0,73.0,45.0,62.01,3.0,1965.0,,,,,1.47,False,True,False,False,False,False,May19
115425099,Rheinland_Pfalz,Westerwaldkreis,Dreikirchen,56414,660.0,840.0,180.0,,120.0,4.0,1983.0,well_kept,ground_floor,,electric_heating,6.16,False,True,False,False,True,True,Feb20
115637577,Sachsen,Bautzen_Kreis,Bautzen,2625,950.0,1170.0,220.0,,110.05,4.0,2020.0,,apartment,A_PLUS,floor_heating,1.98,True,False,False,False,False,False,Feb20
115493192,Thüringen,Saale_Orla_Kreis,Bad_Lobenstein,7356,340.0,440.0,100.0,,55.18,3.0,1994.0,modernized,apartment,,gas_heating,-0.19,False,False,False,False,False,False,Feb20
109645308,Baden_Württemberg,Baden_Baden,Innenstadt,76530,1130.0,1340.0,210.0,,113.0,3.0,,well_kept,raised_ground_floor,,self_contained_central_heating,5.1,False,False,False,True,False,True,May19
111493802,Hamburg,Hamburg,Rahlstedt,22145,566.5,681.5,115.0,,45.0,1.0,1970.0,refurbished,apartment,,central_heating,4.92,False,False,False,False,False,False,Oct19
115710030,Rheinland_Pfalz,Südliche_Weinstraße_Kreis,Herxheim_bei_Landau/Pfalz,76863,670.0,824.0,154.0,,94.64,3.5,1982.0,,apartment,,central_heating,3.89,False,True,False,True,True,False,Feb20
109207161,Nordrhein_Westfalen,Hagen,Mittelstadt,58095,1150.5,,450.0,,177.0,5.0,1960.0,well_kept,maisonette,,gas_heating,2.58,False,True,True,True,False,False,May19
111177828,Bayern,Coburg_Kreis,Weitramsdorf,96479,595.0,785.0,190.0,,95.2,2.0,1985.0,,roof_storey,C,central_heating,1.57,False,True,False,False,False,True,May19
111170138,Nordrhein_Westfalen,Warendorf_Kreis,Ahlen,59229,420.0,660.0,140.0,100.0,75.12,3.0,1968.0,well_kept,apartment,F,central_heating,3.33,False,True,False,True,True,False,May19
111555314,Brandenburg,Spree_Neiße_Kreis,Forst_Lausitz,3149,170.0,266.0,96.0,,31.94,1.0,1906.0,negotiable,apartment,D,central_heating,3.61,False,False,False,False,False,False,Feb20
113409418,Rheinland_Pfalz,Koblenz,Oberwerth,56075,745.0,920.0,175.0,,66.28,2.0,2019.0,first_time_use,ground_floor,,floor_heating,4.11,True,True,True,True,False,False,Oct19
110518048,Sachsen,Dresden,Mickten,1139,534.0,685.0,151.0,,62.76,2.0,1900.0,well_kept,apartment,,central_heating,2.67,False,True,True,True,True,False,May19
114773927,Berlin,Berlin,Tiergarten_Tiergarten,10557,1608.6,1884.36,183.84,91.92,91.92,3.0,2019.0,first_time_use,ground_floor,B,district_heating,7.56,True,True,True,True,False,True,Feb20
100821134,Baden_Württemberg,Reutlingen_Kreis,Sonnenbühl,72820,600.0,700.0,100.0,,85.0,3.0,1969.0,mint_condition,ground_floor,,oil_heating,5.0,False,True,False,True,True,True,May19
82530713,Nordrhein_Westfalen,Unna_Kreis,Lünen,44534,365.0,495.0,130.0,,60.0,2.0,1977.0,,roof_storey,D,central_heating,2.93,False,False,False,True,False,False,Oct19
114120343,Niedersachsen,Lüneburg_Kreis,Lüneburg,21335,537.71,,106.0,97.0,72.38,3.0,1995.0,well_kept,roof_storey,,central_heating,3.57,False,True,False,True,False,True,Feb20
110387164,Bayern,Freising_Kreis,Marzling,85417,300.0,380.0,80.0,,25.0,1.0,1970.0,well_kept,roof_storey,E,central_heating,4.82,False,False,False,True,False,True,Feb20
110276277,Berlin,Berlin,Spandau_Spandau,13585,381.0,489.0,108.0,59.0,37.8,1.0,1910.0,modernized,apartment,,central_heating,8.6,False,False,False,False,False,False,May19
106361680,Nordrhein_Westfalen,Dortmund,Aplerbeck,44287,469.0,683.0,144.0,70.0,71.0,3.5,1969.0,,apartment,,central_heating,4.35,False,True,False,True,False,False,Sep18
84824654,Bayern,Nürnberg,Erlenstegen,90491,895.0,895.0,0.0,,49.0,2.0,1934.0,,,D,central_heating,5.26,False,False,False,True,True,True,Sep18
108224381,Nordrhein_Westfalen,Dortmund,Innenstadt,44135,900.0,1200.0,300.0,,130.0,3.5,1914.0,modernized,apartment,D,central_heating,4.51,False,False,False,False,False,False,May19
111246355,Hessen,Frankfurt_am_Main,Westend_Süd,60325,790.0,910.0,120.0,,45.0,2.0,1954.0,fully_renovated,half_basement,D,gas_heating,5.15,False,False,False,False,False,True,May19
111972036,Sachsen_Anhalt,Magdeburg,Altstadt,39104,489.65,699.5,209.85,,69.95,2.0,1887.0,refurbished,,C,central_heating,1.87,False,True,False,True,False,True,Oct19
113319659,Sachsen_Anhalt,Wittenberg_Kreis,Lutherstadt_Wittenberg,6886,190.0,280.0,90.0,60.0,30.5,1.0,,modernized,apartment,,gas_heating,-0.16,False,True,False,True,True,False,Oct19
100310228,Mecklenburg_Vorpommern,Nordvorpommern_Kreis,Wittenhagen,18510,255.0,305.0,50.0,,40.0,2.0,,fully_renovated,roof_storey,,night_storage_heater,1.95,False,False,False,True,True,False,May19
115696082,Nordrhein_Westfalen,Aachen,Vaalserquartier,52074,650.0,850.0,,,85.0,2.0,,,ground_floor,,,2.56,False,True,False,False,True,True,Feb20
114411165,Hessen,Hochtaunuskreis,Kronberg_im_Taunus,61476,920.0,1170.0,250.0,,80.58,4.0,1992.0,fully_renovated,,E,central_heating,4.39,False,True,False,True,False,True,Feb20
115235042,Baden_Württemberg,Konstanz_Kreis,Radolfzell_am_Bodensee,78315,1750.0,1930.0,180.0,0.0,145.59,4.0,2017.0,mint_condition,roof_storey,A,gas_heating,3.13,False,True,True,False,False,True,Feb20
110831648,Nordrhein_Westfalen,Remscheid,Innenstadt,42855,250.0,,75.0,65.0,37.0,1.0,,,apartment,,central_heating,1.54,False,False,False,True,False,True,May19
105873591,Nordrhein_Westfalen,Paderborn_Kreis,Paderborn,33098,670.0,740.0,70.0,,88.0,3.0,1992.0,well_kept,roof_storey,,,5.97,False,True,False,True,True,False,Sep18
106006530,Rheinland_Pfalz,Mainz,Oberstadt,55131,1590.0,1940.0,350.0,,121.0,4.0,2018.0,first_time_use,terraced_flat,B,floor_heating,3.54,True,True,True,True,True,True,Sep18
92741228,Mecklenburg_Vorpommern,Rostock,Toitenwinkel,18147,260.0,400.0,70.0,70.0,61.8,3.0,1989.0,well_kept,apartment,C,district_heating,2.22,False,True,False,True,False,False,Oct19
111320853,Mecklenburg_Vorpommern,Neubrandenburg,Stadtgebiet_Ost,17036,375.0,589.0,214.0,92.0,75.96,4.0,1973.0,modernized,,D,district_heating,0.95,False,True,False,False,False,False,May19
106380898,Rheinland_Pfalz,Rhein_Lahn_Kreis,Kamp_Bornhofen,56341,335.0,430.0,95.0,,41.0,1.0,,well_kept,,,central_heating,1.89,False,True,False,False,False,True,Sep18
107115497,Niedersachsen,Goslar_Kreis,Goslar,38640,560.0,780.0,220.0,,90.0,3.0,,refurbished,apartment,,central_heating,3.07,False,False,False,False,False,False,Oct19
113146598,Hessen,Offenbach_Kreis,Rödermark,63322,1100.0,1350.0,250.0,,90.0,3.0,2017.0,first_time_use,penthouse,C,central_heating,4.9,False,True,True,True,False,True,Oct19
111167924,Hessen,Main_Kinzig_Kreis,Bruchköbel,63486,810.0,1010.0,200.0,,95.0,3.0,,well_kept,apartment,,central_heating,4.16,False,True,False,True,True,True,May19
104692423,Nordrhein_Westfalen,Soest_Kreis,Soest,59494,500.0,680.0,,,87.0,3.0,1980.0,,apartment,,central_heating,4.69,False,True,False,False,False,False,Feb20
47211387,Sachsen,Dresden,Trachau,1139,230.0,300.0,70.0,,26.0,1.0,1900.0,refurbished,roof_storey,,central_heating,2.78,False,False,False,True,False,True,May19
112297057,Nordrhein_Westfalen,Remscheid,Lennep,42897,203.8,333.8,70.0,60.0,39.04,2.0,1955.0,,roof_storey,,central_heating,1.65,False,False,False,True,False,False,Oct19
109663143,Sachsen,Leipzig,Zentrum_Ost,4103,480.0,680.0,200.0,,87.86,4.0,1934.0,well_kept,apartment,F,district_heating,6.17,False,False,False,True,False,False,May19
111348954,Sachsen,Mittelsachsen_Kreis,Döbeln,4720,350.0,420.0,70.0,,70.0,2.0,1916.0,well_kept,apartment,NO_INFORMATION,electric_heating,1.19,False,False,False,False,False,False,May19
113517868,Schleswig_Holstein,Flensburg,Südstadt,24941,787.5,982.5,195.0,,105.0,4.0,1911.0,refurbished,apartment,,,4.18,False,False,False,True,False,True,Feb20
104687785,Thüringen,Greiz_Kreis,Greiz,7973,259.0,384.0,125.0,,57.0,2.0,1905.0,,apartment,NO_INFORMATION,central_heating,0.0,False,True,False,True,False,False,Sep18
109805024,Sachsen_Anhalt,Magdeburg,Cracau,39114,445.0,,111.0,74.0,74.0,3.0,1937.0,fully_renovated,apartment,,central_heating,1.56,False,True,False,True,False,True,May19
107378336,Nordrhein_Westfalen,Viersen_Kreis,Viersen,41749,340.0,460.0,120.0,,61.0,3.0,1960.0,,apartment,,self_contained_central_heating,3.17,False,False,False,True,False,False,Sep18
105303804,Baden_Württemberg,Pforzheim,Nordstadt,75177,990.0,1240.0,250.0,,105.0,3.0,,fully_renovated,apartment,,floor_heating,5.41,False,True,False,True,False,False,Sep18
115523081,Hessen,Main_Kinzig_Kreis,Bad_Orb,63619,787.5,1037.5,250.0,,105.0,3.5,1999.0,well_kept,apartment,,gas_heating,4.32,False,True,True,True,False,True,Feb20
90614911,Thüringen,Gera,Gera_Nord/Langenberg,7552,400.0,530.0,130.0,,65.0,2.0,1997.0,mint_condition,ground_floor,,central_heating,1.82,False,True,False,True,False,False,Oct19
112149759,Sachsen_Anhalt,Burgenlandkreis,Weißenfels,6667,247.0,370.5,69.16,54.34,49.4,2.0,1935.0,,,,,0.19,False,False,False,False,False,False,Oct19
85788481,Nordrhein_Westfalen,Bochum,Südinnenstadt,44789,500.0,650.0,150.0,,60.0,2.0,1962.0,fully_renovated,apartment,F,gas_heating,4.76,False,False,False,True,False,True,Feb20
86300633,Brandenburg,Barnim_Kreis,Eberswalde,16225,420.0,550.0,65.0,65.0,65.0,2.0,,fully_renovated,apartment,NO_INFORMATION,central_heating,3.45,False,True,False,True,True,False,Oct19
73892353,Nordrhein_Westfalen,Oberhausen,Dümpten,46047,280.0,410.0,80.0,50.0,40.5,1.5,1950.0,well_kept,roof_storey,,,2.15,False,False,False,False,False,False,Feb20
114637489,Baden_Württemberg,Rhein_Neckar_Kreis,Gaiberg,69251,630.0,830.0,200.0,,85.0,2.0,,,roof_storey,,central_heating,4.04,False,True,False,False,False,True,Feb20
108672683,Sachsen,Leipzig,Anger_Crottendorf,4318,865.16,1116.66,251.5,,100.6,4.0,1900.0,first_time_use,raised_ground_floor,,central_heating,5.02,False,True,False,True,True,False,May19
115124435,Berlin,Berlin,Wilmersdorf_Wilmersdorf,10711,2100.0,2500.0,400.0,,120.0,4.0,2019.0,first_time_use,apartment,B,central_heating,6.38,True,True,True,True,False,True,Feb20
112922046,Sachsen_Anhalt,Halle_Saale,Ortslage_Ammendorf/Beesen,6132,325.0,445.0,120.0,,67.0,2.0,1903.0,,,E,central_heating,2.17,False,False,False,False,False,True,Oct19
111825031,Nordrhein_Westfalen,Essen,Haarzopf,45149,350.0,400.0,50.0,,45.0,2.0,,modernized,roof_storey,,,3.01,False,False,False,False,False,False,Oct19
115695518,Nordrhein_Westfalen,Mettmann_Kreis,Haan,42781,650.0,790.0,140.0,,73.0,2.5,1974.0,fully_renovated,apartment,,central_heating,3.79,False,True,False,True,False,False,Feb20
113864984,Schleswig_Holstein,Flensburg,Friesischer_Berg,24937,452.0,602.0,80.0,70.0,56.5,3.0,1900.0,well_kept,apartment,NO_INFORMATION,district_heating,3.38,False,True,False,False,False,True,Oct19
90523714,Bayern,Passau,Heining,94036,400.0,550.0,80.0,70.0,56.2,2.0,1972.0,well_kept,apartment,,district_heating,3.13,False,True,True,True,False,True,Oct19
85360838,Hessen,Hochtaunuskreis,Bad_Homburg_vor_der_Höhe,61350,1150.0,1335.0,185.0,,118.0,4.0,1910.0,well_kept,,,self_contained_central_heating,3.85,False,True,False,True,False,True,Sep18
114633845,Hessen,Groß_Gerau_Kreis,Rüsselsheim_am_Main,65428,1550.0,1950.0,400.0,,120.0,4.0,1957.0,,roof_storey,D,self_contained_central_heating,4.15,False,True,False,False,False,True,Feb20
110893714,Thüringen,Saale_Orla_Kreis,Neustadt_an_der_Orla,7806,384.0,534.0,150.0,,83.44,3.0,1996.0,modernized,roof_storey,B,,-0.2,False,True,False,True,False,False,Feb20
107311931,Nordrhein_Westfalen,Herne,Wanne,44649,540.0,770.0,230.0,,82.0,3.5,1981.0,,apartment,,gas_heating,3.45,False,True,False,False,False,False,Sep18
114707940,Nordrhein_Westfalen,Leverkusen,Steinbüchel,51377,572.9,761.9,142.0,47.0,67.4,3.0,1963.0,,apartment,E,central_heating,3.99,False,True,False,True,False,False,Feb20
115612581,Sachsen,Chemnitz,Kaßberg,9112,845.0,1045.0,200.0,,107.0,4.0,1905.0,mint_condition,,C,central_heating,0.9,False,True,True,True,True,False,Feb20
110958127,Berlin,Berlin,Lichterfelde_Steglitz,14167,1511.0,1844.0,333.0,,111.2,2.0,,mint_condition,,,floor_heating,7.94,False,True,True,False,False,True,May19
111363625,Nordrhein_Westfalen,Düsseldorf,Derendorf,40476,690.0,690.0,170.0,,69.0,3.0,,modernized,apartment,,oil_heating,5.39,False,True,True,True,False,False,May19
115665657,Sachsen,Zwickau,Niederplanitz,8062,214.2,342.4,31.0,66.7,42.0,2.0,1978.0,,,,,0.37,False,True,False,True,False,False,Feb20
113477441,Berlin,Berlin,Zehlendorf_Zehlendorf,14169,885.0,1218.0,333.0,,72.99,3.0,1992.0,,apartment,E,central_heating,5.31,False,True,True,False,False,False,Oct19
105028369,Rheinland_Pfalz,Mainz_Bingen_Kreis,Bingen_am_Rhein,55411,920.0,1275.0,355.0,,102.0,3.0,2018.0,first_time_use,apartment,A,floor_heating,3.32,True,True,True,True,False,False,Sep18
115507626,Nordrhein_Westfalen,Lippe_Kreis,Lügde,32676,390.0,,96.0,85.0,78.19,4.0,1962.0,well_kept,apartment,D,central_heating,3.37,False,True,False,True,False,False,Feb20
106867996,Sachsen_Anhalt,Halle_Saale,Silberhöhe,6132,570.0,814.0,114.0,130.0,113.96,5.0,1984.0,,,,,4.08,False,True,False,True,False,False,Sep18
115516170,Mecklenburg_Vorpommern,Greifswald,Fleischervorstadt,17489,820.0,1020.0,200.0,,85.0,3.0,,mint_condition,other,,,0.88,False,True,False,True,False,True,Feb20
111851553,Thüringen,Erfurt,Melchendorf,99097,400.0,595.0,195.0,,76.4,3.0,1989.0,well_kept,apartment,C,district_heating,1.95,False,True,False,True,False,False,Oct19
93726284,Brandenburg,Brandenburg_an_der_Havel,Altstadt,14770,366.76,,87.0,,69.07,3.0,1960.0,refurbished,,,self_contained_central_heating,1.79,False,True,False,False,False,False,Oct19
106618577,Berlin,Berlin,Tiergarten_Tiergarten,10963,4310.0,5000.0,690.0,110.0,215.5,4.0,2018.0,first_time_use,roof_storey,NO_INFORMATION,district_heating,10.4,True,True,True,True,False,False,Sep18
107300710,Sachsen,Nordsachsen_Kreis,Delitzsch,4509,890.0,1148.0,258.0,,112.0,4.0,2006.0,,apartment,,,1.67,False,True,False,True,False,False,Sep18
114676864,Sachsen,Leipzig_Kreis,Borna,4552,323.0,480.0,74.0,83.0,67.1,3.0,1950.0,refurbished,ground_floor,F,oil_heating,2.76,False,False,False,False,True,False,Feb20
115366041,Mecklenburg_Vorpommern,Schwerin,Schelfstadt,19055,367.0,534.0,75.0,92.0,56.0,2.0,,well_kept,,,central_heating,3.65,False,False,False,True,False,True,Feb20
95760383,Bayern,München,Ludwigsvorstadt_Isarvorstadt,80336,2100.0,2200.0,300.0,,85.0,3.0,1984.0,modernized,apartment,,central_heating,5.74,False,False,True,False,False,False,Feb20
82862353,Mecklenburg_Vorpommern,Greifswald,Innenstadt,17489,380.0,490.0,110.0,,50.5,1.0,2006.0,mint_condition,,,central_heating,3.85,False,False,False,False,False,False,Oct19
59237426,Nordrhein_Westfalen,Oberbergischer_Kreis,Wipperfürth,51688,630.0,740.0,110.0,,78.0,2.0,1998.0,well_kept,maisonette,,gas_heating,3.51,False,False,False,True,False,True,Feb20
111358447,Sachsen,Leipzig_Kreis,Zwenkau,4442,1228.0,1652.0,282.0,,122.81,4.0,2019.0,first_time_use,apartment,A,heat_pump,3.5,True,True,True,True,False,False,May19
115212194,Sachsen,Sächsische_Schweiz_Osterzgebirge_Kreis,Freital,1705,269.64,386.64,56.0,61.0,46.65,2.0,1910.0,,ground_floor,D,central_heating,0.95,False,False,False,True,False,False,Feb20
115630875,Hessen,Frankfurt_am_Main,Riedberg,60438,1620.0,,250.0,150.0,108.0,4.0,2017.0,mint_condition,apartment,B,,,False,True,True,False,False,True,Feb20
115119311,Hamburg,Hamburg,Harburg,21073,820.0,920.0,50.0,50.0,65.23,2.0,2020.0,first_time_use,terraced_flat,C,central_heating,4.31,True,True,False,False,False,True,Feb20
115512538,Nordrhein_Westfalen,Lippe_Kreis,Oerlinghausen,33813,580.0,,,,97.6,2.0,1933.0,,,E,,4.02,False,False,False,False,False,False,Feb20
114861636,Nordrhein_Westfalen,Hagen,Altenhagen,58097,248.18,448.18,200.0,60.0,54.94,2.0,1986.0,well_kept,raised_ground_floor,,gas_heating,1.75,False,True,True,True,False,True,Feb20
110532160,Mecklenburg_Vorpommern,Bad_Doberan_Kreis,Elmenhorst/Lichtenhagen,18107,671.0,,144.0,,57.7,2.0,2016.0,,apartment,A_PLUS,central_heating,3.53,False,True,False,False,False,True,May19
111842062,Sachsen,Erzgebirgskreis,Marienberg,9496,239.0,361.0,82.0,40.0,69.7,3.0,1989.0,,apartment,B,district_heating,1.34,False,True,False,True,False,False,Oct19
106996478,Bayern,Roth_Kreis,Roth,91154,333.1,419.33,76.0,40.0,56.93,2.0,1994.0,refurbished,ground_floor,NO_INFORMATION,central_heating,4.41,False,True,False,False,False,False,Sep18
113659151,Mecklenburg_Vorpommern,Neubrandenburg,Stadtgebiet_Ost,17036,305.0,457.0,152.0,63.0,62.93,3.0,1974.0,modernized,,C,district_heating,0.19,False,True,False,False,False,False,Oct19
45239580,Berlin,Berlin,Oberschöneweide_Köpenick,12459,1070.0,1350.0,280.0,,110.94,3.0,1905.0,refurbished,,,central_heating,9.76,False,False,False,True,False,False,May19
106777746,Sachsen,Meißen_Kreis,Meißen,1662,213.0,293.0,80.0,,31.5,2.0,1990.0,first_time_use_after_refurbishment,apartment,,,1.75,False,True,True,True,False,False,Sep18
112597620,Sachsen,Chemnitz,Gablenz,9127,300.0,434.0,134.0,,61.0,3.0,,fully_renovated,apartment,,,0.19,False,True,False,True,True,False,Oct19
109863620,Thüringen,Gotha_Kreis,Gotha,99867,253.5,,133.0,,51.0,2.0,1977.0,refurbished,,,district_heating,4.29,False,True,False,True,False,False,May19
106315955,Bremen,Bremen,Oberneuland,28355,750.0,,250.55,,79.0,3.0,1983.0,well_kept,,,central_heating,4.88,False,True,False,False,False,True,Feb20
106104386,Sachsen,Leipzig,Lausen_Grünau,4207,340.0,476.0,68.0,68.0,68.14,3.0,1981.0,,,,,5.66,False,True,False,True,False,False,Sep18
107022695,Brandenburg,Uckermark_Kreis,Prenzlau,17291,325.0,460.0,135.0,65.0,60.8,3.0,1972.0,,apartment,,district_heating,3.51,False,True,False,True,False,False,Sep18
111841777,Sachsen_Anhalt,Halle_Saale,Altstadt,6128,220.0,350.0,100.0,,32.34,1.0,1994.0,,apartment,,central_heating,2.76,False,False,True,False,False,False,Oct19
112071699,Baden_Württemberg,Lörrach_Kreis,Lörrach,79539,930.0,930.0,0.0,,50.0,1.0,1911.0,,roof_storey,G,,1.32,False,True,False,False,False,True,Oct19
115162640,Hessen,Offenbach_am_Main,Stadtmitte,63076,1220.0,1550.0,200.0,130.0,119.3,5.0,1900.0,mint_condition,roof_storey,E,central_heating,5.8,False,False,False,True,False,False,Feb20
73288969,Sachsen,Chemnitz,Gablenz,9127,323.0,444.0,121.0,,54.8,2.0,,,maisonette,,central_heating,0.0,False,True,False,True,True,False,May19
109501116,Sachsen,Chemnitz,Kaßberg,9112,450.0,630.0,180.0,,82.96,3.0,,first_time_use,apartment,,central_heating,0.43,False,True,False,True,True,False,May19
114665711,Berlin,Berlin,Alt_Hohenschönhausen_Hohenschönhausen,13055,497.4,633.26,135.86,,58.5,2.0,1934.0,,ground_floor,C,,6.17,False,True,False,False,False,False,Feb20
107375640,Thüringen,Eichsfeld_Kreis,Breitenworbis,37339,165.0,275.0,65.0,45.0,31.7,1.0,1985.0,well_kept,apartment,,central_heating,1.92,False,True,False,True,False,False,Sep18
115468711,Sachsen,Dresden,Prohlis_Süd,1239,196.0,307.0,53.0,59.0,26.43,1.0,1978.0,fully_renovated,apartment,,,1.25,False,True,True,True,False,False,Feb20
113901790,Brandenburg,Oberhavel_Kreis,Hohen_Neuendorf,16540,1088.0,1281.0,103.0,90.0,77.71,2.0,2019.0,first_time_use,ground_floor,,central_heating,7.25,True,True,True,True,True,False,Feb20
112406759,Sachsen_Anhalt,Magdeburg,Neu_Olvenstedt,39130,406.58,553.79,147.21,,70.1,3.0,1982.0,well_kept,apartment,,central_heating,2.4,False,False,False,True,False,False,Oct19
111393121,Baden_Württemberg,Schwäbisch_Hall_Kreis,Schwäbisch_Hall,74523,780.0,845.0,65.0,,79.0,3.0,,modernized,maisonette,NO_INFORMATION,central_heating,4.19,False,True,False,False,False,True,May19
114326936,Baden_Württemberg,Stuttgart,Freiberg,70437,966.25,1260.0,197.12,96.63,77.3,3.0,1968.0,first_time_use,ground_floor,C,central_heating,4.24,False,True,False,False,False,True,Feb20
112737545,Hessen,Rheingau_Taunus_Kreis,Kiedrich,65399,850.0,1050.0,200.0,,84.86,3.0,,mint_condition,roof_storey,,gas_heating,3.64,False,False,False,True,False,False,Oct19
105177705,Sachsen,Zwickau_Kreis,Meerane,8393,250.0,395.0,135.0,,54.4,2.0,1900.0,fully_renovated,other,,gas_heating,1.96,False,False,False,True,False,False,Sep18
106466428,Sachsen,Dresden,Wilsdruffer_Vorstadt/Seevorstadt_West,1067,838.87,,148.26,,56.3,2.0,2018.0,first_time_use,apartment,,floor_heating,4.14,True,True,True,True,False,True,Sep18
113611057,Sachsen,Leipzig,Südvorstadt,4275,450.0,620.0,170.0,,72.45,2.0,1900.0,,apartment,,central_heating,4.81,False,False,True,False,False,False,Oct19
104270023,Hessen,Lahn_Dill_Kreis,Wetzlar,35578,810.0,945.0,135.0,,89.68,3.0,2018.0,first_time_use,apartment,B,district_heating,5.02,True,True,True,True,False,True,Sep18
64417565,Sachsen_Anhalt,Börde_Kreis,Wolmirstedt,39326,374.75,525.0,150.25,78.25,66.92,3.0,1972.0,fully_renovated,apartment,,central_heating,1.93,False,True,True,True,False,False,May19
98765585,Sachsen,Meißen_Kreis,Coswig,1640,400.0,549.0,149.0,,62.0,2.0,1995.0,well_kept,,,district_heating,3.13,False,True,False,True,False,True,May19
107037425,Mecklenburg_Vorpommern,Neubrandenburg,Reitbahnviertel,17034,198.0,320.0,122.0,47.0,48.41,2.0,1986.0,well_kept,apartment,,district_heating,-2.5,False,True,False,False,False,False,Sep18
111404148,Nordrhein_Westfalen,Minden_Lübbecke_Kreis,Minden,32425,450.0,580.0,130.0,,68.0,3.0,1963.0,,apartment,B,central_heating,4.55,False,True,False,True,True,False,May19
109462249,Sachsen,Plauen,Chrieschwitz,8529,276.0,459.0,86.0,97.0,69.0,4.0,1981.0,first_time_use_after_refurbishment,apartment,,central_heating,2.33,False,True,False,True,False,True,May19
113160364,Nordrhein_Westfalen,Gelsenkirchen,Ückendorf,45886,331.9,453.9,84.0,38.0,51.86,2.0,1953.0,,ground_floor,,central_heating,2.07,False,True,False,True,True,False,Oct19
107498661,Nordrhein_Westfalen,Hagen,Haspe,58135,506.0,851.0,345.0,95.0,98.04,3.0,1900.0,well_kept,apartment,,central_heating,1.64,False,True,True,True,False,False,May19
113559556,Sachsen,Bautzen_Kreis,Bautzen,2625,297.0,402.0,50.0,55.0,49.5,2.0,1963.0,,,C,,1.93,False,True,False,False,False,False,Oct19
113148791,Bayern,Ingolstadt,Südwest,85051,1030.0,1210.0,180.0,,77.0,3.0,2019.0,first_time_use,ground_floor,,floor_heating,3.14,True,True,False,True,True,True,Oct19
102317869,Nordrhein_Westfalen,Rhein_Erft_Kreis,Frechen,50226,1599.0,2099.0,450.0,,171.35,4.0,2017.0,first_time_use,penthouse,A_PLUS,heat_pump,3.31,True,True,True,True,True,False,Sep18
106635206,Sachsen,Dresden,Laubegast,1279,285.0,394.0,65.0,44.0,43.93,2.0,,refurbished,apartment,,central_heating,2.63,False,False,False,True,False,False,Sep18
110565950,Nordrhein_Westfalen,Essen,Bredeney,45133,1690.0,2065.0,375.0,142.0,144.0,4.0,1995.0,fully_renovated,terraced_flat,E,central_heating,3.37,False,True,True,True,True,True,May19
115637385,Baden_Württemberg,Böblingen_Kreis,Sindelfingen,71063,1200.0,1450.0,250.0,,100.07,3.5,2019.0,first_time_use,apartment,,heat_pump,6.47,True,True,True,True,False,True,Feb20
111356452,Nordrhein_Westfalen,Neuss_Rhein_Kreis,Neuss,41464,770.0,,180.0,,90.0,3.0,1992.0,well_kept,maisonette,,central_heating,4.0,False,True,False,True,True,False,May19
103183666,Nordrhein_Westfalen,Mülheim_an_der_Ruhr,Mitte,45473,300.0,482.6,182.6,,18.0,1.0,,refurbished,ground_floor,,central_heating,4.23,False,False,False,False,False,True,May19
115389144,Nordrhein_Westfalen,Hagen,Wehringhausen,58089,559.0,800.0,157.0,84.0,105.0,3.0,1910.0,,apartment,,gas_heating,2.37,False,True,False,False,False,False,Feb20
110661832,Nordrhein_Westfalen,Mülheim_an_der_Ruhr,Mitte,45468,420.28,642.43,114.08,108.07,60.04,2.0,1974.0,fully_renovated,apartment,,district_heating,2.78,False,True,True,True,False,False,May19
96241850,Thüringen,Unstrut_Hainich_Kreis,Bad_Langensalza,99947,346.0,472.0,126.0,,62.84,2.0,,fully_renovated,apartment,,central_heating,1.72,False,False,False,False,False,False,Oct19
112550835,Hessen,Frankfurt_am_Main,Niederrad,60528,1500.0,,350.0,,100.0,4.0,1963.0,well_kept,apartment,,central_heating,4.99,False,True,False,False,False,True,Oct19
103177894,Sachsen,Zwickau_Kreis,Glauchau,8371,395.0,595.0,200.0,,79.7,3.0,1800.0,,roof_storey,,gas_heating,0.19,False,False,False,True,True,False,May19
113834810,Sachsen,Mittelsachsen_Kreis,Freiberg,9599,265.0,,53.0,58.0,44.0,2.0,1975.0,,apartment,B,district_heating,1.18,False,False,False,True,False,False,Oct19
106894789,Brandenburg,Ostprignitz_Ruppin_Kreis,Neuruppin,16816,1120.0,1445.0,325.0,,172.0,4.0,,mint_condition,other,,central_heating,4.55,False,False,False,True,False,True,Sep18
114344814,Nordrhein_Westfalen,Essen,Leithe,45307,346.44,500.44,128.0,26.0,60.46,2.0,1968.0,,apartment,,central_heating,3.4,False,True,True,False,False,False,Feb20
109003688,Rheinland_Pfalz,Kaiserslautern,Innenstadt,67663,505.0,726.0,132.0,89.0,88.38,3.0,1972.0,fully_renovated,ground_floor,,,3.99,False,True,True,True,False,False,May19
115157519,Nordrhein_Westfalen,Kleve_Kreis,Emmerich_am_Rhein,46446,430.0,579.01,96.0,53.0,50.0,2.0,2019.0,first_time_use,apartment,,combined_heat_and_power_plant,3.24,True,True,True,True,False,False,Feb20
105124929,Mecklenburg_Vorpommern,Schwerin,Weststadt,19053,420.0,580.0,95.0,65.0,56.0,2.0,1996.0,refurbished,apartment,NO_INFORMATION,self_contained_central_heating,3.08,False,True,False,True,True,False,Sep18
111308554,Baden_Württemberg,Stuttgart,Stammheim,70439,900.0,,250.0,,31.0,1.0,,well_kept,apartment,,central_heating,7.62,False,True,False,False,False,True,May19
107100674,Baden_Württemberg,Schwarzwald_Baar_Kreis,Villingen_Schwenningen,78054,780.0,,180.0,,78.0,3.0,2018.0,first_time_use,apartment,A,combined_heat_and_power_plant,4.94,True,True,True,True,False,False,May19
74862726,Sachsen,Dresden,Striesen_Ost,1277,454.0,594.0,70.0,70.0,63.9,3.0,1908.0,refurbished,,F,central_heating,1.9,False,False,False,True,True,False,Oct19
113687483,Berlin,Berlin,Grunewald_Wilmersdorf,14193,1683.4,1869.46,186.06,,89.0,3.0,2019.0,first_time_use,apartment,C,floor_heating,4.17,True,True,True,True,False,True,Oct19
91187693,Schleswig_Holstein,Dithmarschen_Kreis,Heide,25746,770.0,,185.0,,83.5,3.0,2016.0,,terraced_flat,NO_INFORMATION,combined_heat_and_power_plant,2.44,False,True,False,False,False,True,Oct19
107352798,Berlin,Berlin,Lichtenrade_Tempelhof,12307,790.0,890.0,100.0,,62.2,2.5,,,other,,oil_heating,7.23,False,True,False,True,False,True,Sep18
111159546,Berlin,Berlin,Weißensee_Weißensee,13086,919.0,1098.0,105.0,74.0,68.07,2.0,1918.0,first_time_use_after_refurbishment,apartment,,central_heating,9.32,False,False,False,False,False,False,May19
115375127,Brandenburg,Uckermark_Kreis,Prenzlau,17291,775.0,935.0,160.0,50.0,77.7,3.0,2020.0,first_time_use,,,floor_heating,0.85,True,True,True,True,False,False,Feb20
78216206,Nordrhein_Westfalen,Viersen_Kreis,Nettetal,41334,430.0,560.0,130.0,,42.0,2.0,1976.0,refurbished,apartment,,central_heating,2.93,False,True,True,True,True,True,Feb20
111353289,Sachsen,Leipzig,Eutritzsch,4129,250.0,320.0,70.0,,30.96,1.0,1997.0,refurbished,apartment,,central_heating,5.09,False,False,True,False,False,False,May19
98966277,Thüringen,Ilm_Kreis,Arnstadt,99310,290.0,380.0,90.0,,41.85,1.0,,,apartment,,central_heating,2.69,False,True,False,True,False,False,May19
109159949,Sachsen,Leipzig,Probstheida,4289,400.0,,200.0,,72.85,3.0,,need_of_renovation,apartment,,,3.44,False,True,False,False,False,False,May19
111216729,Nordrhein_Westfalen,Wesel_Kreis,Moers,47445,519.0,689.0,170.0,,90.0,3.0,1900.0,modernized,roof_storey,,central_heating,2.83,False,False,False,False,False,False,May19
94682686,Nordrhein_Westfalen,Neuss_Rhein_Kreis,Meerbusch,40668,515.0,665.0,150.0,,38.0,2.0,,well_kept,apartment,,central_heating,4.88,False,False,False,True,False,True,May19
112579939,Sachsen,Leipzig_Kreis,Borna,4552,235.0,350.0,60.0,55.0,45.98,2.0,1964.0,well_kept,apartment,,central_heating,2.8,False,False,False,True,False,False,Oct19
113802093,Sachsen,Plauen,Obere_Aue,8523,475.0,699.0,224.0,,95.0,4.0,,modernized,apartment,,,2.21,False,False,False,False,False,False,Oct19
57056409,Brandenburg,Frankfurt_Oder,Nuhnenvorstadt,15234,492.0,697.0,105.0,100.0,82.1,3.0,,well_kept,apartment,,central_heating,2.84,False,True,False,True,False,False,Feb20
115695324,Sachsen,Leipzig,Zentrum_Nord,4105,685.0,,218.5,,91.04,3.0,,first_time_use_after_refurbishment,apartment,C,self_contained_central_heating,4.39,False,True,False,False,False,False,Feb20
115223346,Nordrhein_Westfalen,Aachen_Kreis,Stolberg_Rheinland,52222,600.0,855.0,180.0,,74.2,2.0,1998.0,well_kept,ground_floor,B,central_heating,2.03,False,True,False,True,True,True,Feb20
65648233,Sachsen_Anhalt,Saalekreis,Merseburg,6217,320.0,495.0,95.0,80.0,56.0,2.0,1930.0,refurbished,roof_storey,E,district_heating,0.18,False,False,False,True,False,False,Feb20
113593682,Bayern,Bad_Tölz_Wolfratshausen_Kreis,Bad_Tölz,83646,850.0,1100.0,250.0,,94.0,3.5,1976.0,,maisonette,,oil_heating,4.51,False,True,True,True,False,False,Oct19
111415470,Nordrhein_Westfalen,Essen,Bedingrade,45357,590.0,759.0,169.0,,68.0,3.0,1966.0,,,,self_contained_central_heating,3.62,False,False,False,False,False,False,May19
115600152,Baden_Württemberg,Ravensburg_Kreis,Weingarten,88250,750.0,950.0,200.0,,89.0,4.0,1966.0,refurbished,apartment,,central_heating,4.55,False,True,False,True,False,True,Feb20
110988377,Baden_Württemberg,Esslingen_Kreis,Frickenhausen,72636,844.1,984.1,140.0,,104.0,4.0,,,apartment,,,4.5,False,False,False,False,False,True,May19
113732139,Berlin,Berlin,Wilmersdorf_Wilmersdorf,10707,2700.0,3000.0,300.0,,90.0,3.0,2019.0,first_time_use,apartment,NO_INFORMATION,floor_heating,6.74,True,True,True,True,False,True,Oct19
113194865,Sachsen,Meißen_Kreis,Riesa,1594,400.0,432.0,32.0,30.0,30.0,1.0,,first_time_use_after_refurbishment,apartment,,central_heating,0.74,False,True,True,False,True,True,Feb20
43722084,Sachsen_Anhalt,Burgenlandkreis,Zeitz,6712,287.6,,157.5,,62.5,3.0,1977.0,modernized,ground_floor,,district_heating,0.0,False,True,False,True,False,False,Oct19
106874821,Thüringen,Gotha_Kreis,Gotha,99867,340.0,480.0,140.0,,59.21,4.0,1980.0,fully_renovated,roof_storey,,district_heating,5.0,False,True,False,True,False,False,Sep18
107353305,Hessen,Wiesbaden,Nordost,65193,1250.0,1450.0,200.0,,122.0,4.0,1970.0,well_kept,maisonette,,self_contained_central_heating,3.74,False,True,False,True,True,True,Sep18
114975339,Sachsen_Anhalt,Halle_Saale,Südstadt,6128,309.0,457.0,74.0,74.0,61.38,3.0,1977.0,refurbished,apartment,,,2.13,False,True,False,True,False,False,Feb20
111354122,Sachsen_Anhalt,Halle_Saale,Damaschkestraße,6112,333.0,443.0,41.0,69.0,55.5,2.0,1934.0,well_kept,apartment,,central_heating,4.04,False,False,False,True,False,False,May19
114618955,Nordrhein_Westfalen,Wuppertal,Elberfeld_West,42115,575.0,709.0,134.0,,53.7,2.0,2020.0,first_time_use,ground_floor,NO_INFORMATION,combined_heat_and_power_plant,3.17,True,True,False,False,False,False,Feb20
112165349,Schleswig_Holstein,Neumünster,Innenstadt,24534,450.0,610.0,160.0,80.0,72.15,3.0,1914.0,,apartment,,self_contained_central_heating,4.94,False,False,False,False,False,True,Oct19
112914912,Sachsen,Dresden,Innere_Neustadt,1097,1600.0,,350.0,,153.87,4.0,1780.0,fully_renovated,maisonette,,central_heating,2.34,False,True,True,True,False,True,Oct19
112770541,Sachsen_Anhalt,Saalekreis,Merseburg,6217,415.0,657.5,87.0,155.5,86.4,4.0,1955.0,fully_renovated,apartment,,,-0.18,False,True,False,True,False,False,Oct19
99597285,Bayern,Fürth_Kreis,Oberasbach,90522,500.0,620.0,120.0,,54.73,2.5,1996.0,modernized,roof_storey,NO_INFORMATION,central_heating,3.45,False,True,False,True,False,True,Feb20
107519640,Hessen,Offenbach_am_Main,Stadtmitte,63067,1150.0,1330.0,180.0,,91.0,3.0,2016.0,mint_condition,apartment,,district_heating,5.43,False,True,False,True,False,False,Feb20
107360289,Bayern,München,Milbertshofen,80807,1218.78,1388.78,90.0,80.0,67.71,3.0,1960.0,well_kept,apartment,,central_heating,7.59,False,True,False,False,False,True,Sep18
115061012,Niedersachsen,Holzminden_Kreis,Holzminden,37603,400.0,550.0,150.0,,83.0,3.0,1970.0,well_kept,apartment,,central_heating,2.43,False,True,False,True,False,False,Feb20
111475721,Nordrhein_Westfalen,Oberbergischer_Kreis,Nümbrecht,51588,620.0,,100.0,,89.92,3.0,2019.0,first_time_use,ground_floor,NO_INFORMATION,floor_heating,3.47,True,True,False,False,False,False,Oct19
105268994,Sachsen,Leipzig,Gohlis_Mitte,4157,498.0,700.0,102.0,100.0,83.0,3.0,,well_kept,apartment,,self_contained_central_heating,5.8,False,True,False,True,False,False,Sep18
113790955,Bayern,München,Laim,80687,1650.0,1780.0,130.0,,92.1,3.5,1927.0,first_time_use_after_refurbishment,apartment,,self_contained_central_heating,5.78,False,True,False,True,True,True,Oct19
114959783,Sachsen_Anhalt,Magdeburg,Werder,39114,367.0,492.0,125.0,,45.82,1.0,1879.0,mint_condition,apartment,NO_INFORMATION,central_heating,2.33,False,True,True,False,False,False,Feb20
105117395,Sachsen,Leipzig,Altlindenau,4177,477.0,627.0,150.0,,74.0,3.0,1899.0,refurbished,apartment,E,central_heating,6.15,False,False,False,True,True,True,May19
115652714,Nordrhein_Westfalen,Mülheim_an_der_Ruhr,Broich,45479,460.0,629.0,169.0,54.0,61.0,2.0,1964.0,first_time_use_after_refurbishment,,,,3.35,False,True,False,False,False,False,Feb20
110186027,Berlin,Berlin,Tiergarten_Tiergarten,10785,1690.0,2210.0,520.0,,102.0,2.0,,refurbished,maisonette,,,10.17,False,True,True,True,False,True,May19
104635733,Mecklenburg_Vorpommern,Greifswald,Fettenvorstadt_/_Stadtrandsiedlung,17489,626.62,758.54,131.92,,65.96,2.0,,first_time_use,,,,1.2,False,True,False,False,False,False,Sep18
94919567,Nordrhein_Westfalen,Oberhausen,Lirich_Nord,46049,380.0,540.0,100.0,60.0,64.0,3.5,,,roof_storey,,central_heating,3.28,False,True,False,True,False,False,Feb20
112545785,Berlin,Berlin,Adlershof_Treptow,12489,792.54,938.42,145.88,,74.0,3.0,2017.0,,apartment,A,,6.64,False,True,False,False,False,False,Oct19
110859661,Sachsen,Zwickau_Kreis,Werdau,8412,312.0,450.0,138.0,,60.0,3.0,1961.0,first_time_use_after_refurbishment,apartment,B,central_heating,1.19,False,True,False,True,False,False,Feb20
101374624,Berlin,Berlin,Weißensee_Weißensee,13086,1500.0,1800.0,300.0,,105.0,4.0,2017.0,mint_condition,apartment,,floor_heating,7.35,False,True,True,True,False,False,Oct19
113612442,Niedersachsen,Wolfsburg,Fallersleben,38442,920.0,1080.0,160.0,,88.0,3.0,,modernized,apartment,,district_heating,-1.25,False,True,False,True,False,True,Oct19
113912205,Nordrhein_Westfalen,Essen,Katernberg,45327,342.19,553.19,160.0,51.0,63.94,2.0,1983.0,,roof_storey,,central_heating,3.47,False,True,False,True,False,False,Feb20
112825342,Sachsen,Chemnitz,Yorckgebiet,9130,427.0,544.0,117.0,,65.0,3.0,,first_time_use_after_refurbishment,,B,,1.12,False,True,False,True,False,False,Oct19
111387440,Niedersachsen,Hannover,List,30163,670.0,745.0,75.0,,79.0,3.0,1900.0,need_of_renovation,apartment,C,self_contained_central_heating,4.01,False,True,False,True,True,False,May19
111274876,Bremen,Bremen,Regensburger_Str.,28215,491.18,632.08,81.0,59.9,59.9,3.0,1928.0,,apartment,E,central_heating,4.62,False,False,False,True,False,False,May19
111598174,Mecklenburg_Vorpommern,Müritz_Kreis,Malchow,17213,400.0,550.0,150.0,,65.0,3.0,,refurbished,apartment,,gas_heating,4.38,False,False,False,True,False,True,Oct19
115500806,Hamburg,Hamburg,Eißendorf,21073,600.0,715.0,115.0,,57.0,2.5,,,roof_storey,,central_heating,4.23,False,False,False,True,False,True,Feb20
110937059,Nordrhein_Westfalen,Essen,Stoppenberg,45326,385.0,515.0,85.0,45.0,57.0,2.5,1927.0,first_time_use_after_refurbishment,ground_floor,G,central_heating,3.03,False,False,False,False,True,False,May19
111820529,Saarland,Saarpfalz_Kreis,Homburg,66424,580.0,790.0,210.0,,96.0,4.0,1990.0,well_kept,apartment,,central_heating,3.1,False,True,False,False,True,True,Oct19
111602962,Brandenburg,Brandenburg_an_der_Havel,Nord,14770,281.34,397.0,68.77,46.89,31.26,1.5,1982.0,fully_renovated,apartment,,,3.08,False,False,True,True,False,True,Oct19
105995722,Baden_Württemberg,Baden_Baden,Oos,76532,1790.0,2040.0,250.0,,140.0,5.0,2016.0,mint_condition,penthouse,,heat_pump,6.02,False,True,False,True,False,False,Sep18
113465569,Nordrhein_Westfalen,Märkischer_Kreis,Iserlohn,58636,240.0,400.0,160.0,60.0,38.0,1.0,,,apartment,,,2.97,False,False,False,False,False,False,Oct19
105427003,Sachsen,Leipzig,Eutritzsch,4129,300.0,430.0,130.0,,42.02,2.0,1950.0,refurbished,raised_ground_floor,D,central_heating,4.55,False,False,False,True,True,True,Sep18
111292760,Bayern,Aschaffenburg,Stadtmitte,63739,270.0,350.0,80.0,,20.25,1.0,1952.0,well_kept,,,central_heating,4.04,False,False,True,False,False,False,May19
110475480,Bayern,Augsburg,Innenstadt,86152,1485.0,,330.0,,110.0,4.0,2019.0,first_time_use,apartment,,district_heating,5.35,True,True,True,True,False,True,May19
111330019,Nordrhein_Westfalen,Köln,Neuehrenfeld,50823,750.0,930.0,180.0,,50.0,2.0,,,apartment,,district_heating,5.41,False,False,True,True,False,True,May19
57150094,Sachsen,Chemnitz,Schloßchemnitz,9113,244.0,359.0,115.0,,52.0,2.0,,fully_renovated,apartment,,central_heating,0.0,False,True,False,True,True,False,Sep18
109683260,Berlin,Berlin,Adlershof_Treptow,12489,1085.0,1325.0,160.0,80.0,95.91,3.0,1996.0,well_kept,roof_storey,,central_heating,8.24,False,True,False,True,False,True,May19
112071691,Sachsen,Chemnitz,Siegmar,9117,260.0,,115.0,,52.0,2.0,1904.0,well_kept,apartment,,central_heating,-0.18,False,False,False,True,True,True,Oct19
115616778,Sachsen,Dresden,Kaditz,1139,544.71,728.73,184.02,88.33,73.61,3.0,1925.0,fully_renovated,ground_floor,,gas_heating,1.31,False,True,False,False,False,False,Feb20
113845763,Niedersachsen,Hannover,Groß_Buchholz,30655,1090.0,1210.0,120.0,,91.67,3.0,1992.0,modernized,ground_floor,NO_INFORMATION,self_contained_central_heating,3.61,False,False,False,False,True,True,Oct19
96835052,Hessen,Schwalm_Eder_Kreis,Homberg_Efze,34576,400.0,600.0,200.0,,60.0,3.0,,,apartment,,gas_heating,3.85,False,True,False,True,True,True,Sep18
111258782,Mecklenburg_Vorpommern,Stralsund,Knieper_West,18435,255.0,430.0,65.0,110.0,48.8,2.0,1965.0,well_kept,apartment,C,central_heating,1.69,False,True,False,True,False,False,May19
113221531,Sachsen,Leipzig,Mockau_Süd,4357,375.0,495.0,120.0,,56.13,2.0,,refurbished,apartment,,central_heating,3.21,False,False,True,True,True,True,Oct19
114947698,Sachsen,Leipzig_Kreis,Wurzen,4808,233.0,337.0,104.0,,51.65,2.0,,,roof_storey,,central_heating,3.02,False,False,False,False,False,False,Feb20
112919952,Nordrhein_Westfalen,Märkischer_Kreis,Altena,58762,227.75,411.75,184.0,60.0,50.61,2.0,1957.0,,ground_floor,E,,2.11,False,True,False,True,False,False,Oct19
107452699,Bayern,München,Solln,81477,2700.0,2700.0,0.0,,90.0,4.0,2011.0,,,,,5.92,False,True,True,False,False,False,May19
104421762,Nordrhein_Westfalen,Köln,Weidenpesch,50737,600.0,740.0,140.0,,52.0,2.0,1930.0,well_kept,apartment,,central_heating,5.15,False,True,False,True,True,True,May19
108202876,Sachsen,Dresden,Friedrichstadt,1067,396.0,506.0,110.0,,44.0,2.0,,mint_condition,apartment,,,3.33,False,True,False,True,False,False,May19
104158487,Thüringen,Gera,Stadtmitte,7545,314.0,450.0,136.0,,68.0,3.0,1980.0,mint_condition,apartment,,central_heating,1.85,False,True,False,True,False,False,Sep18
113959309,Bayern,Schwandorf_Kreis,Schwarzhofen,92447,650.0,850.0,200.0,,140.0,5.5,1974.0,well_kept,ground_floor,,oil_heating,0.0,False,True,False,True,True,True,Feb20
112030495,Hamburg,Hamburg,Rahlstedt,22145,1290.0,1565.0,275.0,,125.0,4.0,1972.0,well_kept,maisonette,,oil_heating,4.67,False,True,False,False,False,False,Oct19
107332914,Bayern,München,Forstenried,81476,1400.0,,230.0,,84.0,3.0,2000.0,mint_condition,terraced_flat,B,central_heating,6.9,False,True,True,True,True,True,Sep18
35087509,Brandenburg,Potsdam_Mittelmark_Kreis,Beetzsee,14778,251.05,385.65,79.62,55.98,55.98,2.0,1995.0,well_kept,apartment,,central_heating,4.95,False,False,False,True,False,False,Feb20
108496788,Nordrhein_Westfalen,Rhein_Sieg_Kreis,Rheinbach,53359,870.0,,250.0,,124.0,3.0,1971.0,modernized,apartment,E,central_heating,4.29,False,True,False,False,False,False,May19
107093885,Rheinland_Pfalz,Koblenz,Metternich,56072,650.0,,180.0,,100.0,3.0,1934.0,,apartment,,,4.0,False,True,False,False,False,False,Sep18
115526840,Berlin,Berlin,Reinickendorf_Reinickendorf,13409,450.0,560.0,110.0,,35.0,1.0,1963.0,fully_renovated,apartment,E,,6.82,False,False,False,True,False,True,Feb20
115313430,Sachsen_Anhalt,Halle_Saale,Silberhöhe,6132,342.0,,78.0,60.0,56.98,3.0,1982.0,first_time_use,apartment,,,1.69,False,True,True,True,False,False,Feb20
113867426,Nordrhein_Westfalen,Warendorf_Kreis,Wadersloh,59329,400.0,550.0,120.0,,76.0,3.0,1966.0,,ground_floor,,,3.05,False,True,False,True,False,False,Oct19
114306615,Schleswig_Holstein,Schleswig_Flensburg_Kreis,Freienwill,24991,1050.0,1225.0,110.0,65.0,105.0,4.0,,mint_condition,,,,5.33,False,True,False,False,True,True,Feb20
115004142,Sachsen,Dresden,Gruna,1309,515.0,685.0,100.0,70.0,67.57,3.0,1111.0,,ground_floor,,central_heating,1.48,False,True,False,True,False,False,Feb20
113235304,Sachsen_Anhalt,Jerichower_Land_Kreis,Burg,39288,400.0,576.0,176.0,,80.0,3.5,1996.0,fully_renovated,roof_storey,,central_heating,1.81,False,True,False,True,False,False,Feb20
110802212,Baden_Württemberg,Heilbronn,Heilbronner_Kernstadt,74076,950.0,1190.0,240.0,,104.0,3.5,1965.0,well_kept,apartment,,central_heating,8.51,False,True,False,True,False,True,May19
111011711,Sachsen,Leipzig,Möckern,4159,425.0,560.0,135.0,,58.38,2.0,,,apartment,,central_heating,4.67,False,True,False,True,False,True,May19
112452142,Hessen,Wiesbaden,Mitte,65187,1375.0,1505.0,130.0,,125.0,3.0,1903.0,fully_renovated,apartment,,self_contained_central_heating,2.21,False,True,False,True,False,False,Oct19
89929262,Hessen,Offenbach_am_Main,Kaiserlei,63067,950.0,,180.0,,61.0,2.0,2016.0,first_time_use,apartment,B,floor_heating,5.49,False,True,True,True,False,True,Feb20
115617868,Hessen,Offenbach_am_Main,Bürgel,63075,510.0,,130.0,,58.0,2.0,,well_kept,apartment,,central_heating,5.41,False,False,False,False,False,False,Feb20
114105797,Sachsen,Zwickau,Nordvorstadt,8058,510.0,660.0,150.0,,98.31,3.0,1905.0,fully_renovated,apartment,,central_heating,0.9,False,True,False,False,True,False,Feb20
115437017,Sachsen,Dresden,Südvorstadt_West,1187,378.0,468.0,90.0,,27.62,1.0,2019.0,,apartment,,,1.71,True,False,True,False,False,True,Feb20
108776342,Sachsen,Plauen,Reißiger_Vorstadt,8525,280.0,380.0,100.0,,50.22,2.0,1903.0,well_kept,apartment,,,0.0,False,True,False,False,False,True,May19
110233061,Sachsen,Leipzig,Grünau_Nord,4205,185.88,,27.72,34.24,32.61,1.0,1982.0,negotiable,apartment,C,central_heating,3.07,False,False,False,False,False,False,Feb20
114161716,Bremen,Bremerhaven,Leherheide,27578,332.0,489.0,91.0,66.0,59.35,3.0,,,,,central_heating,2.68,False,False,False,False,False,False,Feb20
99511750,Bayern,Erlangen,Büchenbach,91056,1990.0,1990.0,0.0,,130.0,3.0,1974.0,,,C,central_heating,3.16,False,True,True,True,False,True,Sep18
109339033,Mecklenburg_Vorpommern,Rügen_Kreis,Sagard,18551,295.0,405.0,110.0,,46.43,2.0,1960.0,modernized,apartment,B,central_heating,2.94,False,False,False,False,False,False,May19
115708126,Nordrhein_Westfalen,Aachen,Hangeweiher,52076,980.0,1050.0,70.0,,125.0,4.0,,,ground_floor,,central_heating,2.2,False,True,True,True,True,True,Feb20
114730361,Baden_Württemberg,Schwarzwald_Baar_Kreis,Villingen_Schwenningen,78048,1800.0,1970.0,170.0,,185.0,5.0,1976.0,first_time_use_after_refurbishment,terraced_flat,,gas_heating,6.5,False,True,False,True,True,True,Feb20
105628798,Sachsen,Zwickau,Eckersbacher_Höhe_E5/2_3,8066,264.0,390.0,126.0,,55.0,2.0,1985.0,fully_renovated,apartment,,central_heating,0.0,False,True,False,False,False,False,Sep18
39333752,Sachsen,Nordsachsen_Kreis,Zwochau,4509,250.0,350.0,100.0,,52.02,2.0,1980.0,well_kept,ground_floor,C,central_heating,1.72,False,False,False,True,False,False,Sep18
114010761,Sachsen,Leipzig,Plagwitz,4229,1300.0,1653.0,363.0,,150.0,5.0,1950.0,refurbished,maisonette,A,central_heating,4.56,False,True,True,True,False,False,Feb20
106787369,Nordrhein_Westfalen,Bochum,Kruppwerke,44793,372.0,472.0,100.0,,60.0,2.0,1912.0,negotiable,maisonette,,self_contained_central_heating,5.88,False,False,False,False,False,False,May19
104923614,Sachsen,Plauen,Neundorfer_Vorstadt,8523,194.0,284.0,90.0,,42.27,2.0,,first_time_use_after_refurbishment,half_basement,,central_heating,2.04,False,False,False,True,False,False,May19
111344257,Schleswig_Holstein,Stormarn_Kreis,Hoisdorf,22955,713.0,896.0,88.0,95.0,62.06,2.0,1972.0,well_kept,terraced_flat,D,central_heating,4.36,False,True,False,False,True,True,May19
94308557,Sachsen_Anhalt,Dessau_Roßlau,Innerstädtischer_Bereich_Nord,6844,285.0,475.0,95.0,95.0,60.4,2.5,1978.0,fully_renovated,roof_storey,,district_heating,2.45,False,True,False,True,False,False,Oct19
111357464,Brandenburg,Uckermark_Kreis,Gerswalde,17268,245.0,362.0,56.0,61.0,47.0,2.0,1963.0,,,F,central_heating,2.88,False,False,False,True,False,False,May19
113324945,Thüringen,Saale_Orla_Kreis,Ranis,7389,398.0,548.0,150.0,,72.35,3.0,1996.0,mint_condition,other,D,central_heating,0.18,False,False,False,True,True,False,Oct19
113587064,Sachsen,Zwickau,Marienthal_Ost,8060,600.0,,150.0,115.0,113.11,6.0,1960.0,,apartment,,central_heating,0.37,False,False,False,True,True,False,Oct19
113482619,Sachsen,Dresden,Gorbitz_Süd,1169,220.0,301.0,54.0,27.0,26.89,1.0,1984.0,,apartment,D,central_heating,2.36,False,False,False,False,False,False,Oct19
113852147,Baden_Württemberg,Rhein_Neckar_Kreis,Weinheim,69469,1695.0,1795.0,100.0,,162.0,5.0,,refurbished,maisonette,D,self_contained_central_heating,4.5,False,True,False,True,True,False,Oct19
112285231,Berlin,Berlin,Biesdorf_Marzahn,12683,733.32,880.32,110.0,37.0,52.38,2.0,2019.0,first_time_use,apartment,B,combined_heat_and_power_plant,5.37,True,True,True,True,True,True,Oct19
111374741,Baden_Württemberg,Heilbronn_Kreis,Neckarsulm,74172,960.0,,180.0,,82.0,3.0,1973.0,,apartment,,central_heating,8.31,False,True,True,False,False,False,May19
107081747,Nordrhein_Westfalen,Essen,Fulerum,45149,550.0,680.0,130.0,,68.66,3.0,1965.0,fully_renovated,,,gas_heating,4.11,False,True,False,False,False,False,Sep18
115090881,Mecklenburg_Vorpommern,Neubrandenburg,Lindenbergviertel,17033,395.0,527.0,132.0,,54.71,2.0,1997.0,negotiable,apartment,,central_heating,-0.15,False,True,True,True,False,False,Feb20
111188740,Brandenburg,Potsdam,Fahrland,14476,605.0,745.0,80.0,60.0,57.5,2.0,2016.0,,,B,,6.49,False,True,False,False,False,True,May19
111363373,Nordrhein_Westfalen,Essen,Karnap,45329,375.0,495.0,120.0,,56.6,2.5,1960.0,well_kept,apartment,,central_heating,3.52,False,True,False,False,False,False,May19
39212301,Thüringen,Altenburger_Land_Kreis,Altkirchen,4626,300.0,420.0,40.0,80.0,61.39,3.0,1987.0,fully_renovated,apartment,,central_heating,2.13,False,False,False,True,False,False,Oct19
115695451,Berlin,Berlin,Zehlendorf_Zehlendorf,14165,740.0,930.0,110.0,80.0,69.3,3.0,2002.0,mint_condition,apartment,,,4.59,False,True,False,True,False,True,Feb20
111371125,Sachsen,Dresden,Weißig,1326,350.0,480.0,60.0,70.0,50.23,2.0,1985.0,fully_renovated,,,central_heating,1.76,False,True,False,True,False,False,May19
87046353,Sachsen_Anhalt,Altmarkkreis_Salzwedel,Gardelegen,39638,265.0,360.0,55.0,40.0,46.87,2.0,1965.0,fully_renovated,apartment,D,gas_heating,3.92,False,False,False,True,False,False,May19
63146738,Sachsen_Anhalt,Altmarkkreis_Salzwedel,Salzwedel,29410,415.0,,105.0,,107.8,3.5,,fully_renovated,,,self_contained_central_heating,2.04,False,False,False,False,False,True,Sep18
107301176,Sachsen_Anhalt,Magdeburg,Cracau,39114,421.14,640.74,219.6,106.43,71.38,3.0,1928.0,,ground_floor,,gas_heating,1.59,False,True,False,True,False,False,Sep18
113287002,Nordrhein_Westfalen,Düsseldorf,Bilk,40225,651.0,801.0,150.0,,46.5,2.0,1960.0,first_time_use_after_refurbishment,apartment,NO_INFORMATION,gas_heating,4.78,False,False,True,False,False,False,Feb20
115441678,Sachsen,Dresden,Blasewitz,1277,930.0,,215.0,,88.3,3.0,2020.0,,,A_PLUS,floor_heating,1.46,True,True,True,True,True,False,Feb20
107344362,Nordrhein_Westfalen,Köln,Kalk,51103,760.0,940.0,180.0,,72.64,3.0,2014.0,mint_condition,apartment,,floor_heating,5.38,False,True,True,True,False,True,Sep18
103736448,Nordrhein_Westfalen,Hagen,Hohenlimburg,58119,515.0,637.0,73.0,49.0,51.4,1.0,,refurbished,ground_floor,,central_heating,1.69,False,False,False,True,False,True,Feb20
95264750,Niedersachsen,Celle_Kreis,Wietze,29323,550.0,700.0,150.0,,100.0,2.0,,,roof_storey,,,0.0,False,True,False,False,False,True,Sep18
114799470,Hessen,Offenbach_am_Main,Bieber,63073,1450.0,1700.0,250.0,,100.0,3.0,2019.0,first_time_use,ground_floor,,gas_heating,4.76,True,False,False,False,True,False,Feb20
106584237,Sachsen,Zwickau,Niederplanitz,8064,370.0,490.0,120.0,,66.0,3.0,1998.0,,apartment,D,central_heating,0.0,False,False,False,True,False,False,Sep18
115342878,Berlin,Berlin,Schmargendorf_Wilmersdorf,14199,2200.0,2715.0,265.0,250.0,131.0,3.0,2008.0,fully_renovated,penthouse,,central_heating,5.62,False,True,True,True,False,True,Feb20
115473768,Nordrhein_Westfalen,Wesel_Kreis,Moers,47441,539.0,,147.0,164.0,74.0,3.0,1969.0,well_kept,apartment,,,2.6,False,True,False,True,True,False,Feb20
110531058,Hessen,Hochtaunuskreis,Königstein_im_Taunus,61462,1480.0,,250.0,,106.0,4.0,2019.0,first_time_use,ground_floor,,central_heating,4.26,True,True,True,True,True,True,Oct19
107373713,Sachsen_Anhalt,Burgenlandkreis,Laucha_an_der_Unstrut,6636,285.0,405.0,120.0,60.0,62.3,3.0,,well_kept,apartment,,gas_heating,-1.0,False,True,False,True,True,False,Oct19
114390130,Nordrhein_Westfalen,Duisburg,Neumühl,47167,409.15,,122.0,85.0,81.0,3.5,1983.0,modernized,apartment,,central_heating,2.46,False,True,False,False,False,False,Feb20
112528790,Sachsen,Zwickau,Bockwa,8056,420.0,560.0,140.0,,70.35,3.0,1930.0,well_kept,roof_storey,D,central_heating,1.62,False,True,False,False,False,False,Oct19
115366624,Bayern,Ingolstadt,Südwest,85051,995.0,1250.0,255.0,,108.0,4.0,1908.0,first_time_use_after_refurbishment,apartment,,gas_heating,2.2,False,False,False,True,True,True,Feb20
111201835,Sachsen,Sächsische_Schweiz_Osterzgebirge_Kreis,Heidenau,1809,450.0,,90.0,90.0,69.0,3.0,1955.0,refurbished,,,district_heating,1.29,False,False,False,False,False,False,May19
106508551,Sachsen,Leipzig_Kreis,Wurzen,4808,271.66,,42.89,42.89,47.66,2.0,1970.0,,apartment,,,1.82,False,True,False,False,False,False,Sep18
111412370,Thüringen,Gera,Debschwitz,7548,350.0,462.0,112.0,,56.0,3.0,,refurbished,raised_ground_floor,,central_heating,2.03,False,True,False,True,False,False,Oct19
115673929,Hessen,Offenbach_am_Main,Bieber,63073,350.0,450.0,100.0,,48.0,2.0,1935.0,well_kept,roof_storey,NO_INFORMATION,central_heating,4.69,False,False,False,True,False,False,Feb20
115509288,Nordrhein_Westfalen,Oberbergischer_Kreis,Hückeswagen,42499,386.5,642.5,172.0,84.0,75.34,3.0,1995.0,well_kept,ground_floor,E,central_heating,3.06,False,True,False,True,False,False,Feb20
108012599,Mecklenburg_Vorpommern,Schwerin,Altstadt,19053,565.0,750.0,185.0,,85.0,3.0,1920.0,well_kept,roof_storey,E,central_heating,5.26,False,True,False,True,False,False,Oct19
107375867,Sachsen,Leipzig,Plagwitz,4229,1000.0,1220.0,220.0,,82.97,3.0,2015.0,mint_condition,apartment,B,floor_heating,6.85,False,True,True,True,False,False,Sep18
93844908,Nordrhein_Westfalen,Köln,Rath/Heumar,51107,320.0,469.0,149.0,,30.0,1.0,,,other,,gas_heating,3.91,False,False,False,False,False,True,Oct19
101938144,Nordrhein_Westfalen,Lippe_Kreis,Bad_Salzuflen,32105,700.0,870.0,170.0,,99.5,3.0,1999.0,well_kept,maisonette,,self_contained_central_heating,3.39,False,True,False,True,False,False,May19
113325760,Thüringen,Erfurt,Brühlervorstadt,99084,1690.0,1840.0,150.0,,165.0,5.0,,,raised_ground_floor,,gas_heating,2.48,False,True,False,True,True,True,Oct19
100849763,Nordrhein_Westfalen,Duisburg,Vierlinden,47178,357.03,584.03,182.0,45.0,67.0,2.0,2017.0,first_time_use,apartment,B,district_heating,3.32,False,True,True,True,False,False,May19
110143422,Sachsen,Nordsachsen_Kreis,Eilenburg,4838,246.0,,50.0,65.0,47.0,2.0,1964.0,refurbished,,,central_heating,2.66,False,False,False,True,False,False,May19
104233345,Bremen,Bremen,St._Magnus,28759,960.0,1180.0,220.0,,93.0,3.0,,mint_condition,terraced_flat,,,4.29,False,True,True,False,True,True,May19
111072296,Sachsen,Dresden,Wilsdruffer_Vorstadt/Seevorstadt_West,1067,1337.22,1635.42,191.86,98.84,116.28,3.0,2019.0,first_time_use,apartment,C,central_heating,4.25,True,True,True,True,False,True,Feb20
113300689,Berlin,Berlin,Tiergarten_Tiergarten,10557,1001.47,1166.1,109.75,54.88,54.88,2.0,2019.0,first_time_use,apartment,C,district_heating,8.22,True,True,True,True,False,True,Oct19
115471088,Nordrhein_Westfalen,Viersen_Kreis,Brüggen,41379,565.0,,200.0,,84.0,3.0,1965.0,mint_condition,apartment,D,central_heating,3.17,False,True,False,True,False,False,Feb20
113835889,Baden_Württemberg,Stuttgart,Bad_Cannstatt,70372,1590.0,1590.0,0.0,,69.0,2.5,,,apartment,,,5.63,False,False,False,False,False,False,Oct19
113158656,Sachsen,Vogtlandkreis,Markneukirchen,8258,118.0,192.0,36.0,38.0,29.6,1.0,1986.0,fully_renovated,apartment,D,,2.33,False,True,False,True,False,True,Oct19
107972843,Sachsen,Leipzig,Zentrum_Südost,4103,372.0,557.0,111.0,74.0,73.78,3.0,1989.0,,ground_floor,,central_heating,6.15,False,True,True,False,False,False,May19
106974541,Niedersachsen,Hannover,Herrenhausen,30419,1750.0,1879.0,190.0,,111.0,3.0,1736.0,refurbished,maisonette,,central_heating,3.57,False,True,False,False,True,True,Sep18
106343547,Hessen,Main_Taunus_Kreis,Bad_Soden_am_Taunus,65812,1250.0,,240.0,,77.48,4.0,2018.0,mint_condition,roof_storey,,,3.58,True,True,False,True,False,True,May19
114402844,Sachsen,Dresden,Striesen_West,1309,250.0,,57.5,,23.0,1.0,1997.0,,apartment,B,central_heating,1.72,False,False,True,True,False,True,Feb20
113667366,Saarland,Stadtverband_Saarbrücken_Kreis,Saarbrücken,66117,539.0,,130.0,,66.0,2.0,2000.0,well_kept,apartment,,central_heating,2.37,False,False,True,False,False,False,Oct19
111307133,Niedersachsen,Hameln_Pyrmont_Kreis,Emmerthal,31860,700.0,850.0,150.0,,140.0,4.0,,,maisonette,,,3.89,False,False,False,False,False,False,May19
115559323,Nordrhein_Westfalen,Euskirchen_Kreis,Hellenthal,53940,310.0,440.0,130.0,,52.0,2.0,1960.0,first_time_use_after_refurbishment,apartment,B,central_heating,2.76,False,True,False,True,False,False,Feb20
111213415,Baden_Württemberg,Heilbronn_Kreis,Schwaigern,74193,290.0,350.0,60.0,,11.0,1.0,,modernized,other,,,7.34,False,True,False,False,True,True,May19
113831592,Nordrhein_Westfalen,Bochum,Werne,44894,540.0,630.0,,,83.0,3.5,,first_time_use_after_refurbishment,apartment,,self_contained_central_heating,3.73,False,False,False,False,False,False,Oct19
105242969,Baden_Württemberg,Neckar_Odenwald_Kreis,Mosbach,74821,590.0,,240.0,,84.0,3.0,1972.0,,,,central_heating,7.46,False,True,False,True,False,False,Sep18
108983635,Sachsen,Chemnitz,Schloßchemnitz,9113,371.93,486.37,80.11,34.33,57.22,2.0,1910.0,,,C,floor_heating,0.19,False,True,False,True,False,False,Oct19
114433120,Sachsen,Zwickau_Kreis,Werdau,8412,220.0,340.0,120.0,,48.0,2.0,1920.0,,ground_floor,,central_heating,1.19,False,False,False,True,False,False,Feb20
115622110,Nordrhein_Westfalen,Köln,Libur,51147,750.0,900.0,150.0,,84.0,3.0,2004.0,mint_condition,roof_storey,NO_INFORMATION,floor_heating,3.64,False,True,False,True,False,False,Feb20
108001665,Nordrhein_Westfalen,Kleve_Kreis,Issum,47661,875.0,1124.51,249.51,,90.62,3.0,,first_time_use,apartment,,central_heating,2.55,False,False,True,False,True,False,May19
111353935,Bremen,Bremerhaven,Lehe,27568,580.0,750.0,90.0,80.0,104.0,3.0,1922.0,well_kept,roof_storey,,central_heating,3.33,False,True,False,True,True,True,May19
113609576,Rheinland_Pfalz,Mainz,Hartenberg/Münchfeld,55122,1420.0,,,,91.61,4.0,2020.0,first_time_use,apartment,,floor_heating,3.79,True,True,True,False,False,True,Oct19
111326327,Bremen,Bremerhaven,Geestemünde,27570,360.0,550.0,120.0,70.0,63.69,3.0,1954.0,refurbished,apartment,NO_INFORMATION,central_heating,3.93,False,False,False,True,True,False,May19
67567913,Sachsen,Erzgebirgskreis,Scheibenberg,9481,339.0,539.0,200.0,,73.3,3.0,1997.0,refurbished,ground_floor,,central_heating,1.92,False,False,False,True,False,False,May19
113768573,Brandenburg,Potsdam_Mittelmark_Kreis,Werder_Havel,14542,550.0,690.0,140.0,,54.49,2.0,,well_kept,apartment,,central_heating,4.77,False,True,False,False,False,False,Oct19
67811234,Brandenburg,Ostprignitz_Ruppin_Kreis,Lindow_Mark,16835,298.7,398.7,50.0,50.0,51.5,2.0,1965.0,modernized,,,central_heating,3.85,False,True,False,True,False,True,May19
96285900,Nordrhein_Westfalen,Rhein_Sieg_Kreis,Königswinter,53639,1590.0,2100.0,440.0,200.0,205.0,4.0,1990.0,first_time_use_after_refurbishment,apartment,,gas_heating,4.0,False,True,False,True,True,True,Sep18
115409324,Nordrhein_Westfalen,Düsseldorf,Carlstadt,40213,1470.0,1770.0,300.0,,109.0,3.0,1983.0,well_kept,maisonette,D,central_heating,3.96,False,True,True,True,False,False,Feb20
111269374,Bayern,München,Schwanthalerhöhe,80339,2800.0,2800.0,0.0,,105.0,3.0,1898.0,,,,central_heating,7.32,False,False,False,False,False,False,May19
115670220,Sachsen,Leipzig,Zentrum_Ost,4103,630.0,797.0,167.0,,74.92,3.0,1850.0,mint_condition,apartment,,central_heating,4.59,False,True,False,True,True,False,Feb20
115286549,Sachsen_Anhalt,Magdeburg,Fermersleben,39112,373.0,499.0,63.0,63.0,62.1,3.0,1930.0,well_kept,roof_storey,,central_heating,0.83,False,False,False,False,False,False,Feb20
115218478,Rheinland_Pfalz,Trier,Innenstadt,54290,780.0,,120.0,,95.7,3.0,1985.0,well_kept,apartment,D,self_contained_central_heating,3.46,False,True,True,True,False,True,Feb20
106979843,Sachsen,Chemnitz,Altendorf,9116,330.6,,58.0,39.9,58.0,3.0,1964.0,,other,,district_heating,0.0,False,True,False,True,False,False,Sep18
115674091,Sachsen,Chemnitz,Sonnenberg,9130,269.0,400.0,131.0,,65.73,3.0,1900.0,,apartment,,,0.62,False,True,False,True,True,False,Feb20
115383380,Bayern,Hof_Kreis,Rehau,95111,470.0,595.0,95.0,,50.0,2.0,1992.0,well_kept,apartment,,gas_heating,4.42,False,False,False,False,False,False,Feb20
111605354,Niedersachsen,Harburg_Kreis,Hanstedt,21271,960.0,,181.0,,78.0,2.0,2009.0,mint_condition,ground_floor,B,gas_heating,4.42,False,True,False,False,False,True,Oct19
112255730,Sachsen_Anhalt,Stendal_Kreis,Stendal,39576,260.07,442.83,84.35,98.41,70.29,3.0,1986.0,well_kept,apartment,,central_heating,2.33,False,True,False,True,False,False,Oct19
106001942,Mecklenburg_Vorpommern,Ludwigslust_Kreis,Neustadt_Glewe,19306,350.0,550.0,,,72.26,3.0,,,roof_storey,,,0.0,False,False,False,False,False,True,Sep18
110778604,Rheinland_Pfalz,Trier_Saarburg_Kreis,Mehring,54346,740.0,,150.0,,107.0,3.0,1976.0,well_kept,penthouse,E,oil_heating,3.03,False,True,False,True,False,False,May19
113850879,Baden_Württemberg,Calw_Kreis,Nagold,72202,1100.0,1350.0,250.0,,129.0,4.0,2018.0,mint_condition,penthouse,B,floor_heating,7.4,True,True,True,True,False,False,Oct19
88650759,Nordrhein_Westfalen,Minden_Lübbecke_Kreis,Lübbecke,32312,449.0,599.0,,,75.0,3.0,1953.0,modernized,apartment,,gas_heating,,False,True,False,False,True,True,Feb20
107389494,Sachsen,Meißen_Kreis,Großenhain,1558,308.0,462.0,154.0,,77.0,4.0,,first_time_use_after_refurbishment,apartment,,central_heating,1.92,False,True,False,True,False,False,Sep18
113693599,Sachsen,Leipzig_Kreis,Machern,4827,444.0,614.0,170.0,,74.0,3.0,1997.0,well_kept,roof_storey,,gas_heating,4.37,False,True,False,True,True,False,Oct19
85601288,Schleswig_Holstein,Rendsburg_Eckernförde_Kreis,Rendsburg,24768,1190.0,,120.0,120.0,120.0,3.0,,mint_condition,apartment,,central_heating,3.26,False,True,True,True,False,True,Oct19
110557431,Sachsen,Bautzen_Kreis,Bernsdorf,2994,388.0,544.0,85.0,71.0,70.56,3.0,,refurbished,roof_storey,,central_heating,0.0,False,False,False,True,False,False,May19
113466111,Bayern,München,Obermenzing,81247,1800.0,1950.0,150.0,100.0,100.0,3.5,1992.0,,ground_floor,,central_heating,5.2,False,True,False,False,True,True,Oct19
103021329,Nordrhein_Westfalen,Duisburg,Neumühl,47167,846.8,1095.8,249.0,,58.0,2.0,2018.0,first_time_use,other,A_PLUS,district_heating,2.22,True,True,True,False,False,True,Oct19
109029405,Nordrhein_Westfalen,Recklinghausen_Kreis,Recklinghausen,45661,402.0,623.0,134.0,87.0,66.86,2.0,1995.0,well_kept,apartment,,central_heating,3.17,False,False,False,True,False,False,May19
62878072,Nordrhein_Westfalen,Dortmund,Brackel,44309,800.0,960.0,160.0,70.0,114.0,4.0,1989.0,well_kept,apartment,,self_contained_central_heating,3.72,False,True,False,True,False,False,May19
107999738,Bayern,Unterallgäu_Kreis,Mindelheim,87719,730.0,970.0,200.0,,101.5,3.0,,refurbished,ground_floor,,floor_heating,4.11,False,False,False,False,False,False,May19
104601597,Baden_Württemberg,Heilbronn,Horkheim,74081,1350.0,1579.0,169.0,60.0,107.0,4.0,1982.0,modernized,ground_floor,,floor_heating,6.98,False,True,False,True,True,True,Sep18
115179143,Nordrhein_Westfalen,Bonn,Graurheindorf,53117,825.0,1010.0,160.0,,78.4,3.0,1962.0,modernized,apartment,C,central_heating,3.18,False,True,False,True,False,False,Feb20
107309504,Hessen,Groß_Gerau_Kreis,Bischofsheim,65474,860.0,1090.0,230.0,,84.01,3.0,2013.0,mint_condition,maisonette,,central_heating,4.6,False,True,True,True,False,True,Sep18
115459651,Nordrhein_Westfalen,Bielefeld,Innenstadt,33613,220.0,340.0,120.0,,22.0,1.0,1960.0,fully_renovated,apartment,,central_heating,3.63,False,False,False,False,False,True,Feb20
111780041,Niedersachsen,Lüneburg_Kreis,Lüneburg,21335,760.0,,170.0,,80.0,3.0,1980.0,fully_renovated,raised_ground_floor,,central_heating,3.7,False,True,False,True,True,True,Oct19
111153277,Bayern,Wunsiedel_im_Fichtelgebirge_Kreis,Selb,95100,455.0,455.0,150.0,,85.0,2.5,,mint_condition,other,,central_heating,1.31,False,False,False,True,True,False,May19
100480942,Baden_Württemberg,Rhein_Neckar_Kreis,Weinheim,69469,1300.0,1690.0,340.0,,170.0,6.0,1968.0,mint_condition,maisonette,D,central_heating,6.1,False,True,False,True,True,False,Oct19
115202587,Niedersachsen,Salzgitter,Flachstöckheim,38259,308.0,510.0,135.0,67.0,61.57,2.0,1722.0,fully_renovated,raised_ground_floor,,gas_heating,2.81,False,False,False,True,False,False,Feb20
111310887,Baden_Württemberg,Esslingen_Kreis,Leinfelden_Echterdingen,70771,1360.0,1610.0,250.0,,106.0,4.5,1971.0,,apartment,,central_heating,5.72,False,False,False,False,False,False,May19
115642257,Sachsen_Anhalt,Dessau_Roßlau,Innerstädtischer_Bereich_Nord,6844,270.0,410.0,70.0,70.0,56.76,3.0,1977.0,,apartment,,district_heating,1.62,False,True,False,True,False,False,Feb20
107298859,Nordrhein_Westfalen,Krefeld,Hüls,47839,500.0,,180.0,,50.0,2.0,1999.0,well_kept,apartment,,central_heating,2.9,False,True,True,True,True,True,Sep18
89350354,Hessen,Limburg_Weilburg_Kreis,Limburg_an_der_Lahn,65549,1300.0,1300.0,0.0,,72.0,3.0,1993.0,,,E,,1.52,False,False,False,False,False,True,Sep18
111405095,Berlin,Berlin,Tiergarten_Tiergarten,10557,1900.0,2207.0,307.0,,103.0,3.0,2019.0,,apartment,B,central_heating,10.28,True,False,True,True,False,True,May19
111493013,Thüringen,Weimarer_Land_Kreis,Apolda,99510,750.0,950.0,200.0,120.0,74.3,5.0,1900.0,first_time_use_after_refurbishment,,,solar_heating,2.14,False,True,False,True,False,False,Oct19
115479933,Hessen,Lahn_Dill_Kreis,Wetzlar,35578,440.0,600.0,160.0,,52.17,1.0,1998.0,first_time_use_after_refurbishment,roof_storey,,combined_heat_and_power_plant,4.63,False,True,True,True,False,False,Feb20
110765000,Bayern,Starnberg_Kreis,Krailling,82152,2390.0,2995.0,535.0,,150.0,4.0,2018.0,first_time_use,,A,,5.09,True,True,True,True,True,False,May19
109421613,Sachsen,Leipzig,Volkmarsdorf,4315,476.0,,170.0,,68.0,2.0,,,apartment,,,4.98,False,True,False,True,False,False,Oct19
97993062,Niedersachsen,Wolfsburg,Reislingen,38446,800.0,960.0,160.0,,71.0,3.0,1999.0,well_kept,roof_storey,,district_heating,2.44,False,True,False,True,True,True,May19
113883433,Thüringen,Gotha_Kreis,Gotha,99867,351.7,,76.0,60.0,60.0,3.0,1973.0,refurbished,,,district_heating,3.0,False,True,False,True,False,False,Feb20
55477319,Nordrhein_Westfalen,Herne,Holsterhausen,44623,360.0,495.0,135.0,,50.0,1.5,1981.0,well_kept,apartment,NO_INFORMATION,central_heating,2.86,False,True,False,True,False,True,May19
113872554,Nordrhein_Westfalen,Mönchengladbach,Giesenkirchen_Mitte,41238,400.0,480.0,80.0,,58.0,2.0,,mint_condition,apartment,,gas_heating,2.43,False,True,False,True,False,False,Oct19
113591595,Berlin,Berlin,Niederschöneweide_Treptow,12439,480.48,567.84,58.24,29.12,29.12,1.0,,first_time_use,apartment,,floor_heating,7.56,False,True,True,True,False,True,Oct19
109842059,Sachsen,Sächsische_Schweiz_Osterzgebirge_Kreis,Lohmen,1847,275.0,,89.0,,48.3,2.0,1988.0,fully_renovated,apartment,,central_heating,0.0,False,True,False,True,True,False,May19
29999597,Mecklenburg_Vorpommern,Greifswald,Innenstadt,17489,225.0,,,,19.0,1.0,2000.0,fully_renovated,apartment,,district_heating,0.5,False,False,False,False,False,True,Oct19
113747732,Schleswig_Holstein,Flensburg,Südstadt,24941,490.0,660.0,90.0,80.0,60.0,2.0,,well_kept,roof_storey,,district_heating,3.55,False,False,False,True,False,True,Oct19
105770547,Saarland,Stadtverband_Saarbrücken_Kreis,Saarbrücken,66130,650.0,880.0,230.0,,82.0,3.0,1998.0,mint_condition,roof_storey,,gas_heating,2.99,False,True,False,True,False,True,Sep18
115691578,Mecklenburg_Vorpommern,Ostvorpommern_Kreis,Gützkow,17506,253.89,340.0,86.11,0.0,62.38,3.0,1962.0,well_kept,apartment,,gas_heating,-1.0,False,False,False,False,False,False,Feb20
38428683,Brandenburg,Potsdam_Mittelmark_Kreis,Borkwalde,14822,540.0,670.0,130.0,,67.59,3.0,1994.0,,roof_storey,,central_heating,8.7,False,False,False,True,False,False,May19
112959813,Brandenburg,Barnim_Kreis,Eberswalde,16225,1110.0,1443.0,210.0,123.0,123.34,4.0,2019.0,first_time_use,roof_storey,C,gas_heating,4.27,True,True,True,True,False,False,Oct19
84566702,Nordrhein_Westfalen,Köln,Widdersdorf,50859,1200.0,1490.0,290.0,,90.0,3.0,2016.0,mint_condition,penthouse,,heat_pump,,False,True,False,False,True,False,May19
65267122,Niedersachsen,Salzgitter,Lebenstedt,38226,250.0,300.0,50.0,,30.0,1.5,1956.0,well_kept,apartment,,electric_heating,1.75,False,False,False,False,False,False,Oct19
107390810,Hessen,Wetteraukreis,Butzbach,35510,995.0,1195.0,200.0,,114.0,4.0,2018.0,first_time_use,ground_floor,A_PLUS,floor_heating,3.63,True,True,False,True,False,False,Sep18
111750372,Sachsen_Anhalt,Halle_Saale,Südliche_Neustadt,6124,267.92,413.87,67.95,78.0,55.7,3.0,1969.0,fully_renovated,apartment,,district_heating,1.32,False,False,True,True,False,False,Oct19
95312850,Sachsen,Sächsische_Schweiz_Osterzgebirge_Kreis,Sebnitz,1855,297.0,377.0,80.0,,74.43,3.0,,,apartment,,night_storage_heater,0.0,False,False,False,False,False,False,Sep18
110943943,Sachsen,Chemnitz,Hilbersdorf,9131,280.0,408.0,128.0,,58.3,2.0,1910.0,well_kept,apartment,,,0.0,False,True,False,True,False,False,May19
111329798,Hamburg,Hamburg,Winterhude,22303,800.0,1050.0,250.0,,50.0,2.0,1907.0,fully_renovated,apartment,,gas_heating,6.26,False,False,False,False,False,True,May19
109386216,Baden_Württemberg,Ulm,Weststadt,89077,1590.0,1960.0,290.0,,159.0,2.0,1945.0,refurbished,loft,,central_heating,5.49,False,False,True,False,False,True,May19
115673868,Bayern,München,Obergiesing,81541,1350.0,1350.0,,,54.0,2.5,1960.0,,maisonette,,night_storage_heater,5.65,False,False,False,True,False,True,Feb20
108129028,Nordrhein_Westfalen,Steinfurt_Kreis,Rheine,48429,450.0,,95.0,95.0,79.0,3.0,1978.0,well_kept,ground_floor,F,gas_heating,3.95,False,True,False,False,False,False,Oct19
115685686,Nordrhein_Westfalen,Gelsenkirchen,Schalke,45881,542.34,924.34,382.0,,82.8,1.5,1997.0,,apartment,NO_INFORMATION,district_heating,2.24,False,True,True,False,False,False,Feb20
107312815,Nordrhein_Westfalen,Wuppertal,Barmen,42281,334.15,564.15,230.0,,76.29,3.0,,,,,,3.23,False,True,False,True,False,False,Sep18
112090295,Sachsen,Görlitz_Kreis,Zittau,2763,354.0,509.0,155.0,85.0,77.0,3.0,1900.0,,,C,central_heating,1.55,False,False,False,False,False,False,Feb20
109701679,Nordrhein_Westfalen,Mönchengladbach,Rheydt,41236,450.0,650.0,150.0,,59.0,2.0,1963.0,fully_renovated,apartment,E,central_heating,3.13,False,True,False,True,False,True,May19
113467713,Nordrhein_Westfalen,Münster,Gremmendorf_West,48155,850.0,,150.0,,75.0,2.5,,mint_condition,apartment,A_PLUS,central_heating,5.94,False,True,False,False,False,False,Oct19
106007915,Sachsen,Dresden,Johannstadt_Nord,1307,469.0,609.0,140.0,,50.54,2.0,1900.0,,roof_storey,,central_heating,2.67,False,False,False,True,True,True,Sep18
115560214,Nordrhein_Westfalen,Mettmann_Kreis,Hilden,40724,890.0,,230.0,,94.0,3.0,1966.0,modernized,apartment,,central_heating,4.0,False,True,False,False,False,False,Feb20
95586998,Nordrhein_Westfalen,Wuppertal,Barmen,42281,370.0,470.0,100.0,,55.0,2.5,,,roof_storey,,,3.33,False,False,False,False,False,True,May19
113275774,Sachsen,Mittelsachsen_Kreis,Frankenberg/Sachsen,9669,325.0,545.0,220.0,,81.72,3.0,1910.0,well_kept,,,central_heating,0.77,False,False,False,True,True,False,Oct19
113549309,Berlin,Berlin,Karow_Weißensee,13125,634.93,,147.87,77.85,75.22,3.0,1998.0,well_kept,apartment,C,district_heating,6.91,False,True,False,False,False,True,Oct19
113842568,Schleswig_Holstein,Kiel,Schreventeich,24116,820.0,925.0,105.0,,77.5,2.0,1959.0,modernized,roof_storey,E,district_heating,3.44,False,True,True,True,True,True,Oct19
114789377,Niedersachsen,Stade_Kreis,Stade,21682,900.49,1115.49,215.0,,79.04,2.0,2020.0,first_time_use,ground_floor,A_PLUS,gas_heating,3.04,True,True,True,False,True,True,Feb20
110376484,Nordrhein_Westfalen,Rhein_Erft_Kreis,Erftstadt,50374,715.0,925.0,135.0,,68.0,2.0,2019.0,first_time_use,ground_floor,C,floor_heating,3.24,True,True,True,True,True,False,May19
105011163,Niedersachsen,Nienburg_Weser_Kreis,Nienburg_Weser,31582,170.0,,71.0,,25.57,1.0,1930.0,well_kept,apartment,D,central_heating,3.45,False,False,False,False,False,False,May19
108544252,Bayern,Nürnberg,St._Leonhard,90439,600.0,720.0,120.0,,42.0,2.0,1990.0,fully_renovated,apartment,,central_heating,4.4,False,True,False,True,True,True,Feb20
108117275,Hessen,Frankfurt_am_Main,Griesheim,65933,1190.0,1535.0,0.0,0.0,17.0,1.0,2016.0,mint_condition,apartment,,central_heating,5.2,False,False,False,False,True,True,Feb20
104759183,Sachsen,Chemnitz,Helbersdorf,9120,270.0,410.0,140.0,,57.07,3.0,1960.0,well_kept,apartment,,district_heating,0.0,False,True,False,True,False,False,Sep18
113311507,Nordrhein_Westfalen,Essen,Rüttenscheid,45130,720.0,1070.0,350.0,,108.0,4.0,1961.0,first_time_use_after_refurbishment,apartment,,central_heating,3.72,False,True,True,True,False,False,Oct19
110434889,Nordrhein_Westfalen,Märkischer_Kreis,Hemer,58675,480.0,700.0,100.0,120.0,83.0,3.0,1978.0,first_time_use_after_refurbishment,roof_storey,,gas_heating,3.59,False,True,False,True,False,False,May19
106714834,Baden_Württemberg,Lörrach_Kreis,Weil_am_Rhein,79576,780.0,1030.0,250.0,,108.0,2.5,,well_kept,loft,,gas_heating,2.7,False,True,False,False,False,True,Sep18
114373356,Baden_Württemberg,Ulm,Mitte,89073,1450.0,1750.0,150.0,150.0,110.0,3.0,1897.0,first_time_use_after_refurbishment,apartment,,district_heating,4.33,False,False,True,True,True,True,Feb20
105874749,Rheinland_Pfalz,Bitburg_Prüm_Kreis,Bitburg,54634,481.25,577.5,68.75,27.5,55.0,2.0,1937.0,first_time_use_after_refurbishment,apartment,,district_heating,2.86,False,True,True,True,False,False,May19
115600157,Bayern,Miesbach_Kreis,Rottach_Egern,83700,2925.0,3175.0,250.0,,130.0,5.0,1970.0,first_time_use_after_refurbishment,ground_floor,,oil_heating,4.74,False,True,False,True,False,True,Feb20
111603075,Baden_Württemberg,Ortenaukreis,Offenburg,77652,727.0,914.0,187.0,,64.3,2.0,2019.0,first_time_use,ground_floor,B,floor_heating,3.67,True,True,True,True,True,False,Oct19
113926122,Sachsen_Anhalt,Jerichower_Land_Kreis,Burg,39288,350.0,475.0,125.0,62.5,50.14,2.0,1900.0,refurbished,roof_storey,,central_heating,1.81,False,True,True,False,False,True,Feb20
115693244,Nordrhein_Westfalen,Dortmund,Innenstadt,44135,340.0,,80.0,,45.0,2.5,,well_kept,apartment,,self_contained_central_heating,4.05,False,False,False,True,False,True,Feb20
46971736,Sachsen,Sächsische_Schweiz_Osterzgebirge_Kreis,Heidenau,1809,330.0,450.0,70.0,50.0,53.0,2.0,,well_kept,apartment,,central_heating,1.1,False,True,False,True,True,False,Feb20
109463651,Bremen,Bremen,Weidedamm,28215,759.22,931.22,172.0,,67.04,2.0,2017.0,mint_condition,apartment,,district_heating,4.49,False,True,False,True,False,True,May19
113808858,Bayern,Erlangen,Süd,91058,413.14,542.14,129.0,59.0,37.22,1.0,1956.0,well_kept,,NO_INFORMATION,,2.82,False,True,False,False,False,False,Oct19
112317577,Bayern,Rosenheim_Kreis,Kolbermoor,83059,1215.38,1458.45,243.07,,81.03,2.0,2019.0,first_time_use,roof_storey,B,floor_heating,4.55,True,True,False,True,False,False,Feb20
94737278,Nordrhein_Westfalen,Mönchengladbach,Eicken,41063,255.0,325.0,70.0,,45.0,1.0,1920.0,well_kept,roof_storey,,self_contained_central_heating,4.84,False,False,False,True,False,False,Oct19
113762174,Baden_Württemberg,Pforzheim,Südweststadt,75173,950.0,1230.0,230.0,,99.45,4.0,,fully_renovated,,,floor_heating,4.25,False,True,False,True,False,False,Oct19
111420446,Nordrhein_Westfalen,Herford_Kreis,Vlotho,32602,395.0,475.0,80.0,,70.0,2.0,,refurbished,ground_floor,,self_contained_central_heating,3.14,False,False,False,False,False,False,May19
113757655,Nordrhein_Westfalen,Essen,Haarzopf,45149,450.0,530.0,80.0,,51.0,2.0,1952.0,well_kept,apartment,,gas_heating,2.98,False,False,False,True,True,False,Oct19
106740618,Sachsen,Mittelsachsen_Kreis,Freiberg,9599,280.0,,52.0,62.0,47.88,2.0,1954.0,,apartment,D,central_heating,1.69,False,False,False,True,False,False,Sep18
107429519,Thüringen,Unstrut_Hainich_Kreis,Bad_Tennstedt,99955,380.0,520.0,140.0,,70.0,2.0,,,ground_floor,,,2.99,False,False,False,False,True,False,May19
111835894,Nordrhein_Westfalen,Wuppertal,Langerfeld_Beyenburg,42389,400.41,555.41,110.0,45.0,45.93,2.0,2000.0,mint_condition,apartment,C,central_heating,2.72,False,True,True,True,False,True,Feb20
115403999,Niedersachsen,Hannover,Calenberger_Neustadt,30169,563.0,719.0,156.0,0.0,33.14,1.0,2020.0,first_time_use,other,,central_heating,3.61,True,False,True,False,False,True,Feb20
114801546,Nordrhein_Westfalen,Düsseldorf,Friedrichstadt,40215,3800.0,4400.0,600.0,,204.0,1.0,,mint_condition,loft,,gas_heating,4.9,False,True,False,True,False,True,Feb20
96493848,Bayern,München,Hadern,81375,1080.0,1133.0,108.0,,64.0,2.0,,well_kept,apartment,,night_storage_heater,6.67,False,True,True,True,False,True,Oct19
106002135,Hamburg,Hamburg,Othmarschen,22605,700.0,800.0,100.0,50.0,54.45,2.0,1900.0,well_kept,half_basement,,central_heating,4.48,False,False,False,False,True,True,Sep18
105982435,Bayern,Regensburg_Kreis,Bernhardswald,93170,500.0,690.0,190.0,,59.5,2.0,,well_kept,other,,,4.76,False,True,True,False,False,True,May19
112978822,Nordrhein_Westfalen,Rhein_Sieg_Kreis,Hennef_Sieg,53773,830.0,1080.0,250.0,,91.0,4.0,1994.0,well_kept,maisonette,,central_heating,3.74,False,True,True,True,False,False,Oct19
115286206,Baden_Württemberg,Böblingen_Kreis,Steinenbronn,71144,2800.0,3300.0,500.0,,290.0,7.0,2006.0,,,,central_heating,5.89,False,True,True,False,False,True,Feb20
115611053,Sachsen,Leipzig,Südvorstadt,4275,490.0,600.0,110.0,,63.93,2.0,1915.0,well_kept,apartment,,central_heating,4.24,False,True,True,True,False,False,Feb20
115547411,Nordrhein_Westfalen,Düsseldorf,Flingern_Nord,40233,675.0,780.0,75.0,30.0,30.0,1.0,1955.0,,apartment,,self_contained_central_heating,4.91,False,False,True,False,False,True,Feb20
115600763,Nordrhein_Westfalen,Aachen,Innenstadt,52062,360.0,490.0,130.0,,27.0,1.0,,,,,,2.93,False,False,False,False,False,True,Feb20
113012991,Sachsen,Vogtlandkreis,Auerbach/Vogtland,8209,275.0,435.0,135.0,,67.0,2.0,1904.0,mint_condition,apartment,,central_heating,2.33,False,True,False,True,True,False,Feb20
101621813,Hessen,Frankfurt_am_Main,Nordend_Ost,60435,1121.62,1460.62,204.0,75.0,84.62,2.0,2013.0,mint_condition,penthouse,,,5.39,False,True,True,False,False,True,Feb20
91375400,Baden_Württemberg,Ortenaukreis,Oberkirch,77704,890.0,1140.0,250.0,,82.0,3.0,2005.0,mint_condition,roof_storey,,central_heating,3.8,False,True,False,False,True,True,Feb20
110551796,Sachsen,Leipzig,Gohlis_Süd,4155,662.0,,217.0,,92.0,4.0,1910.0,refurbished,apartment,E,central_heating,4.29,False,False,False,False,True,False,May19
110504390,Nordrhein_Westfalen,Bonn,Beuel,53225,990.0,1290.0,300.0,,50.0,1.0,2019.0,first_time_use,apartment,,self_contained_central_heating,3.82,True,True,True,True,False,True,Feb20
113559213,Nordrhein_Westfalen,Minden_Lübbecke_Kreis,Espelkamp,32339,374.4,619.4,160.0,85.0,78.0,3.0,1966.0,fully_renovated,apartment,D,central_heating,3.86,False,True,True,True,False,False,Oct19
103592805,Thüringen,Eisenach,Stadtmitte,99817,311.0,,65.0,65.0,54.04,3.0,1994.0,,apartment,,central_heating,0.0,False,False,False,True,True,False,Sep18
106073638,Nordrhein_Westfalen,Düsseldorf,Heerdt,40549,1390.0,1695.0,305.0,,102.0,3.0,2018.0,first_time_use,apartment,,district_heating,4.97,True,True,True,True,False,False,Sep18
75802446,Sachsen,Vogtlandkreis,Lengenfeld,8485,360.0,475.0,115.0,,68.73,3.0,1994.0,well_kept,ground_floor,,central_heating,3.03,False,False,False,True,False,False,May19
107994318,Sachsen_Anhalt,Burgenlandkreis,Eckartsberga,6648,280.0,,145.0,,58.0,3.0,1994.0,,,,central_heating,0.6,False,True,False,True,False,False,May19
111297692,Hessen,Limburg_Weilburg_Kreis,Selters_Taunus,65618,980.0,,300.0,,140.0,3.0,2019.0,first_time_use,penthouse,,central_heating,3.98,True,True,True,False,False,False,May19
113643367,Bayern,München,Au,81541,2460.0,2850.0,230.0,160.0,98.0,2.0,,modernized,roof_storey,,,6.16,False,True,True,True,False,True,Oct19
109730179,Sachsen_Anhalt,Halle_Saale,Silberhöhe,6132,315.0,486.5,66.0,105.5,65.81,4.0,2007.0,fully_renovated,apartment,,central_heating,4.08,False,True,False,True,False,False,May19
115617112,Berlin,Berlin,Staaken_Spandau,13591,911.0,1199.0,288.0,,104.68,4.0,1997.0,fully_renovated,apartment,NO_INFORMATION,central_heating,4.99,False,True,False,True,False,True,Feb20
112913065,Sachsen,Leipzig,Neulindenau,4179,970.0,1205.0,235.0,,97.98,4.0,,first_time_use,apartment,,floor_heating,3.58,False,True,True,True,False,False,Oct19
113559540,Sachsen,Dresden,Südvorstadt_West,1069,1110.0,1390.0,125.0,105.0,103.5,4.0,2014.0,mint_condition,apartment,,floor_heating,2.43,False,True,True,True,False,False,Oct19
50913463,Baden_Württemberg,Calw_Kreis,Bad_Wildbad,75323,480.0,615.0,135.0,,80.0,4.0,1956.0,fully_renovated,apartment,C,central_heating,5.26,False,True,False,False,True,False,Feb20
113489784,Sachsen,Chemnitz,Kaßberg,9112,460.0,640.0,180.0,,80.25,3.0,,refurbished,apartment,,,0.54,False,True,False,False,False,False,Oct19
113792748,Nordrhein_Westfalen,Essen,Stadtkern,45127,250.0,,135.0,,41.0,1.0,1957.0,,apartment,,central_heating,4.44,False,False,False,True,False,False,Oct19
115305892,Sachsen,Chemnitz,Borna_Heinersdorf,9114,260.0,370.0,110.0,,49.89,2.0,1956.0,well_kept,ground_floor,,district_heating,0.54,False,True,False,True,True,True,Feb20
113091205,Sachsen,Leipzig,Eutritzsch,4129,340.0,460.0,120.0,,56.0,2.0,1920.0,well_kept,apartment,,central_heating,4.26,False,False,False,False,False,True,Oct19
113300462,Niedersachsen,Wilhelmshaven,Bant,26382,400.0,,80.0,,66.0,3.0,1895.0,well_kept,apartment,,self_contained_central_heating,5.03,False,False,False,False,False,True,Oct19
113428941,Bayern,Fürth,Vach_/_Flexdorf_/_Ritzmannshof,90768,1150.0,1410.0,260.0,,130.0,5.0,1960.0,well_kept,maisonette,,oil_heating,5.17,False,True,False,False,True,True,Oct19
107322607,Nordrhein_Westfalen,Köln,Ehrenfeld,50825,736.0,856.0,120.0,,64.0,3.0,1917.0,well_kept,apartment,A,self_contained_central_heating,5.45,False,False,False,True,True,True,Sep18
103298531,Brandenburg,Elbe_Elster_Kreis,Doberlug_Kirchhain,3253,322.0,452.0,60.0,70.0,58.5,2.0,1971.0,well_kept,,,central_heating,3.45,False,True,False,True,False,False,Feb20
115559667,Sachsen,Zwickau_Kreis,Limbach_Oberfrohna,9212,220.0,310.0,90.0,,42.0,1.5,1912.0,well_kept,ground_floor,,central_heating,0.74,False,False,False,True,True,True,Feb20
99894836,Nordrhein_Westfalen,Unna_Kreis,Unna,59423,430.0,,120.0,130.0,110.0,3.5,1920.0,well_kept,roof_storey,,central_heating,3.28,False,False,False,False,False,False,Sep18
94282470,Sachsen,Leipzig,Zentrum_Ost,4103,349.0,509.0,160.0,,32.0,1.0,1907.0,,ground_floor,,central_heating,5.13,False,True,True,True,True,True,May19
115133201,Nordrhein_Westfalen,Viersen_Kreis,Nettetal,41334,682.0,,190.0,,62.14,2.0,2016.0,first_time_use,penthouse,,heat_pump,3.16,False,True,False,True,False,False,Feb20
110968659,Schleswig_Holstein,Pinneberg_Kreis,Uetersen,25436,900.0,1185.0,225.0,,90.04,3.0,2019.0,first_time_use,apartment,,central_heating,5.0,True,True,True,False,False,False,May19
106298569,Niedersachsen,Grafschaft_Bentheim_Kreis,Bad_Bentheim,48455,366.0,,85.0,,54.0,2.0,,,apartment,,,3.7,False,True,False,True,False,True,Sep18
111180188,Hessen,Darmstadt_Dieburg_Kreis,Dieburg,64807,355.0,450.0,0.0,,22.0,1.0,,,ground_floor,,,3.5,False,False,True,False,False,True,May19
107298829,Nordrhein_Westfalen,Rheinisch_Bergischer_Kreis,Burscheid,51399,690.0,,150.0,50.0,94.85,4.0,1994.0,well_kept,apartment,,central_heating,1.49,False,True,False,False,False,False,Sep18
110209673,Bayern,Erlangen_Höchstadt_Kreis,Herzogenaurach,91074,450.0,530.0,80.0,,38.16,1.0,,mint_condition,half_basement,,gas_heating,5.74,False,False,False,False,False,True,May19
85484616,Sachsen,Mittelsachsen_Kreis,Döbeln,4720,350.0,520.0,170.0,,77.0,3.0,1898.0,well_kept,apartment,,central_heating,2.0,False,False,False,True,False,False,Oct19
110755073,Nordrhein_Westfalen,Ennepe_Ruhr_Kreis,Schwelm,58332,600.0,,200.0,230.0,170.0,3.0,1961.0,well_kept,apartment,F,gas_heating,3.23,False,True,False,True,False,True,May19
70767373,Hamburg,Hamburg,Eimsbüttel,20357,1834.0,1989.0,74.0,81.0,98.0,3.0,2013.0,mint_condition,apartment,,central_heating,6.52,False,True,False,False,False,True,May19
111207253,Thüringen,Gera,Stadtmitte,7545,240.0,360.0,120.0,60.0,50.54,2.0,1930.0,modernized,ground_floor,D,,2.6,False,False,False,False,False,False,May19
109602118,Sachsen,Meißen_Kreis,Großenhain,1558,250.0,330.0,80.0,,50.0,2.0,1966.0,mint_condition,apartment,B,district_heating,1.89,False,True,False,True,False,False,May19
109858877,Bayern,Hof_Kreis,Naila,95119,260.0,370.0,80.0,30.0,39.25,2.0,1970.0,well_kept,ground_floor,D,central_heating,2.78,False,True,False,True,False,True,May19
104070503,Nordrhein_Westfalen,Duisburg,Hochemmerich,47226,293.0,465.0,115.0,57.0,57.57,3.0,,well_kept,apartment,,central_heating,1.79,False,True,False,True,False,False,Sep18
101526412,Nordrhein_Westfalen,Rhein_Erft_Kreis,Erftstadt,50374,1150.0,1340.0,190.0,,131.0,3.0,2003.0,,roof_storey,,self_contained_central_heating,2.9,False,True,False,False,False,True,Sep18
113542535,Sachsen,Dresden,Friedrichstadt,1067,350.0,510.0,80.0,80.0,61.37,2.0,1925.0,well_kept,,,district_heating,3.17,False,False,False,True,False,False,Oct19
115481347,Hessen,Fulda_Kreis,Fulda,36037,750.0,930.0,180.0,,87.0,3.0,,,apartment,,,4.74,False,True,False,True,False,True,Feb20
109599767,Niedersachsen,Göttingen_Kreis,Göttingen,37073,750.0,960.0,170.0,40.0,100.0,3.0,1984.0,,maisonette,,central_heating,4.96,False,True,False,False,False,False,May19
111336915,Sachsen,Zwickau_Kreis,Werdau,8412,335.0,485.0,150.0,,74.0,4.0,2013.0,well_kept,apartment,,central_heating,0.59,False,False,False,True,True,False,May19
102072296,Niedersachsen,Wolfsburg,Wendschott,38448,1065.0,1450.0,385.0,,110.0,4.0,2004.0,modernized,ground_floor,,district_heating,-1.18,False,True,False,False,True,True,May19
111238684,Berlin,Berlin,Grünau_Köpenick,12527,1884.6,2094.0,209.4,,139.6,3.0,2020.0,,roof_storey,,gas_heating,5.0,True,True,False,False,True,False,Oct19
109646798,Sachsen,Chemnitz,Altendorf,9116,576.0,775.0,199.0,,86.0,4.0,1978.0,well_kept,raised_ground_floor,NO_INFORMATION,district_heating,0.0,False,True,False,True,False,False,May19
89771584,Sachsen,Erzgebirgskreis,Annaberg_Buchholz,9456,330.0,,170.0,,67.0,3.0,1880.0,modernized,,,,0.97,False,False,False,False,False,False,Oct19
113859649,Schleswig_Holstein,Pinneberg_Kreis,Quickborn,25451,1150.0,1500.0,350.0,170.0,150.0,5.0,1970.0,modernized,roof_storey,,central_heating,2.98,False,True,False,False,False,True,Oct19
107010157,Niedersachsen,Hildesheim_Kreis,Bad_Salzdetfurth,31162,750.0,950.0,200.0,,130.0,4.0,,fully_renovated,ground_floor,,self_contained_central_heating,5.56,False,True,False,True,True,True,Sep18
115547072,Bayern,Würzburg,Lengfeld,97076,750.0,,220.0,,90.0,3.0,1970.0,well_kept,,E,central_heating,1.9,False,True,False,True,False,False,Feb20
107303566,Sachsen,Leipzig,Mockau_Süd,4357,330.0,,127.5,,51.0,2.0,1998.0,well_kept,maisonette,D,central_heating,5.0,False,True,False,True,False,False,Sep18
111187980,Baden_Württemberg,Freiburg_im_Breisgau,Herdern,79104,800.0,,150.0,,65.0,3.0,1957.0,well_kept,roof_storey,,self_contained_central_heating,5.36,False,False,False,True,True,True,May19
88395418,Brandenburg,Cottbus,Sandow,3042,265.0,375.0,110.0,,42.77,2.0,,,,,district_heating,1.92,False,True,False,True,False,False,Feb20
109522789,Nordrhein_Westfalen,Unna_Kreis,Lünen,44536,300.0,380.0,80.0,,50.18,2.0,1905.0,well_kept,apartment,,self_contained_central_heating,3.51,False,False,False,True,False,False,Oct19
110216721,Sachsen,Zwickau,Oberplanitz,8064,200.0,,50.0,,44.0,2.0,,fully_renovated,apartment,,self_contained_central_heating,0.18,False,False,False,True,False,False,May19
113513610,Sachsen_Anhalt,Halle_Saale,Südstadt,6128,365.0,517.0,152.0,79.0,60.73,3.0,1976.0,modernized,apartment,,district_heating,1.98,False,True,False,False,False,False,Oct19
115655801,Sachsen,Leipzig,Zentrum_Süd,4107,1149.0,1429.0,280.0,,124.0,4.0,1906.0,refurbished,apartment,,central_heating,4.36,False,True,True,True,True,False,Feb20
89179469,Nordrhein_Westfalen,Rhein_Sieg_Kreis,Siegburg,53721,1500.0,1860.0,275.0,,125.0,3.0,,first_time_use,apartment,A,self_contained_central_heating,3.95,False,True,False,False,False,False,Sep18
115163039,Nordrhein_Westfalen,Düsseldorf,Gerresheim,40625,840.0,1090.0,190.0,,70.76,2.5,,mint_condition,terraced_flat,,central_heating,4.13,False,True,True,False,True,True,Feb20
113674190,Nordrhein_Westfalen,Bielefeld,Schildesche,33611,525.0,,125.0,,68.0,2.0,1983.0,well_kept,roof_storey,,central_heating,3.58,False,True,False,True,False,False,Oct19
115480022,Nordrhein_Westfalen,Köln,Holweide,51067,720.0,,120.0,,64.0,2.0,1936.0,modernized,apartment,,central_heating,4.59,False,True,False,True,False,False,Feb20
111141941,Bayern,Amberg,Amberg,92224,466.7,666.7,200.0,90.0,74.08,2.2,1940.0,well_kept,,,,3.86,False,True,False,False,False,False,May19
87506281,Berlin,Berlin,Pankow_Pankow,13189,1812.8,2256.89,444.09,,142.18,3.5,2017.0,mint_condition,apartment,,central_heating,9.31,False,True,True,False,True,True,Oct19
82026670,Hessen,Groß_Gerau_Kreis,Mörfelden_Walldorf,64546,750.0,,130.0,,76.0,2.5,,refurbished,ground_floor,,gas_heating,5.38,False,True,False,False,True,False,Oct19
113594938,Niedersachsen,Hannover_Kreis,Ronnenberg,30952,650.0,850.0,200.0,100.0,110.0,4.0,1923.0,fully_renovated,apartment,E,self_contained_central_heating,4.65,False,False,False,False,True,False,Oct19
114239892,Nordrhein_Westfalen,Recklinghausen_Kreis,Gladbeck,45964,490.0,,140.0,,78.0,2.5,1870.0,,,,,3.05,False,True,False,True,False,False,Feb20
114639321,Mecklenburg_Vorpommern,Rostock,Toitenwinkel,18147,547.0,724.0,82.0,95.0,63.25,2.0,2018.0,,,B,,1.5,False,True,False,True,False,True,Feb20
85626541,Rheinland_Pfalz,Koblenz,Kesselheim,56070,310.0,410.0,100.0,,41.0,2.0,1968.0,well_kept,roof_storey,,central_heating,4.23,False,False,False,True,False,True,Feb20
115444384,Sachsen,Zwickau_Kreis,Limbach_Oberfrohna,9212,339.0,479.0,40.0,100.0,68.0,3.0,1930.0,,other,C,central_heating,0.74,False,False,False,True,True,False,Feb20
82001336,Mecklenburg_Vorpommern,Ludwigslust_Kreis,Rastow,19077,390.0,490.0,100.0,,72.0,3.0,1930.0,refurbished,ground_floor,,gas_heating,3.13,False,False,False,False,True,True,Oct19
72616045,Sachsen,Chemnitz,Hilbersdorf,9131,269.0,399.0,130.0,,66.09,3.0,1998.0,well_kept,roof_storey,,central_heating,2.04,False,False,False,True,False,False,Feb20
115440241,Nordrhein_Westfalen,Mettmann_Kreis,Langenfeld_Rheinland,40764,455.0,590.0,135.0,,65.0,2.0,,well_kept,apartment,,central_heating,4.29,False,False,False,True,True,False,Feb20
110476949,Sachsen,Leipzig,Connewitz,4277,630.0,784.6,154.8,,61.92,2.0,2018.0,first_time_use,apartment,B,district_heating,5.1,True,True,True,False,False,True,May19
115451488,Baden_Württemberg,Heidenheim_Kreis,Heidenheim_an_der_Brenz,89518,785.0,1070.0,230.0,,73.7,3.0,2020.0,first_time_use,roof_storey,A,district_heating,4.14,True,True,True,False,False,True,Feb20
115543715,Niedersachsen,Goslar_Kreis,Sankt_Andreasberg,37444,350.0,530.0,180.0,90.0,77.0,4.0,,fully_renovated,,,central_heating,3.02,False,True,False,True,True,True,Feb20
111388348,Berlin,Berlin,Frohnau_Reinickendorf,13465,1110.0,1285.0,175.0,,73.53,2.0,,first_time_use_after_refurbishment,,,central_heating,6.85,False,False,True,False,False,False,May19
115293762,Nordrhein_Westfalen,Wuppertal,Elberfeld_West,42115,2250.0,2750.0,500.0,,164.0,4.0,2015.0,mint_condition,apartment,,gas_heating,3.26,False,True,True,False,False,True,Feb20
109658238,Nordrhein_Westfalen,Aachen,Forst,52078,450.0,620.0,170.0,,64.0,2.0,1974.0,well_kept,,,central_heating,2.82,False,True,True,False,False,False,May19
111379377,Bayern,Coburg,Zentrum,96450,350.0,500.0,150.0,,60.0,1.5,1974.0,well_kept,apartment,,gas_heating,2.45,False,True,False,True,False,False,May19
110721198,Nordrhein_Westfalen,Bochum,Gerthe,44805,550.0,700.0,150.0,,93.24,3.0,2015.0,mint_condition,roof_storey,,self_contained_central_heating,4.48,False,False,False,True,False,False,May19
113748413,Hessen,Wiesbaden,Mitte,65185,980.0,1170.0,190.0,,89.0,3.0,,well_kept,apartment,,central_heating,2.21,False,False,False,True,False,True,Oct19
113223243,Mecklenburg_Vorpommern,Güstrow_Kreis,Güstrow,18273,448.0,534.0,86.0,,64.0,3.0,1920.0,,,,,4.18,False,False,False,False,False,False,Oct19
110898706,Bayern,Bamberg_Kreis,Hirschaid,96114,725.0,,175.0,,121.0,4.0,1999.0,,,B,central_heating,6.76,False,False,False,False,False,False,May19
109302756,Baden_Württemberg,Baden_Baden,Innenstadt,76530,3180.0,3580.0,400.0,,212.0,5.0,2012.0,mint_condition,apartment,,central_heating,5.1,False,True,True,True,False,False,May19
115378067,Nordrhein_Westfalen,Märkischer_Kreis,Iserlohn,58636,435.0,654.0,133.0,86.0,70.87,3.5,1966.0,,apartment,,central_heating,3.09,False,True,False,True,False,False,Feb20
111337452,Bayern,Cham_Kreis,Bad_Kötzting,93444,420.0,540.0,120.0,,77.0,3.0,,,ground_floor,,central_heating,4.24,False,True,False,False,False,False,May19
115709260,Berlin,Berlin,Spandau_Spandau,13595,821.0,1050.0,229.0,,101.0,3.0,1915.0,modernized,maisonette,,district_heating,6.07,False,True,False,True,False,True,Feb20
113846061,Hessen,Frankfurt_am_Main,Hausen,60488,1490.0,1790.0,300.0,,100.0,3.0,1985.0,well_kept,,D,floor_heating,4.69,False,True,False,True,False,True,Oct19
115638961,Hessen,Frankfurt_am_Main,Nordend_West,60322,3600.0,4090.0,490.0,,206.0,5.0,1971.0,fully_renovated,apartment,NO_INFORMATION,central_heating,5.29,False,True,True,True,False,True,Feb20
96966002,Bremen,Bremerhaven,Geestemünde,27570,509.88,764.82,,,42.49,1.0,2016.0,first_time_use,apartment,B,district_heating,3.57,False,True,True,False,True,True,Sep18
109509532,Brandenburg,Prignitz_Kreis,Wittenberge,19322,170.0,250.0,45.0,35.0,31.37,1.0,1941.0,refurbished,apartment,,central_heating,1.85,False,False,False,True,False,False,May19
113363535,Nordrhein_Westfalen,Wuppertal,Langerfeld_Beyenburg,42389,390.0,,120.0,,67.34,3.0,1964.0,,apartment,,central_heating,2.71,False,True,False,False,False,False,Oct19
114891205,Baden_Württemberg,Bodenseekreis,Friedrichshafen,88048,1250.0,,180.0,,130.0,4.0,2010.0,well_kept,roof_storey,,,2.1,False,True,False,True,False,True,Feb20
115691147,Hamburg,Hamburg,Steilshoop,22309,640.0,790.0,150.0,,60.91,2.0,1973.0,first_time_use_after_refurbishment,apartment,,central_heating,5.25,False,True,True,False,False,False,Feb20
113658707,Nordrhein_Westfalen,Bonn,Bonn_Zentrum,53111,1560.0,,260.0,,104.0,2.0,2018.0,first_time_use_after_refurbishment,apartment,D,central_heating,3.81,False,False,False,True,False,False,Feb20
73014451,Sachsen,Mittelsachsen_Kreis,Döbeln,4720,220.0,,90.0,,42.0,1.5,1900.0,,,,,0.79,False,False,False,False,False,False,Oct19
100541936,Schleswig_Holstein,Flensburg,Altstadt,24937,500.0,700.0,100.0,100.0,65.0,3.0,1920.0,well_kept,roof_storey,,district_heating,4.23,False,False,False,False,False,True,May19
115222987,Sachsen,Chemnitz,Schloßchemnitz,9113,275.0,400.0,125.0,,54.7,2.0,1994.0,fully_renovated,apartment,C,central_heating,0.56,False,True,True,False,False,False,Feb20
105465091,Brandenburg,Uckermark_Kreis,Schwedt/Oder,16303,322.52,462.52,70.0,70.0,58.64,2.1,1967.0,,,,,3.28,False,False,False,False,False,False,Sep18
112374725,Baden_Württemberg,Lörrach_Kreis,Lörrach,79539,1100.0,1250.0,150.0,75.0,90.0,3.0,1912.0,modernized,roof_storey,,gas_heating,1.32,False,False,False,False,False,True,Oct19
111172816,Hessen,Main_Taunus_Kreis,Hofheim_am_Taunus,65719,1400.0,1700.0,300.0,,100.0,3.5,1963.0,first_time_use_after_refurbishment,ground_floor,,central_heating,3.89,False,True,False,True,True,False,May19
104954596,Nordrhein_Westfalen,Rhein_Sieg_Kreis,Much,53804,615.0,805.0,155.0,,77.0,3.0,2018.0,first_time_use,apartment,A,heat_pump,3.84,True,True,False,True,False,False,Sep18
105918833,Bayern,Würzburg,Heidingsfeld,97084,1150.0,1500.0,350.0,,125.0,3.0,1995.0,well_kept,maisonette,,central_heating,2.5,False,True,False,True,True,True,Oct19
94093653,Sachsen,Chemnitz,Hutholz,9123,280.0,395.0,115.0,,56.29,3.0,,well_kept,apartment,,central_heating,0.0,False,True,False,True,False,False,May19
113798877,Nordrhein_Westfalen,Bochum,Hamme,44809,510.0,720.0,210.0,,78.0,3.0,1956.0,well_kept,apartment,,self_contained_central_heating,4.56,False,False,True,True,False,False,Feb20
112047763,Mecklenburg_Vorpommern,Parchim_Kreis,Crivitz,19089,422.0,565.5,71.75,71.75,78.45,4.0,,first_time_use_after_refurbishment,apartment,,district_heating,4.15,False,True,False,True,False,False,Feb20
110664792,Hamburg,Hamburg,Tonndorf,22149,999.85,1363.85,197.0,107.0,100.99,3.0,2013.0,,apartment,,,5.05,False,True,True,False,False,True,May19
111276136,Nordrhein_Westfalen,Herne,Wanne,44649,270.0,345.0,75.0,,45.0,3.0,1928.0,modernized,roof_storey,,district_heating,2.92,False,False,False,True,False,True,May19
114698997,Bayern,Ingolstadt,Nordwest,85057,916.21,1128.21,164.0,48.0,79.67,3.0,1975.0,,apartment,,central_heating,2.76,False,True,True,True,False,False,Feb20
112893976,Hamburg,Hamburg,Bergedorf,21029,897.5,1071.6,148.46,25.65,67.5,1.5,2018.0,first_time_use,terraced_flat,A_PLUS,floor_heating,4.53,True,True,True,True,True,True,Oct19
111360251,Nordrhein_Westfalen,Gelsenkirchen,Beckhausen,45897,485.0,685.0,100.0,100.0,100.0,3.0,,well_kept,ground_floor,,gas_heating,3.63,False,False,False,False,True,False,May19
113572094,Sachsen_Anhalt,Burgenlandkreis,Naumburg_Saale,6618,196.0,308.0,56.0,56.0,56.0,2.0,1900.0,,,NO_INFORMATION,central_heating,1.02,False,False,False,True,False,False,Oct19
115521872,Hessen,Main_Taunus_Kreis,Hofheim_am_Taunus,65719,1330.0,,290.0,,110.0,3.5,1983.0,well_kept,roof_storey,NO_INFORMATION,central_heating,3.88,False,True,False,True,False,False,Feb20
107072263,Mecklenburg_Vorpommern,Rostock,Schmarl,18106,326.01,,82.0,65.0,57.7,3.0,1977.0,well_kept,other,C,district_heating,1.61,False,True,False,True,False,False,Sep18
107017346,Baden_Württemberg,Ortenaukreis,Rheinau,77866,430.0,,70.0,100.0,53.0,2.0,,well_kept,apartment,,central_heating,3.17,False,False,False,False,False,True,Sep18
109940776,Saarland,Neunkirchen_Kreis,Spiesen_Elversberg,66583,350.0,470.0,120.0,,56.0,3.0,1935.0,,roof_storey,F,central_heating,3.24,False,False,False,False,False,False,May19
104292374,Nordrhein_Westfalen,Essen,Huttrop,45138,440.0,530.0,90.0,,53.0,2.5,,modernized,other,,self_contained_central_heating,3.21,False,False,False,True,False,True,Oct19
63395253,Niedersachsen,Gifhorn_Kreis,Sassenburg,38524,950.0,1200.0,250.0,,175.0,5.0,1905.0,well_kept,ground_floor,,central_heating,1.42,False,True,False,True,True,False,Feb20
115321928,Berlin,Berlin,Alt_Hohenschönhausen_Hohenschönhausen,13055,973.64,1273.64,200.0,100.0,95.64,4.0,,fully_renovated,,,district_heating,6.55,False,True,True,True,False,True,Feb20
56106655,Sachsen,Chemnitz,Schloßchemnitz,9113,267.0,397.0,130.0,,66.0,2.0,,,,,central_heating,0.74,False,False,False,True,False,False,Feb20
112907443,Sachsen,Chemnitz,Bernsdorf,9126,300.0,426.0,126.0,,52.63,2.0,1926.0,,apartment,,,0.38,False,True,False,True,False,False,Feb20
111314114,Niedersachsen,Cloppenburg_Kreis,Friesoythe,26169,590.0,,180.0,,141.0,4.0,1971.0,,ground_floor,,central_heating,0.57,False,False,False,False,False,False,May19
110902493,Berlin,Berlin,Charlottenburg_Charlottenburg,10627,1690.16,2070.16,287.0,93.0,112.63,2.0,2015.0,,apartment,,,8.57,False,True,True,False,False,True,May19
113283058,Nordrhein_Westfalen,Siegen_Wittgenstein_Kreis,Siegen,57076,708.92,927.05,218.13,,72.71,3.0,2019.0,first_time_use,apartment,NO_INFORMATION,floor_heating,3.5,True,True,True,True,False,False,Feb20
110126665,Thüringen,Wartburgkreis,Mihla,99826,273.0,381.0,108.0,,54.53,2.0,,,apartment,,,2.65,False,True,False,False,False,False,May19
115486755,Nordrhein_Westfalen,Düsseldorf,Flehe,40223,1282.0,1482.0,200.0,,94.11,3.0,2016.0,mint_condition,apartment,A_PLUS,floor_heating,4.13,False,True,True,True,True,True,Feb20
96239969,Bayern,Erding_Kreis,Pastetten,85669,750.0,910.0,130.0,,80.0,3.0,2004.0,well_kept,roof_storey,C,central_heating,3.73,False,False,False,True,False,False,Oct19
71366343,Sachsen,Chemnitz,Hilbersdorf,9131,235.0,347.0,112.0,,51.13,2.0,1912.0,modernized,,,central_heating,-0.2,False,False,False,True,True,False,Oct19
106774017,Sachsen,Chemnitz,Glösa_Draisdorf,9114,570.0,855.0,285.0,,114.0,4.0,1995.0,refurbished,roof_storey,,,1.69,False,True,False,False,False,False,Sep18
111334594,Niedersachsen,Stade_Kreis,Buxtehude,21614,355.0,505.0,150.0,,33.0,1.0,1987.0,negotiable,apartment,,central_heating,4.19,False,True,True,False,False,False,May19
115180702,Nordrhein_Westfalen,Essen,Südviertel,45128,399.0,525.0,126.0,,42.0,2.5,,well_kept,apartment,,,3.76,False,False,False,True,False,True,Feb20
115398211,Sachsen_Anhalt,Magdeburg,Salbke,39122,275.0,385.0,110.0,,55.0,3.0,1908.0,,apartment,,central_heating,1.34,False,False,False,True,False,False,Feb20
114666111,Sachsen,Dresden,Friedrichstadt,1097,1095.29,1379.47,284.18,,118.41,4.0,2019.0,,,,,2.43,True,True,True,True,False,False,Feb20
111253818,Sachsen,Bautzen_Kreis,Großröhrsdorf,1900,816.0,1020.0,204.0,,102.0,4.0,1920.0,refurbished,,,,2.22,False,True,True,True,True,False,May19
107377553,Nordrhein_Westfalen,Recklinghausen_Kreis,Gladbeck,45966,510.0,710.0,200.0,,81.0,4.0,,well_kept,apartment,,,3.33,False,True,False,True,False,False,Sep18
97678836,Sachsen_Anhalt,Salzlandkreis,Gatersleben,6466,341.0,512.0,171.0,79.0,71.84,4.0,1990.0,modernized,ground_floor,NO_INFORMATION,district_heating,0.0,False,True,False,True,False,True,May19
115593827,Brandenburg,Barnim_Kreis,Eberswalde,16227,318.5,467.5,149.0,,57.4,3.0,1985.0,fully_renovated,apartment,,central_heating,3.19,False,True,False,True,False,False,Feb20
106959365,Bayern,München,Nymphenburg,80639,2350.0,2350.0,0.0,,73.0,2.0,2012.0,,,,,7.36,False,True,True,False,True,False,Sep18
102800314,Nordrhein_Westfalen,Dortmund,Hörde,44263,675.0,920.0,175.0,,57.38,2.0,2017.0,mint_condition,apartment,A_PLUS,central_heating,4.2,False,True,True,True,True,True,Oct19
109484244,Sachsen,Sächsische_Schweiz_Osterzgebirge_Kreis,Pirna,1796,301.34,464.57,87.89,75.34,62.78,3.0,1986.0,refurbished,apartment,B,central_heating,1.59,False,True,False,True,False,False,May19
114888145,Hessen,Frankfurt_am_Main,Sachsenhausen_Nord,60594,1850.0,2050.0,200.0,,82.6,3.0,2003.0,well_kept,apartment,,central_heating,4.4,False,True,True,True,False,True,Feb20
115169074,Bayern,München,Ludwigsvorstadt_Isarvorstadt,80469,2500.0,2700.0,200.0,,95.0,4.0,1896.0,refurbished,apartment,,self_contained_central_heating,5.62,False,True,True,True,False,True,Feb20
104708194,Sachsen,Meißen_Kreis,Riesa,1589,270.0,,120.0,,60.0,2.0,1900.0,mint_condition,apartment,,central_heating,0.0,False,False,False,True,False,False,May19
113150616,Bayern,München,Trudering,81825,1300.0,1450.0,150.0,,52.0,2.0,1984.0,first_time_use_after_refurbishment,apartment,,district_heating,5.12,False,True,False,True,True,False,Oct19
106364177,Nordrhein_Westfalen,Borken_Kreis,Ahaus,48683,800.0,,150.0,,124.0,4.0,1993.0,,maisonette,,gas_heating,3.39,False,False,False,False,False,True,Sep18
115120285,Niedersachsen,Hameln_Pyrmont_Kreis,Hameln,31787,180.0,250.0,30.0,40.0,13.88,1.0,1890.0,,,,oil_heating,2.48,False,False,False,False,False,False,Feb20
114909794,Sachsen,Dresden,Gorbitz_Süd,1169,220.0,286.0,39.0,27.0,26.89,1.0,1984.0,,apartment,C,central_heating,1.8,False,False,True,False,False,False,Feb20
113903527,Sachsen,Mittelsachsen_Kreis,Freiberg,9599,195.0,,52.0,45.0,31.98,1.0,1981.0,,apartment,B,district_heating,1.18,False,False,True,False,False,False,Feb20
111078154,Sachsen,Leipzig,Zentrum_Nord,4155,1845.0,2267.5,422.5,,169.0,4.0,2007.0,mint_condition,maisonette,,floor_heating,4.84,False,True,True,True,False,True,Oct19
110748313,Sachsen,Leipzig,Lößnig,4279,420.0,561.0,141.0,,63.74,3.0,1975.0,refurbished,apartment,,central_heating,3.28,False,True,False,True,True,False,May19
115667299,Nordrhein_Westfalen,Dortmund,Hombruch,44225,600.0,700.0,100.0,,80.0,3.0,,,ground_floor,,self_contained_central_heating,4.4,False,False,False,True,False,True,Feb20
113866825,Bayern,Nürnberg,Galgenhof,90461,425.0,530.0,55.0,50.0,44.0,2.0,1967.0,refurbished,apartment,,central_heating,4.7,False,False,True,True,False,False,Oct19
113804018,Schleswig_Holstein,Segeberg_Kreis,Norderstedt,22850,850.0,1016.0,110.0,56.0,60.36,2.0,2019.0,first_time_use,terraced_flat,,floor_heating,4.08,True,True,True,True,False,True,Feb20
104878813,Sachsen,Chemnitz,Grüna,9224,355.0,500.0,145.0,,71.0,3.0,1995.0,,maisonette,,central_heating,0.0,False,False,False,True,True,False,Sep18
107680151,Brandenburg,Ostprignitz_Ruppin_Kreis,Neuruppin,16816,589.5,655.0,65.5,,65.5,2.0,,mint_condition,apartment,,,3.92,False,False,False,True,False,False,Feb20
66964208,Nordrhein_Westfalen,Dortmund,Innenstadt,44135,250.0,360.0,110.0,,25.0,1.0,1993.0,well_kept,,,central_heating,3.85,False,False,True,False,False,True,Oct19
110274029,Nordrhein_Westfalen,Dortmund,Scharnhorst,44328,499.0,703.0,134.0,70.0,68.0,3.5,1965.0,,apartment,,central_heating,3.51,False,True,False,True,False,False,May19
112952451,Sachsen,Dresden,Radeberger_Vorstadt,1099,583.0,777.0,194.0,,76.5,2.0,1966.0,well_kept,roof_storey,C,central_heating,2.65,False,True,False,False,False,True,Oct19
80916078,Nordrhein_Westfalen,Düsseldorf,Düsseltal,40211,990.0,1678.0,288.0,,64.0,2.0,2015.0,mint_condition,apartment,NO_INFORMATION,district_heating,4.0,False,True,True,True,False,True,Feb20
113624365,Nordrhein_Westfalen,Rhein_Sieg_Kreis,Königswinter,53639,535.0,635.0,40.0,60.0,63.0,1.0,,,maisonette,,central_heating,4.19,False,True,False,False,False,True,Oct19
111089888,Berlin,Berlin,Schöneberg_Schöneberg,10785,3990.0,4640.0,650.0,,154.0,3.0,2018.0,mint_condition,apartment,NO_INFORMATION,floor_heating,9.63,True,True,True,False,False,True,May19
111355539,Nordrhein_Westfalen,Siegen_Wittgenstein_Kreis,Burbach,57299,395.0,,200.0,,66.76,3.0,1974.0,well_kept,apartment,,central_heating,1.8,False,True,False,True,False,False,May19
110217843,Bayern,Landshut_Kreis,Ergoldsbach,84061,725.0,900.0,150.0,,75.0,2.5,2018.0,mint_condition,ground_floor,,central_heating,4.45,False,True,False,True,False,False,Feb20
83295985,Baden_Württemberg,Heidelberg,Altstadt,69117,1680.0,1920.0,120.0,120.0,140.0,4.0,,mint_condition,penthouse,,self_contained_central_heating,4.03,False,True,False,False,False,True,Sep18
115528612,Nordrhein_Westfalen,Neuss_Rhein_Kreis,Neuss,41464,830.0,1040.0,210.0,,87.0,3.0,,,apartment,,central_heating,4.07,False,True,True,True,True,True,Feb20
113783919,Niedersachsen,Hannover_Kreis,Garbsen,30823,495.0,625.0,80.0,50.0,45.0,2.0,,first_time_use,roof_storey,D,gas_heating,4.57,False,False,False,True,True,True,Oct19
113614469,Bayern,Roth_Kreis,Rednitzhembach,91126,600.0,780.0,180.0,,70.96,3.0,,,,,,5.47,False,False,False,False,False,False,Oct19
111448148,Sachsen_Anhalt,Magdeburg,Salbke,39122,340.0,491.0,81.0,70.0,68.0,3.0,1950.0,well_kept,roof_storey,D,district_heating,1.35,False,False,False,False,False,False,Oct19
106313731,Niedersachsen,Holzminden_Kreis,Holzminden,37603,361.0,506.0,80.0,65.0,70.4,2.0,1998.0,well_kept,ground_floor,,central_heating,1.75,False,True,False,False,False,True,Sep18
113392464,Sachsen_Anhalt,Magdeburg,Sudenburg,39112,450.0,580.0,130.0,,82.0,3.0,1995.0,well_kept,roof_storey,,central_heating,1.66,False,False,False,True,False,True,Oct19
115579243,Sachsen,Chemnitz,Hilbersdorf,9131,310.0,460.0,150.0,,66.0,3.0,1920.0,well_kept,apartment,,central_heating,0.2,False,False,False,True,False,False,Feb20
111045856,Mecklenburg_Vorpommern,Neubrandenburg,Industrieviertel,17034,280.0,400.0,120.0,,57.56,2.0,1970.0,refurbished,apartment,,district_heating,0.35,False,True,False,True,False,False,May19
111353089,Bayern,Altötting_Kreis,Burgkirchen_an_der_Alz,84508,450.0,570.0,120.0,,69.0,3.0,,,apartment,,self_contained_central_heating,5.59,False,True,False,True,False,False,May19
113593943,Bayern,Erding_Kreis,Erding,85435,800.0,960.0,160.0,,56.0,2.0,2020.0,first_time_use,apartment,,district_heating,4.9,True,True,False,True,True,False,Oct19
112311040,Nordrhein_Westfalen,Hagen,Eilpe,58091,295.0,445.0,150.0,,35.0,1.5,1960.0,well_kept,other,,,1.68,False,True,False,False,True,True,Oct19
111276972,Bayern,Augsburg_Kreis,Diedorf,86420,1135.0,1235.0,100.0,,156.0,3.0,2005.0,mint_condition,roof_storey,,central_heating,4.94,False,False,False,False,False,True,May19
64618793,Mecklenburg_Vorpommern,Ludwigslust_Kreis,Grabow,19300,330.0,425.0,40.0,40.0,38.87,1.0,2011.0,well_kept,apartment,,wood_pellet_heating,2.49,False,True,True,True,False,True,Oct19
109865792,Baden_Württemberg,Mannheim,Seckenheim,68239,1350.0,1650.0,300.0,,117.0,3.0,,mint_condition,maisonette,C,central_heating,3.77,False,True,False,True,False,False,May19
90543627,Sachsen,Zwickau,Innenstadt,8056,200.0,295.0,95.0,,48.0,1.0,1900.0,refurbished,,NO_INFORMATION,central_heating,1.85,False,False,False,False,True,False,Sep18
111240158,Baden_Württemberg,Enzkreis,Mühlacker,75417,750.0,850.0,100.0,,98.0,2.5,1998.0,well_kept,apartment,,,5.87,False,True,False,True,False,True,May19
110271709,Baden_Württemberg,Stuttgart,Mitte,70182,2150.0,2500.0,350.0,,129.0,4.0,1880.0,well_kept,maisonette,,floor_heating,7.69,False,True,False,True,False,True,May19
110359973,Bayern,Deggendorf_Kreis,Iggensbach,94547,522.0,638.0,116.0,,58.0,2.0,2014.0,refurbished,ground_floor,D,central_heating,5.97,False,True,True,False,False,True,May19
114581476,Bayern,Eichstätt_Kreis,Hepberg,85120,790.0,965.0,175.0,,70.0,2.0,1980.0,well_kept,roof_storey,E,central_heating,-0.72,False,True,False,False,False,False,Feb20
113868108,Hamburg,Hamburg,Rahlstedt,22143,415.0,634.0,219.0,89.0,51.57,2.0,1964.0,,apartment,,central_heating,4.67,False,True,False,True,False,False,Oct19
113232757,Sachsen,Dresden,Wilsdruffer_Vorstadt/Seevorstadt_West,1067,1703.7,2026.7,208.23,107.27,126.2,4.0,2019.0,first_time_use,apartment,C,floor_heating,4.25,True,True,True,True,False,True,Oct19
112732240,Niedersachsen,Ammerland_Kreis,Westerstede,26655,420.0,,150.0,,44.0,2.0,1981.0,,,,,5.07,False,True,True,False,False,True,Oct19
111290406,Sachsen,Leipzig,Wahren,4159,270.0,371.0,101.0,,45.93,2.0,1930.0,refurbished,apartment,,central_heating,4.5,False,False,False,True,True,False,May19
111153499,Berlin,Berlin,Tempelhof_Tempelhof,12099,1400.0,1810.0,277.0,133.0,111.11,3.5,1936.0,first_time_use_after_refurbishment,roof_storey,,oil_heating,9.34,False,True,False,True,True,True,May19
110938732,Sachsen,Meißen_Kreis,Meißen,1662,240.0,360.0,120.0,,48.0,2.0,1989.0,need_of_renovation,apartment,,central_heating,1.72,False,True,False,False,False,False,May19
106834460,Sachsen,Sächsische_Schweiz_Osterzgebirge_Kreis,Heidenau,1809,451.0,599.0,148.0,,59.86,2.0,1930.0,refurbished,roof_storey,,,1.61,False,False,False,True,False,True,Sep18
113828543,Baden_Württemberg,Heidelberg,Weststadt,69115,1300.0,1500.0,200.0,,85.33,3.0,2010.0,,other,,,5.97,False,True,True,True,False,True,Oct19
100229608,Brandenburg,Brandenburg_an_der_Havel,Neustadt,14776,279.0,349.0,70.0,,31.5,1.5,1900.0,modernized,ground_floor,,central_heating,3.33,False,False,False,False,True,True,Oct19
114883849,Sachsen_Anhalt,Halle_Saale,Heide_Nord/Blumenau,6120,185.14,,45.0,45.0,36.09,1.0,1988.0,,ground_floor,C,district_heating,2.59,False,True,False,True,False,False,Feb20
85412936,Baden_Württemberg,Lörrach_Kreis,Grenzach_Wyhlen,79639,970.0,970.0,0.0,,55.0,2.0,1966.0,,,F,central_heating,1.92,False,True,False,False,False,True,May19
95171684,Rheinland_Pfalz,Mainz,Finthen,55126,850.0,1000.0,150.0,70.0,85.0,2.0,2015.0,mint_condition,ground_floor,,floor_heating,2.25,False,True,False,True,True,True,Oct19
115148283,Rheinland_Pfalz,Koblenz,Rübenach,56072,550.0,,120.0,,50.0,2.0,,first_time_use,half_basement,,,3.2,False,False,False,False,False,False,Feb20
103478206,Baden_Württemberg,Calw_Kreis,Nagold,72202,260.0,310.0,50.0,,25.0,1.0,,modernized,ground_floor,,gas_heating,6.76,False,True,True,True,True,True,Oct19
109680485,Sachsen,Erzgebirgskreis,Stollberg/Erzgebirge,9366,230.0,385.0,155.0,,53.5,2.0,1920.0,refurbished,roof_storey,E,central_heating,1.89,False,False,False,False,False,False,Oct19
112088125,Nordrhein_Westfalen,Duisburg,Obermeiderich,47137,275.0,,85.0,65.0,46.0,2.5,1952.0,fully_renovated,apartment,,central_heating,2.71,False,False,False,False,False,False,Oct19
115681265,Hessen,Offenbach_Kreis,Dietzenbach,63128,550.0,,140.0,,53.5,2.0,1970.0,well_kept,apartment,D,central_heating,4.81,False,True,False,True,False,False,Feb20
109601433,Hessen,Groß_Gerau_Kreis,Bischofsheim,65474,760.0,980.0,220.0,,74.0,4.0,1950.0,first_time_use_after_refurbishment,apartment,,central_heating,5.23,False,False,False,True,False,False,Oct19
111277416,Sachsen,Leipzig,Zentrum,4109,740.0,989.0,166.5,82.5,74.0,2.0,,,maisonette,,floor_heating,6.76,False,True,True,False,False,True,May19
106752532,Sachsen_Anhalt,Halle_Saale,Silberhöhe,6132,310.0,476.0,83.0,83.0,65.8,4.0,,refurbished,other,C,district_heating,1.61,False,True,False,True,False,False,Oct19
106046400,Niedersachsen,Hannover_Kreis,Ronnenberg,30953,688.1,804.1,116.0,0.0,89.08,3.0,1990.0,well_kept,apartment,,central_heating,5.8,False,True,False,True,False,False,Sep18
111369125,Bayern,München,Obergiesing,81541,510.0,630.0,80.0,40.0,29.9,1.0,1972.0,fully_renovated,apartment,D,central_heating,7.22,False,True,True,False,False,True,May19
113687625,Nordrhein_Westfalen,Märkischer_Kreis,Kierspe,58566,410.0,570.0,160.0,,70.0,3.0,,,apartment,,central_heating,2.23,False,True,False,False,False,False,Oct19
115242998,Hessen,Kassel,Bettenhausen,34123,800.0,,120.0,80.0,80.0,3.0,2019.0,first_time_use,ground_floor,A_PLUS,heat_pump,1.99,True,True,False,False,False,False,Feb20
114847856,Bayern,Main_Spessart_Kreis,Marktheidenfeld,97828,1095.0,1395.0,300.0,,91.99,4.0,,first_time_use,apartment,,heat_pump,4.62,False,True,True,True,False,False,Feb20
72057001,Thüringen,Gera,Stadtmitte,7545,167.16,291.09,123.93,57.64,57.64,2.0,1991.0,,apartment,NO_INFORMATION,,1.85,False,True,False,True,False,False,Sep18
111251775,Nordrhein_Westfalen,Rheinisch_Bergischer_Kreis,Kürten,51515,520.0,630.0,110.0,,60.0,3.0,1957.0,need_of_renovation,other,,gas_heating,3.83,False,False,False,True,True,False,May19
110361346,Sachsen,Chemnitz,Sonnenberg,9130,330.0,,210.0,,95.36,3.0,1997.0,refurbished,roof_storey,,central_heating,0.21,False,True,False,True,False,False,Oct19
109875332,Bayern,Bad_Kissingen_Kreis,Bad_Kissingen,97688,550.0,,220.0,,90.0,3.0,1994.0,well_kept,apartment,NO_INFORMATION,central_heating,6.03,False,False,True,True,False,False,May19
107014355,Mecklenburg_Vorpommern,Ostvorpommern_Kreis,Usedom,17406,360.0,,170.0,,59.8,3.0,,,,,,0.0,False,False,False,False,False,False,Sep18
110947224,Sachsen,Chemnitz,Kappel,9119,960.0,1196.0,216.0,,120.0,5.0,1930.0,refurbished,maisonette,,floor_heating,0.0,False,True,False,False,False,False,May19
113864545,Rheinland_Pfalz,Ludwigshafen_am_Rhein,West,67071,890.0,,200.0,,115.0,3.0,1988.0,,roof_storey,D,central_heating,3.59,False,True,False,False,False,False,Oct19
95954762,Niedersachsen,Friesland_Kreis,Wangerland,26434,399.0,459.0,60.0,,60.0,2.0,1996.0,fully_renovated,ground_floor,,gas_heating,3.39,False,False,False,False,True,True,Feb20
115694685,Berlin,Berlin,Friedrichshain_Friedrichshain,10245,1644.0,1862.0,218.0,0.0,72.64,2.0,,mint_condition,apartment,,,7.53,False,False,False,False,True,True,Feb20
111458355,Sachsen_Anhalt,Burgenlandkreis,Zeitz,6712,268.0,391.0,123.0,,76.5,3.0,1890.0,refurbished,apartment,E,central_heating,0.0,False,False,False,True,True,False,Oct19
105895926,Bayern,Fürth,Dambach_/_Unterfürberg,90768,1990.0,,225.0,,141.02,4.0,2018.0,first_time_use,penthouse,B,,4.53,True,False,False,False,False,False,Sep18
115302798,Nordrhein_Westfalen,Rhein_Sieg_Kreis,Lohmar,53797,950.0,1195.0,200.0,,100.0,3.0,,well_kept,ground_floor,,self_contained_central_heating,3.69,False,True,False,True,False,False,Feb20
113540369,Nordrhein_Westfalen,Bochum,Laer,44803,450.0,,90.0,88.0,58.83,3.0,1959.0,,apartment,,,4.66,False,True,False,True,False,False,Oct19
93898980,Bayern,Weiden_in_der_Oberpfalz,Rehbühl,92637,416.0,516.0,100.0,0.0,58.18,3.0,1957.0,fully_renovated,apartment,,night_storage_heater,1.52,False,True,False,True,False,False,Feb20
113822017,Hessen,Frankfurt_am_Main,Sachsenhausen_Nord,60594,3000.0,3380.0,380.0,,140.0,4.0,2003.0,,,NO_INFORMATION,,4.48,False,True,True,True,False,True,Oct19
100112496,Sachsen,Chemnitz,Hilbersdorf,9131,365.0,499.0,124.0,,77.0,5.0,1904.0,first_time_use_after_refurbishment,roof_storey,,self_contained_central_heating,0.0,False,False,False,True,True,False,Sep18
106855093,Sachsen_Anhalt,Dessau_Roßlau,Innerstädtischer_Bereich_Süd,6842,365.0,550.0,120.0,65.0,56.98,3.0,,first_time_use_after_refurbishment,apartment,,district_heating,0.0,False,True,True,True,False,False,Sep18
111017096,Sachsen_Anhalt,Halle_Saale,Nördliche_Neustadt,6122,470.0,705.0,235.0,,94.0,5.0,1973.0,modernized,roof_storey,,district_heating,3.14,False,False,True,True,False,False,May19
115626511,Nordrhein_Westfalen,Mülheim_an_der_Ruhr,Holthausen,45470,734.0,989.0,165.0,90.0,91.78,4.0,,fully_renovated,apartment,E,central_heating,3.03,False,False,False,True,False,False,Feb20
106935217,Saarland,Merzig_Wadern_Kreis,Merzig,66663,800.0,,200.0,,100.0,3.0,1900.0,modernized,ground_floor,E,central_heating,6.56,False,False,False,False,False,False,Sep18
110366352,Sachsen,Plauen,Bärenstein,8523,420.0,580.0,160.0,,79.9,3.0,,,other,,gas_heating,4.08,False,True,True,True,False,False,May19
113127102,Berlin,Berlin,Charlottenburg_Charlottenburg,10629,1280.94,1567.39,191.45,95.0,88.19,3.0,1994.0,refurbished,apartment,NO_INFORMATION,central_heating,6.38,False,True,True,True,False,True,Feb20
110954487,Sachsen,Zwickau_Kreis,Oberlungwitz,9353,254.52,390.26,63.02,72.72,48.48,2.0,1930.0,refurbished,,NO_INFORMATION,central_heating,0.19,False,False,False,True,False,False,Feb20
114649617,Sachsen,Chemnitz,Kaßberg,9112,400.0,585.0,185.0,,73.5,3.0,1910.0,well_kept,raised_ground_floor,D,central_heating,0.9,False,True,True,True,False,False,Feb20
106941657,Baden_Württemberg,Heidenheim_Kreis,Königsbronn,89551,431.53,620.0,188.47,,51.68,2.0,2013.0,mint_condition,apartment,A,central_heating,4.62,False,True,True,True,False,False,Sep18
115436107,Sachsen,Leipzig,Kleinzschocher,4229,355.0,490.0,135.0,,57.6,2.0,1997.0,refurbished,,NO_INFORMATION,central_heating,3.49,False,False,False,True,False,False,Feb20
114708071,Hamburg,Hamburg,Lohbrügge,21031,1016.0,1016.0,,,78.0,3.0,2019.0,first_time_use,apartment,,district_heating,4.76,True,True,True,True,False,True,Feb20
115130226,Nordrhein_Westfalen,Aachen_Kreis,Baesweiler,52499,585.0,885.0,200.0,100.0,98.0,3.0,1991.0,well_kept,apartment,C,central_heating,2.45,False,True,False,True,False,False,Feb20
111059078,Brandenburg,Cottbus,Stadtmitte,3046,460.0,,60.0,60.0,68.0,2.0,1914.0,refurbished,apartment,NO_INFORMATION,central_heating,0.64,False,True,True,True,False,True,May19
115635192,Nordrhein_Westfalen,Bottrop,Süd_West,46236,592.0,828.0,134.0,102.0,91.0,4.0,1967.0,well_kept,apartment,E,central_heating,3.19,False,False,False,True,False,False,Feb20
106749821,Sachsen,Leipzig,Altlindenau,4177,615.0,735.0,120.0,,55.97,2.0,2018.0,first_time_use,apartment,A,central_heating,5.43,True,True,True,True,True,False,Sep18
111902546,Sachsen_Anhalt,Altmarkkreis_Salzwedel,Salzwedel,29410,700.0,955.0,150.0,145.0,145.0,5.0,1910.0,well_kept,apartment,,district_heating,3.06,False,False,False,True,False,False,Oct19
106507316,Niedersachsen,Heidekreis,Bad_Fallingbostel,29683,430.0,590.0,160.0,,72.0,3.0,1971.0,well_kept,apartment,,central_heating,3.92,False,True,False,True,True,True,May19
107819896,Hessen,Waldeck_Frankenberg_Kreis,Korbach,34497,540.0,,200.0,,82.89,4.0,1971.0,fully_renovated,apartment,,oil_heating,1.67,False,True,False,True,False,False,May19
111308260,Hessen,Kassel,Bettenhausen,34123,750.0,1000.0,,,80.0,3.0,,mint_condition,half_basement,,floor_heating,2.59,False,False,False,False,False,False,May19
114668236,Sachsen,Sächsische_Schweiz_Osterzgebirge_Kreis,Heidenau,1809,1035.0,1235.0,200.0,,115.0,4.5,,first_time_use_after_refurbishment,,,central_heating,1.1,False,True,False,True,True,False,Feb20
111062862,Bayern,Augsburg,Hochfeld,86159,340.0,405.0,65.0,,17.59,1.0,2019.0,mint_condition,apartment,B,central_heating,5.9,True,True,True,False,False,False,May19
113503763,Nordrhein_Westfalen,Olpe_Kreis,Attendorn,57439,750.0,915.0,165.0,,82.1,3.0,2019.0,first_time_use,apartment,A,,4.19,True,True,False,False,False,False,Oct19
111836926,Sachsen_Anhalt,Halle_Saale,Südliche_Neustadt,6124,357.27,545.3,78.03,110.0,64.49,4.0,1985.0,negotiable,apartment,,central_heating,1.89,False,True,False,True,False,False,Feb20
115233399,Hessen,Main_Kinzig_Kreis,Gründau,63584,900.0,,,,120.0,4.5,1956.0,refurbished,ground_floor,,self_contained_central_heating,3.74,False,True,False,True,True,False,Feb20
111352175,Sachsen,Mittelsachsen_Kreis,Roßwein,4741,245.0,355.0,55.0,55.0,48.4,2.0,,refurbished,apartment,,district_heating,0.8,False,True,False,False,True,False,Oct19
115542559,Sachsen,Mittelsachsen_Kreis,Freiberg,9599,389.0,,68.0,102.0,67.88,4.0,1985.0,,other,,district_heating,1.18,False,True,False,False,False,False,Feb20
115450347,Niedersachsen,Emden,Stadtzentrum,26721,270.0,320.0,50.0,,34.0,1.0,,well_kept,apartment,,,-0.43,False,False,False,True,False,False,Feb20
112803462,Nordrhein_Westfalen,Recklinghausen_Kreis,Marl,45770,505.0,,120.0,80.0,77.0,3.5,1994.0,mint_condition,apartment,,central_heating,2.66,False,True,True,True,False,False,Oct19
106492782,Rheinland_Pfalz,Worms,Neuhausen,67549,285.0,430.0,55.0,60.0,30.0,1.0,,refurbished,,,,4.29,False,True,False,False,False,True,Sep18
113835570,Bayern,Passau_Kreis,Bad_Füssing,94072,280.0,340.0,60.0,,24.0,1.0,,,raised_ground_floor,,,3.78,False,True,True,True,True,True,Oct19
111353507,Sachsen_Anhalt,Halle_Saale,Damaschkestraße,6112,366.0,487.0,45.0,76.0,61.0,2.0,1934.0,well_kept,roof_storey,,central_heating,1.82,False,False,False,True,False,False,Oct19
113149782,Schleswig_Holstein,Kiel,Damperhof,24103,450.0,550.0,100.0,,24.2,1.5,1881.0,modernized,,,district_heating,3.33,False,False,False,False,True,True,Oct19
111372829,Sachsen,Leipzig,Gohlis_Nord,4157,389.0,528.0,139.0,,59.42,3.0,,first_time_use_after_refurbishment,roof_storey,,central_heating,4.24,False,True,False,True,True,True,May19
115309770,Nordrhein_Westfalen,Bochum,Günnigfeld,44866,660.0,860.0,130.0,70.0,70.0,2.0,,first_time_use_after_refurbishment,terraced_flat,,central_heating,3.52,False,True,True,True,False,False,Feb20
109002241,Sachsen_Anhalt,Saalekreis,Merseburg,6217,230.0,363.0,48.0,85.0,48.3,2.0,1956.0,refurbished,apartment,,central_heating,1.64,False,True,False,True,False,True,May19
113860309,Sachsen,Chemnitz,Ebersdorf,9131,679.0,879.0,200.0,,97.58,4.0,,,apartment,,,0.0,False,True,False,True,False,False,Oct19
107165598,Baden_Württemberg,Ludwigsburg_Kreis,Ludwigsburg,71634,800.0,940.0,140.0,,80.0,3.0,1981.0,well_kept,apartment,,central_heating,7.92,False,True,False,True,True,True,Sep18
102257245,Schleswig_Holstein,Herzogtum_Lauenburg_Kreis,Geesthacht,21502,476.47,803.47,207.0,120.0,76.85,3.0,1964.0,,apartment,,central_heating,2.67,False,True,True,True,False,False,Sep18
109108856,Bayern,Bad_Tölz_Wolfratshausen_Kreis,Lenggries,83661,1540.0,1670.0,130.0,,140.0,3.0,2019.0,well_kept,ground_floor,,floor_heating,4.44,True,True,False,True,True,False,Oct19
110096564,Baden_Württemberg,Rastatt_Kreis,Bühlertal,77830,950.0,1265.0,115.0,200.0,106.0,3.5,1989.0,well_kept,ground_floor,,floor_heating,3.51,False,True,False,True,True,True,May19
113712043,Hessen,Gießen_Kreis,Gießen,35394,600.0,750.0,150.0,,60.36,3.0,,,apartment,,gas_heating,3.48,False,False,False,False,False,True,Oct19
114687442,Sachsen,Meißen_Kreis,Radebeul,1445,315.0,415.0,100.0,,41.39,1.0,1997.0,well_kept,apartment,,central_heating,2.6,False,True,True,False,False,False,Feb20
106097895,Sachsen,Bautzen_Kreis,Bautzen,2625,346.0,495.0,129.0,,54.97,2.0,1909.0,fully_renovated,apartment,,central_heating,1.92,False,False,False,True,False,True,Feb20
111890933,Hessen,Frankfurt_am_Main,Hausen,60488,501.56,590.0,88.44,,14.74,1.0,1989.0,first_time_use_after_refurbishment,apartment,,gas_heating,4.64,False,False,True,False,False,True,Feb20
115670712,Nordrhein_Westfalen,Märkischer_Kreis,Meinerzhagen,58540,328.98,,,,66.46,3.0,1981.0,well_kept,apartment,,central_heating,2.78,False,False,False,True,False,False,Feb20
115708242,Baden_Württemberg,Sigmaringen_Kreis,Sigmaringen,72488,670.0,820.0,150.0,,82.0,4.0,,first_time_use_after_refurbishment,,,central_heating,4.38,False,False,False,False,False,True,Feb20
115692719,Berlin,Berlin,Charlottenburg_Charlottenburg,10629,1105.0,1300.0,195.0,,39.4,1.0,2019.0,first_time_use,apartment,,floor_heating,6.14,True,False,True,False,True,True,Feb20
84019741,Niedersachsen,Celle_Kreis,Celle,29223,395.0,,129.0,,50.0,2.0,1980.0,,apartment,,central_heating,1.67,False,True,True,True,False,True,Oct19
115692829,Hamburg,Hamburg,Hohenfelde,22089,1700.0,2150.0,360.0,,93.0,3.0,1954.0,first_time_use_after_refurbishment,apartment,B,central_heating,5.5,False,False,False,False,False,True,Feb20
115633539,Sachsen_Anhalt,Halle_Saale,Dölau,6120,513.0,680.0,167.0,,79.0,2.0,,refurbished,roof_storey,,central_heating,4.26,False,False,False,False,False,False,Feb20
113850746,Bayern,München,Bogenhausen,81927,1085.0,1285.0,200.0,,66.3,2.0,2012.0,mint_condition,apartment,,floor_heating,5.56,False,True,True,True,False,True,Oct19
115538494,Sachsen,Leipzig,Neustadt_Neuschönefeld,4315,770.0,1000.0,110.0,120.0,110.0,4.0,1900.0,first_time_use_after_refurbishment,raised_ground_floor,,central_heating,4.75,False,False,False,False,True,False,Feb20
111077985,Nordrhein_Westfalen,Essen,Burgaltendorf,45289,350.0,,75.0,,50.0,3.0,1939.0,well_kept,,F,self_contained_central_heating,3.3,False,False,False,True,False,False,May19
115269947,Sachsen,Leipzig,Zentrum_Nordwest,4105,600.0,750.0,150.0,,70.0,2.0,1914.0,fully_renovated,roof_storey,,gas_heating,4.3,False,False,True,False,False,True,Feb20
103148519,Brandenburg,Dahme_Spreewald_Kreis,Königs_Wusterhausen,15711,765.0,965.0,200.0,,110.0,4.0,1997.0,well_kept,,,central_heating,6.58,False,True,False,True,False,False,Sep18
111282057,Nordrhein_Westfalen,Duisburg,Neudorf_Nord,47057,364.0,524.0,160.0,,52.0,2.0,1958.0,fully_renovated,apartment,C,district_heating,2.55,False,False,False,True,True,True,Oct19
105774667,Sachsen,Leipzig,Zentrum,4109,715.0,975.0,260.0,95.0,69.67,2.0,2005.0,,terraced_flat,,district_heating,7.61,False,True,True,True,False,True,Sep18
115413285,Sachsen,Leipzig,Zentrum_Süd,4107,340.0,450.0,65.0,45.0,48.42,2.0,1968.0,refurbished,,,central_heating,4.36,False,True,True,False,False,False,Feb20
97285897,Nordrhein_Westfalen,Heinsberg_Kreis,Heinsberg,52525,380.0,500.0,120.0,,63.0,2.0,1972.0,need_of_renovation,apartment,,self_contained_central_heating,1.79,False,True,True,True,False,False,May19
97180212,Thüringen,Gera,Lusan_Laune,7549,320.0,450.0,65.0,65.0,69.25,3.0,1978.0,,apartment,NO_INFORMATION,central_heating,2.08,False,True,False,True,False,True,Oct19
105592019,Berlin,Berlin,Niederschönhausen_Pankow,13156,816.16,997.88,113.31,68.41,70.97,2.0,1997.0,well_kept,roof_storey,,central_heating,7.95,False,True,True,False,False,True,Sep18
89296050,Baden_Württemberg,Lörrach_Kreis,Weil_am_Rhein,79576,705.0,705.0,0.0,,35.0,1.0,2004.0,,ground_floor,A,,1.57,False,True,False,False,False,True,Oct19
109997405,Schleswig_Holstein,Flensburg,Altstadt,24937,740.0,978.0,98.0,140.0,97.53,4.0,1910.0,well_kept,roof_storey,,district_heating,4.91,False,False,False,False,False,True,May19
110961956,Sachsen,Leipzig_Kreis,Markkleeberg,4416,425.0,,66.0,80.0,65.0,3.0,1910.0,refurbished,roof_storey,,central_heating,4.62,False,False,False,True,False,False,May19
113510844,Hessen,Bergstraße_Kreis,Lorsch,64653,360.0,470.0,110.0,,40.0,1.0,,,roof_storey,,central_heating,4.23,False,False,False,False,False,True,Oct19
114473762,Bayern,München,Schwabing_West,80796,2950.0,2950.0,0.0,,130.0,4.0,,,,,,6.12,False,False,False,False,False,False,Feb20
113877555,Sachsen,Nordsachsen_Kreis,Eilenburg,4838,335.0,475.0,67.0,73.0,60.7,3.0,1960.0,,apartment,NO_INFORMATION,central_heating,2.82,False,True,False,True,False,False,Feb20
111318824,Bayern,Ebersberg_Kreis,Glonn,85625,850.0,,100.0,100.0,80.0,3.0,1972.0,fully_renovated,apartment,,central_heating,5.12,False,True,False,True,False,True,May19
100627491,Bayern,München_Kreis,Neubiberg,85579,1450.0,1650.0,200.0,,98.0,3.0,2000.0,mint_condition,,,central_heating,6.3,False,True,True,True,False,True,Sep18
107298888,Thüringen,Gera,Bieblach_Ost,7552,323.0,503.0,93.0,87.0,75.0,3.0,1995.0,mint_condition,apartment,C,district_heating,4.17,False,True,False,False,False,False,Sep18
113633044,Bayern,München_Kreis,Gräfelfing,82166,1050.0,1200.0,150.0,,76.0,2.5,1955.0,fully_renovated,roof_storey,,central_heating,5.13,False,False,False,False,False,False,Oct19
102343768,Sachsen,Bautzen_Kreis,Königsbrück,1936,190.0,280.0,90.0,45.0,35.0,1.0,1896.0,well_kept,roof_storey,,central_heating,0.0,False,False,False,False,True,False,Sep18
89132819,Baden_Württemberg,Karlsruhe,Durlach,76227,690.0,920.0,230.0,,53.0,3.0,,fully_renovated,,,central_heating,3.26,False,True,False,True,False,True,Sep18
107098844,Sachsen,Leipzig,Reudnitz_Thonberg,4317,484.0,669.0,185.0,,80.65,3.0,1900.0,refurbished,apartment,,central_heating,5.88,False,True,False,False,False,False,Sep18
115568288,Bayern,Miesbach_Kreis,Holzkirchen,83607,930.0,1080.0,150.0,,55.5,2.0,2020.0,first_time_use,apartment,,floor_heating,4.05,True,True,True,True,False,False,Feb20
111347841,Baden_Württemberg,Stuttgart,Süd,70199,900.0,900.0,,,50.0,2.0,1898.0,fully_renovated,other,,self_contained_central_heating,8.01,False,True,False,False,False,True,May19
113832412,Sachsen,Leipzig_Kreis,Markkleeberg,4416,585.0,727.0,142.0,,65.0,2.0,,mint_condition,apartment,,central_heating,5.11,False,True,False,True,False,False,Oct19
111386758,Berlin,Berlin,Prenzlauer_Berg_Prenzlauer_Berg,10405,750.0,825.0,75.0,,54.0,2.0,,mint_condition,other,F,self_contained_central_heating,9.47,False,False,False,False,True,True,May19
115650275,Nordrhein_Westfalen,Coesfeld_Kreis,Senden,48308,558.0,738.0,180.0,,71.0,3.0,1993.0,well_kept,apartment,,gas_heating,3.82,False,True,False,True,False,False,Feb20
86207619,Sachsen,Dresden,Striesen_West,1309,480.0,,120.0,,60.06,2.0,1920.0,fully_renovated,apartment,,central_heating,2.6,False,True,False,True,True,True,May19
114773727,Berlin,Berlin,Tiergarten_Tiergarten,10557,1338.43,1559.05,147.08,73.54,73.54,2.0,2019.0,first_time_use,ground_floor,B,district_heating,7.56,True,True,True,True,False,True,Feb20
75795222,Niedersachsen,Emsland_Kreis,Sögel,49751,308.0,380.0,72.0,,51.21,2.0,1996.0,well_kept,apartment,,self_contained_central_heating,2.04,False,True,True,True,False,False,Sep18
112283720,Sachsen,Chemnitz,Schloßchemnitz,9113,220.0,318.0,98.0,,41.5,1.0,1995.0,well_kept,,B,central_heating,0.19,False,False,True,True,False,True,Oct19
111335659,Bayern,Ebersberg_Kreis,Vaterstetten,85598,900.0,1025.0,125.0,,59.0,2.0,1973.0,modernized,apartment,D,central_heating,5.76,False,True,True,True,False,True,May19
115533591,Hamburg,Hamburg,Rahlstedt,22145,570.0,690.0,80.0,40.0,38.0,1.0,,,apartment,,,4.7,False,True,False,True,False,True,Feb20
115672817,Baden_Württemberg,Biberach_Kreis,Biberach_an_der_Riß,88400,575.0,675.0,100.0,,70.0,2.5,1984.0,well_kept,apartment,C,electric_heating,5.62,False,True,True,True,False,True,Feb20
114844883,Hessen,Fulda_Kreis,Eichenzell,36124,770.0,970.0,200.0,,112.0,4.0,,well_kept,ground_floor,E,central_heating,4.39,False,True,False,True,True,False,Feb20
106441228,Sachsen,Meißen_Kreis,Radebeul,1445,425.0,585.0,120.0,,60.0,2.0,1996.0,modernized,,,central_heating,2.6,False,True,False,False,False,False,Sep18
112553394,Thüringen,Unstrut_Hainich_Kreis,Mühlhausen/Thüringen,99974,306.18,489.78,183.6,,60.0,2.0,1996.0,,apartment,,,2.31,False,True,False,True,False,False,Oct19
111408196,Baden_Württemberg,Mannheim,Neckarstadt_West,68169,820.0,880.0,60.0,,70.0,3.0,1900.0,first_time_use_after_refurbishment,apartment,,central_heating,4.01,False,False,False,True,False,True,May19
115386164,Sachsen,Dresden,Innere_Neustadt,1097,370.0,486.0,74.0,42.0,47.6,2.0,1990.0,,apartment,B,central_heating,1.72,False,False,False,True,False,False,Feb20
115220306,Sachsen,Mittelsachsen_Kreis,Freiberg,9599,263.0,,48.0,72.0,47.8,2.0,1964.0,,other,,district_heating,1.01,False,True,False,False,False,False,Feb20
111409516,Sachsen,Zwickau_Kreis,Glauchau,8371,250.0,385.0,120.0,,48.19,2.0,1993.0,,other,,gas_heating,0.19,False,True,False,True,False,True,May19
113712165,Nordrhein_Westfalen,Aachen_Kreis,Stolberg_Rheinland,52222,629.0,,295.0,156.0,109.65,4.0,1997.0,well_kept,apartment,,central_heating,1.9,False,True,False,True,False,False,Oct19
106005073,Schleswig_Holstein,Ostholstein_Kreis,Oldenburg_in_Holstein,23758,487.0,650.0,163.0,,62.26,3.0,1986.0,well_kept,apartment,,,4.41,False,False,False,True,False,False,Feb20
110240126,Sachsen,Mittelsachsen_Kreis,Frankenberg/Sachsen,9669,365.75,470.75,105.0,,66.5,3.0,,,roof_storey,,gas_heating,0.98,False,False,False,True,True,True,May19
113781218,Sachsen,Leipzig,Böhlitz_Ehrenberg,4178,389.0,489.0,100.0,,48.7,2.0,,well_kept,apartment,,,2.74,False,True,False,True,False,True,Feb20
115508741,Sachsen_Anhalt,Salzlandkreis,Schönebeck_Elbe,39218,218.79,360.79,24.0,118.0,48.62,2.0,1965.0,,roof_storey,C,,1.46,False,True,False,True,False,False,Feb20
81484759,Nordrhein_Westfalen,Warendorf_Kreis,Ahlen,59227,280.0,360.0,80.0,0.0,40.0,2.0,1972.0,fully_renovated,roof_storey,,self_contained_central_heating,5.17,False,False,False,True,False,True,May19
110953242,Sachsen,Chemnitz,Kappel,9119,240.0,,110.0,,52.1,2.0,,well_kept,ground_floor,,,0.39,False,True,False,False,False,False,Oct19
115672504,Sachsen,Leipzig,Reudnitz_Thonberg,4317,365.0,477.0,112.0,,56.0,2.0,,fully_renovated,,,central_heating,4.33,False,False,False,True,False,False,Feb20
109745008,Nordrhein_Westfalen,Duisburg,Ruhrort,47119,540.0,786.0,246.0,80.0,83.0,3.0,1971.0,well_kept,apartment,,central_heating,3.39,False,True,False,True,False,False,May19
64363998,Sachsen_Anhalt,Mansfeld_Südharz_Kreis,Lutherstadt_Eisleben,6295,450.0,630.0,180.0,,82.0,2.0,1920.0,modernized,ground_floor,,central_heating,2.56,False,True,False,True,True,False,Oct19
115540725,Nordrhein_Westfalen,Bielefeld,Innenstadt,33604,340.0,,40.0,20.0,28.0,1.0,1906.0,well_kept,apartment,,central_heating,3.63,False,True,False,False,False,True,Feb20
107333855,Nordrhein_Westfalen,Steinfurt_Kreis,Ibbenbüren,49477,480.0,545.0,65.0,,80.0,3.0,,well_kept,other,,gas_heating,5.08,False,True,False,True,False,False,Sep18
110465623,Sachsen_Anhalt,Magdeburg,Altstadt,39104,454.0,621.0,167.0,,66.71,2.0,1988.0,modernized,apartment,NO_INFORMATION,district_heating,1.47,False,False,True,True,False,False,May19
68290872,Niedersachsen,Wolfsburg,Rothenfelde,38440,295.0,,95.0,,30.0,1.0,1966.0,mint_condition,apartment,,central_heating,1.09,False,False,False,False,False,True,Oct19
115284064,Sachsen,Erzgebirgskreis,Grünhain_Beierfeld,8340,345.0,505.0,85.0,75.0,69.0,2.0,1989.0,refurbished,ground_floor,C,district_heating,0.56,False,True,False,True,False,False,Feb20
69737808,Baden_Württemberg,Karlsruhe,Palmbach,76228,250.0,250.0,0.0,0.0,16.0,1.0,,,roof_storey,,central_heating,3.75,False,False,False,False,False,False,Sep18
67057525,Sachsen,Chemnitz,Schloßchemnitz,9113,240.0,345.0,105.0,,48.0,2.0,,fully_renovated,raised_ground_floor,,central_heating,0.56,False,False,False,True,True,False,Feb20
115363452,Sachsen_Anhalt,Halle_Saale,Nördliche_Neustadt,6122,268.24,369.79,61.31,40.24,38.32,1.0,1972.0,first_time_use_after_refurbishment,apartment,,,1.65,False,True,True,True,False,False,Feb20
108059703,Sachsen_Anhalt,Magdeburg,Sudenburg,39112,236.5,365.0,128.5,,63.6,2.0,,,roof_storey,,,2.54,False,False,False,False,False,False,May19
114889430,Sachsen_Anhalt,Halle_Saale,Nördliche_Neustadt,6122,353.0,480.0,127.0,59.0,57.31,3.0,1973.0,,,,,1.1,False,True,False,True,False,False,Feb20
103739504,Brandenburg,Uckermark_Kreis,Boitzenburger_Land,17268,180.0,309.0,67.0,62.0,46.2,2.0,1965.0,,,,central_heating,2.08,False,False,False,True,False,False,Sep18
108586468,Schleswig_Holstein,Herzogtum_Lauenburg_Kreis,Geesthacht,21502,544.0,744.0,140.0,,57.0,2.0,2004.0,modernized,apartment,,central_heating,5.19,False,True,True,True,False,True,Feb20
46576663,Niedersachsen,Cuxhaven_Kreis,Beverstedt,27616,415.0,,125.0,85.0,68.8,3.0,1990.0,well_kept,ground_floor,,self_contained_central_heating,1.79,False,True,False,False,True,False,May19
113562207,Nordrhein_Westfalen,Gütersloh_Kreis,Gütersloh,33334,750.0,980.0,230.0,,98.5,3.0,1973.0,well_kept,apartment,,central_heating,2.85,False,True,False,True,False,False,Oct19
115093288,Nordrhein_Westfalen,Euskirchen_Kreis,Schleiden,53937,320.0,430.0,55.0,55.0,55.48,2.0,1956.0,,roof_storey,,central_heating,3.84,False,False,False,True,False,False,Feb20
110645534,Sachsen,Dresden,Johannstadt_Süd,1307,665.0,,105.0,,47.04,2.0,2018.0,first_time_use,apartment,,,1.4,False,True,True,False,True,True,Feb20
107374290,Berlin,Berlin,Adlershof_Treptow,12489,649.0,799.0,100.0,50.0,67.82,2.0,1905.0,well_kept,apartment,,central_heating,9.64,False,True,False,True,True,True,Sep18
103712964,Sachsen,Bautzen_Kreis,Kamenz,1917,220.0,310.0,90.0,,34.0,2.0,1998.0,well_kept,roof_storey,,central_heating,1.75,False,False,False,False,True,False,Sep18
111292732,Thüringen,Erfurt,Altstadt,99084,467.0,621.0,154.0,,66.7,3.0,1910.0,well_kept,roof_storey,NO_INFORMATION,central_heating,4.07,False,False,True,True,False,False,May19
115701535,Nordrhein_Westfalen,Duisburg,Hochfeld,47053,358.0,512.0,154.0,55.0,69.4,3.0,1950.0,fully_renovated,roof_storey,NO_INFORMATION,district_heating,3.41,False,False,False,True,False,False,Feb20
107341855,Hessen,Main_Taunus_Kreis,Eschborn,65760,900.0,1000.0,100.0,,75.0,3.0,1959.0,refurbished,raised_ground_floor,,gas_heating,4.0,False,True,False,True,False,False,Sep18
111375466,Nordrhein_Westfalen,Düsseldorf,Eller,40229,1450.0,1700.0,250.0,40.0,140.0,3.0,1972.0,first_time_use_after_refurbishment,apartment,,central_heating,4.66,False,True,False,True,False,True,Oct19
115674120,Sachsen,Leipzig,Zentrum_Nord,4105,699.0,849.0,150.0,,63.0,2.0,,refurbished,roof_storey,,central_heating,4.39,False,False,False,True,True,True,Feb20
112683553,Sachsen,Görlitz_Kreis,Löbau,2708,285.0,375.0,90.0,,52.0,2.0,1873.0,refurbished,apartment,,district_heating,2.14,False,False,False,True,True,False,Oct19
115671924,Bayern,München,Ramersdorf,81669,690.0,750.0,60.0,,13.0,1.0,1960.0,mint_condition,apartment,,,5.57,False,False,False,False,False,True,Feb20
111083689,Sachsen,Vogtlandkreis,Lengenfeld,8485,210.0,280.0,70.0,,35.0,1.0,1996.0,,apartment,,central_heating,3.03,False,True,False,False,False,True,May19
107305355,Sachsen,Leipzig,Volkmarsdorf,4315,450.0,550.0,100.0,,75.0,3.0,,well_kept,maisonette,,,4.84,False,False,False,False,False,True,Sep18
113846135,Bayern,München,Neuhausen,80637,2500.0,2650.0,150.0,,123.0,4.0,1907.0,mint_condition,maisonette,,gas_heating,5.88,False,True,False,True,True,True,Oct19
114901440,Sachsen,Leipzig,Neustadt_Neuschönefeld,4135,487.0,632.0,145.0,,62.89,3.0,1900.0,first_time_use,apartment,,central_heating,4.8,False,True,False,False,True,False,Feb20
115358066,Nordrhein_Westfalen,Neuss_Rhein_Kreis,Grevenbroich,41516,500.0,700.0,200.0,,66.0,3.0,1972.0,fully_renovated,roof_storey,,floor_heating,3.7,False,False,False,False,False,False,Feb20
113728535,Nordrhein_Westfalen,Hagen,Hohenlimburg,58119,318.0,,100.0,,53.0,2.0,1952.0,fully_renovated,apartment,G,self_contained_central_heating,1.94,False,False,False,True,False,False,Oct19
110671710,Hessen,Hochtaunuskreis,Usingen,61250,890.0,1070.0,180.0,,84.0,3.0,2005.0,first_time_use_after_refurbishment,roof_storey,,central_heating,4.0,False,True,False,True,False,True,May19
110745871,Sachsen,Chemnitz,Lutherviertel,9126,165.0,250.0,85.0,,37.91,1.0,1930.0,well_kept,roof_storey,,central_heating,0.0,False,False,True,True,False,False,May19
115546761,Hessen,Main_Taunus_Kreis,Hattersheim_am_Main,65795,700.0,840.0,140.0,,75.0,2.0,1982.0,well_kept,roof_storey,,floor_heating,4.12,False,True,False,True,False,False,Feb20
111420551,Schleswig_Holstein,Kiel,Ellerbek,24148,730.0,996.0,286.0,,76.0,3.0,1968.0,mint_condition,apartment,,district_heating,4.11,False,True,True,True,True,True,May19
74510435,Sachsen,Görlitz,Südstadt,2826,529.0,679.0,150.0,,83.0,3.5,1900.0,well_kept,apartment,,central_heating,1.85,False,True,False,True,True,True,Sep18
84887320,Bayern,Mühldorf_am_Inn_Kreis,Mühldorf_am_Inn,84453,385.0,555.0,130.0,,55.0,2.0,1971.0,mint_condition,raised_ground_floor,,central_heating,6.33,False,True,False,True,True,False,Oct19
113833707,Nordrhein_Westfalen,Aachen,Oberforstbach,52076,492.0,632.0,140.0,,77.0,3.0,1973.0,modernized,roof_storey,,central_heating,2.17,False,True,False,True,False,False,Oct19
113575555,Schleswig_Holstein,Schleswig_Flensburg_Kreis,Harrislee,24955,440.0,595.0,95.0,60.0,73.35,3.0,,fully_renovated,apartment,,,2.96,False,True,True,False,False,True,Oct19
109483607,Thüringen,Gera,Bieblach_Ost,7552,275.0,385.0,110.0,,55.22,2.0,1990.0,refurbished,apartment,C,central_heating,2.41,False,True,False,True,False,False,Oct19
110879840,Hessen,Lahn_Dill_Kreis,Hüttenberg,35625,470.0,620.0,150.0,,60.0,2.0,1993.0,mint_condition,ground_floor,,central_heating,3.08,False,False,False,False,False,True,May19
114853312,Sachsen_Anhalt,Magdeburg,Altstadt,39104,628.31,899.43,154.93,116.19,86.07,3.0,1958.0,,apartment,D,district_heating,1.59,False,False,False,True,False,False,Feb20
114689461,Hessen,Odenwaldkreis,Mossautal,64756,550.0,800.0,250.0,,103.0,4.0,1970.0,well_kept,other,E,central_heating,4.41,False,True,False,True,True,False,Feb20
114800097,Baden_Württemberg,Stuttgart,Mitte,70184,830.0,880.0,50.0,,16.0,1.0,,modernized,apartment,,central_heating,5.08,False,False,False,False,False,True,Feb20
115320525,Schleswig_Holstein,Kiel,Ellerbek,24148,325.05,441.05,77.0,39.0,40.13,1.0,1973.0,,apartment,B,central_heating,3.4,False,True,True,True,False,False,Feb20
115452045,Sachsen_Anhalt,Wittenberg_Kreis,Coswig_Anhalt,6869,153.0,238.0,39.0,46.0,34.0,1.0,,fully_renovated,ground_floor,,central_heating,-0.17,False,False,False,True,False,False,Feb20
106732427,Sachsen,Leipzig,Zentrum_Ost,4103,1500.0,1900.0,400.0,,191.35,4.0,1871.0,first_time_use,half_basement,,district_heating,6.33,False,True,False,False,False,True,Sep18
113409744,Nordrhein_Westfalen,Euskirchen_Kreis,Mechernich,53894,520.0,670.0,150.0,,80.0,3.0,1998.0,fully_renovated,apartment,,self_contained_central_heating,3.79,False,True,False,True,True,False,Oct19
115653673,Nordrhein_Westfalen,Wesel_Kreis,Moers,47441,410.0,640.0,100.0,130.0,73.0,3.0,1963.0,need_of_renovation,apartment,D,central_heating,2.6,False,True,True,True,False,False,Feb20
115026712,Hessen,Hochtaunuskreis,Friedrichsdorf,61381,1280.0,1690.0,320.0,,100.0,3.5,2009.0,well_kept,ground_floor,,,4.43,False,False,True,True,True,True,Feb20
65798731,Nordrhein_Westfalen,Mettmann_Kreis,Ratingen,40885,780.0,,120.0,125.0,83.0,3.0,1998.0,mint_condition,apartment,,central_heating,3.85,False,True,False,True,False,False,Oct19
112822419,Nordrhein_Westfalen,Unna_Kreis,Bergkamen,59192,469.0,610.0,141.0,,62.15,3.5,1984.0,,apartment,B,,2.72,False,False,False,True,False,True,Oct19
72075017,Nordrhein_Westfalen,Unna_Kreis,Schwerte,58239,350.0,480.0,70.0,60.0,52.0,2.0,,well_kept,apartment,,central_heating,3.45,False,True,False,True,False,False,Oct19
113773548,Rheinland_Pfalz,Ahrweiler_Kreis,Altenahr,53505,565.0,,120.0,,63.0,3.0,2019.0,first_time_use,maisonette,,floor_heating,2.76,True,True,False,False,False,False,Oct19
110710742,Sachsen,Dresden,Striesen_West,1309,450.0,570.0,120.0,,51.0,2.0,1886.0,well_kept,roof_storey,C,district_heating,2.6,False,False,False,False,True,True,May19
112197909,Sachsen,Leipzig,Plagwitz,4229,415.0,535.0,120.0,60.0,59.05,1.0,1914.0,well_kept,roof_storey,E,central_heating,4.9,False,False,False,False,False,False,Oct19
111439946,Nordrhein_Westfalen,Dortmund,Scharnhorst,44328,499.0,664.0,165.0,,64.0,3.0,1960.0,modernized,other,,central_heating,4.64,False,True,False,False,False,True,Oct19
111183737,Bayern,Nürnberg,"Altstadt,_St._Lorenz",90402,370.0,440.0,70.0,,27.0,1.0,1967.0,refurbished,,D,central_heating,5.3,False,True,False,True,False,False,May19
115697987,Sachsen_Anhalt,Halle_Saale,Heide_Nord/Blumenau,6120,426.0,,90.0,90.0,83.04,4.0,1988.0,modernized,apartment,C,central_heating,3.61,False,True,False,True,False,False,Feb20
115622750,Nordrhein_Westfalen,Rhein_Erft_Kreis,Bedburg,50181,560.0,750.0,190.0,,77.0,1.5,,,,,,3.67,False,False,True,True,True,True,Feb20
111406700,Nordrhein_Westfalen,Ennepe_Ruhr_Kreis,Schwelm,58334,320.0,,108.0,65.0,64.0,2.0,,modernized,apartment,,central_heating,2.9,False,True,True,False,False,False,May19
110984540,Berlin,Berlin,Französisch_Buchholz_Pankow,13127,613.61,754.61,98.0,43.0,54.5,2.0,1910.0,,ground_floor,F,central_heating,9.4,False,False,False,True,False,False,May19
109701778,Sachsen,Chemnitz,Sonnenberg,9130,400.0,600.0,200.0,,90.0,2.0,1912.0,fully_renovated,,,central_heating,0.0,False,False,True,True,False,False,May19
111335677,Baden_Württemberg,Heilbronn_Kreis,Pfaffenhofen,74397,800.0,930.0,130.0,,92.0,3.5,1971.0,first_time_use_after_refurbishment,roof_storey,,electric_heating,6.62,False,False,False,False,False,True,May19
104741611,Sachsen_Anhalt,Saalekreis,Merseburg,6217,310.0,487.0,61.0,116.0,64.52,3.0,1962.0,refurbished,,,central_heating,1.85,False,False,False,True,False,False,Sep18
98775095,Sachsen,Hoyerswerda,Kühnicht,2977,284.0,,58.0,47.0,52.6,2.0,,refurbished,apartment,,district_heating,-1.79,False,False,False,True,False,True,May19
71676662,Nordrhein_Westfalen,Gelsenkirchen,Ückendorf,45886,275.0,,64.0,,49.2,2.5,1930.0,well_kept,apartment,G,self_contained_central_heating,3.57,False,False,False,False,False,False,May19
83076663,Rheinland_Pfalz,Kusel_Kreis,Konken,66871,475.0,,80.0,,92.0,2.5,1983.0,modernized,other,,oil_heating,1.96,False,True,False,True,True,True,Oct19
114562135,Thüringen,Ilm_Kreis,Ilmenau,98693,235.0,275.0,40.0,,45.0,2.0,1860.0,modernized,apartment,E,,2.58,False,False,False,False,False,False,Feb20
110712689,Nordrhein_Westfalen,Aachen,Adalbertsteinweg,52070,530.0,695.0,165.0,,51.3,2.0,1975.0,modernized,apartment,,central_heating,3.84,False,True,True,True,True,True,Oct19
105847051,Hessen,Frankfurt_am_Main,Altstadt,60311,2600.0,,360.0,,127.73,3.0,2018.0,,,,floor_heating,6.34,True,True,False,False,False,True,Sep18
114853344,Brandenburg,Spree_Neiße_Kreis,Forst_Lausitz,3149,560.0,720.0,160.0,,113.0,3.0,1900.0,modernized,,,central_heating,3.55,False,True,False,True,False,False,Feb20
107345532,Hessen,Kassel,Fasanenhof,34125,738.0,918.0,180.0,,92.0,3.0,2013.0,mint_condition,terraced_flat,,central_heating,3.13,False,True,False,True,True,True,Sep18
115641862,Nordrhein_Westfalen,Bonn,Bad_Godesberg,53173,2390.0,,490.0,,200.0,5.0,2016.0,mint_condition,raised_ground_floor,,central_heating,3.45,False,True,True,True,True,True,Feb20
109769278,Hamburg,Hamburg,Wandsbek,22041,728.0,898.0,170.0,62.0,63.0,2.0,1968.0,fully_renovated,apartment,,central_heating,5.66,False,True,False,True,False,True,May19
113834806,Sachsen,Mittelsachsen_Kreis,Freiberg,9599,336.0,,74.0,80.0,59.0,3.0,1974.0,,apartment,C,district_heating,1.18,False,True,False,True,False,False,Oct19
106315649,Nordrhein_Westfalen,Recklinghausen_Kreis,Dorsten,46284,385.0,508.0,123.0,,75.86,3.5,,well_kept,apartment,,self_contained_central_heating,3.33,False,True,False,True,False,False,Sep18
111244204,Sachsen,Leipzig,Stötteritz,4299,499.0,636.0,137.0,,62.3,2.0,,first_time_use_after_refurbishment,ground_floor,,central_heating,4.32,False,True,True,True,False,False,Oct19
111421003,Berlin,Berlin,Treptow_Treptow,12435,1641.0,,80.0,75.0,93.0,3.0,2019.0,first_time_use,,,floor_heating,10.49,True,True,True,False,False,False,May19
113512324,Hessen,Frankfurt_am_Main,Innenstadt,60313,1950.0,,250.0,0.0,101.0,2.5,1956.0,fully_renovated,other,,central_heating,5.29,False,True,True,False,False,True,Oct19
61135256,Sachsen_Anhalt,Magdeburg,Werder,39114,1200.0,1480.0,140.0,140.0,102.33,3.0,2015.0,mint_condition,apartment,,heat_pump,2.08,False,True,True,False,False,False,Feb20
106854668,Sachsen,Zwickau,Mitte_Süd,8056,320.0,470.0,150.0,,56.0,2.0,1869.0,,apartment,,central_heating,,False,True,False,True,False,True,Sep18
75526310,Sachsen,Chemnitz,Altchemnitz,9120,299.0,420.0,121.0,,55.0,3.0,,fully_renovated,,,central_heating,0.38,False,True,False,True,True,False,Oct19
111330554,Nordrhein_Westfalen,Essen,Nordviertel,45127,1000.0,1300.0,300.0,,111.0,4.0,,,apartment,,floor_heating,5.17,False,True,True,True,False,True,May19
110776172,Brandenburg,Potsdam_Mittelmark_Kreis,Teltow,14513,900.0,1117.5,217.0,,75.0,3.0,2019.0,first_time_use,apartment,A_PLUS,district_heating,4.7,True,True,True,True,False,False,Oct19
114964961,Berlin,Berlin,Wedding_Wedding,13347,500.0,476.0,76.0,,19.6,1.0,,,,,,8.67,False,False,True,False,False,True,Feb20
113563048,Sachsen,Erzgebirgskreis,Schneeberg,8289,500.0,720.0,75.0,145.0,87.7,3.0,1997.0,well_kept,roof_storey,C,central_heating,1.1,False,True,False,True,False,False,Oct19
110540619,Brandenburg,Cottbus,Sandow,3042,678.3,877.8,199.5,,79.8,2.0,1890.0,,,,,0.0,False,True,False,False,False,False,May19
95465679,Niedersachsen,Wilhelmshaven,Bant,26382,355.0,465.0,50.0,60.0,54.5,2.0,,well_kept,apartment,,oil_heating,1.85,False,False,False,False,False,True,Feb20
105097117,Sachsen,Chemnitz,Bernsdorf,9123,288.0,415.0,127.0,,57.52,2.0,,well_kept,maisonette,,,0.0,False,False,False,True,False,False,Sep18
115666131,Berlin,Berlin,Weißensee_Weißensee,13086,1130.0,1480.0,350.0,100.0,96.33,3.0,1918.0,modernized,,E,,6.67,False,False,False,False,False,False,Feb20
105602456,Brandenburg,Potsdam,Groß_Glienicke,14476,450.0,,144.0,,30.0,1.0,1935.0,first_time_use_after_refurbishment,apartment,,district_heating,3.85,False,False,True,False,True,True,Sep18
113844975,Nordrhein_Westfalen,Köln,Nippes,50670,1700.0,1999.0,299.0,,130.0,3.0,2013.0,fully_renovated,penthouse,,central_heating,4.94,False,True,True,True,False,True,Oct19
110810800,Sachsen,Hoyerswerda,Kühnicht,2977,289.0,,75.0,46.0,57.73,3.0,,,apartment,,district_heating,1.82,False,False,False,True,False,False,May19
82320144,Nordrhein_Westfalen,Düsseldorf,Friedrichstadt,40215,1150.0,1490.0,340.0,,92.0,3.0,1976.0,modernized,apartment,,floor_heating,5.03,False,True,True,True,False,True,Oct19
114866423,Niedersachsen,Goslar_Kreis,Clausthal_Zellerfeld,38678,275.0,440.0,85.0,80.0,53.09,3.0,1958.0,well_kept,ground_floor,,central_heating,3.42,False,False,False,True,True,False,Feb20
110682561,Sachsen,Chemnitz,Harthau,9125,215.0,310.0,47.5,47.5,41.0,1.0,1908.0,refurbished,ground_floor,C,central_heating,0.0,False,False,False,True,False,False,May19
110976883,Rheinland_Pfalz,Mainz,Neustadt,55118,1245.0,,,,94.2,3.0,2018.0,first_time_use,apartment,B,district_heating,4.44,True,True,False,True,False,True,May19
115249388,Bayern,München,Trudering,81827,1780.0,,200.0,120.0,92.0,3.0,2020.0,first_time_use,,,floor_heating,4.93,True,True,False,True,False,False,Feb20
110950240,Sachsen,Dresden,Pieschen_Süd,1127,429.0,561.0,132.0,,58.79,2.0,1994.0,refurbished,roof_storey,,central_heating,2.75,False,False,True,True,False,False,May19
114062188,Rheinland_Pfalz,Bad_Kreuznach_Kreis,Bad_Kreuznach,55545,700.0,870.0,170.0,,94.17,2.5,,,other,,,5.33,False,True,False,True,False,True,Feb20
115691410,Sachsen,Dresden,Bühlau/Weißer_Hirsch,1324,1595.0,1883.0,288.0,,128.0,4.0,2019.0,first_time_use,apartment,,,1.1,True,True,True,True,False,False,Feb20
106656804,Bayern,Garmisch_Partenkirchen_Kreis,Krün,82494,890.0,1140.0,200.0,,109.0,3.0,1998.0,well_kept,terraced_flat,C,central_heating,2.38,False,True,False,True,True,False,Sep18
101692488,Nordrhein_Westfalen,Neuss_Rhein_Kreis,Neuss,41462,765.0,943.5,178.5,,85.0,3.0,1960.0,well_kept,ground_floor,NO_INFORMATION,self_contained_central_heating,4.16,False,True,False,True,False,False,Oct19
113389161,Nordrhein_Westfalen,Essen,Bredeney,45133,366.0,535.0,169.0,76.0,54.1,4.0,1903.0,,roof_storey,,central_heating,2.77,False,False,False,False,False,False,Oct19
115658321,Niedersachsen,Celle_Kreis,Celle,29227,300.0,,160.0,,32.0,1.0,1970.0,well_kept,apartment,E,central_heating,4.99,False,False,False,True,False,True,Feb20
104339067,Sachsen,Erzgebirgskreis,Oberwiesenthal,9484,270.0,390.0,120.0,,62.5,3.0,1970.0,,apartment,,,0.61,False,True,False,True,False,False,Oct19
113832184,Sachsen,Leipzig,Zentrum_Ost,4103,1295.0,1565.0,270.0,,103.33,4.0,2018.0,mint_condition,apartment,,floor_heating,5.0,True,True,True,False,False,True,Oct19
111311370,Sachsen,Chemnitz,Hilbersdorf,9131,270.0,375.0,105.0,,55.37,2.0,1920.0,well_kept,other,,gas_heating,-0.4,False,True,False,False,True,False,May19
113680397,Bayern,München,Perlach,81739,511.55,630.86,70.02,49.29,33.99,1.0,2019.0,,apartment,,central_heating,5.09,True,False,True,True,False,False,Oct19
111309038,Nordrhein_Westfalen,Bochum,Wattenscheid_Mitte,44866,315.0,435.0,120.0,,52.4,2.5,1910.0,modernized,apartment,,gas_heating,4.44,False,False,False,True,False,False,May19
105939791,Sachsen_Anhalt,Halle_Saale,Nördliche_Innenstadt,6108,468.0,628.0,80.0,80.0,66.27,2.0,1895.0,negotiable,,,central_heating,4.35,False,False,False,False,False,False,Sep18
115022875,Nordrhein_Westfalen,Märkischer_Kreis,Kierspe,58566,466.0,,103.0,,76.0,2.0,1999.0,well_kept,half_basement,,gas_heating,2.21,False,True,False,True,True,False,Feb20
111381972,Bayern,Fürstenfeldbruck_Kreis,Gröbenzell,82194,416.0,506.0,90.0,,36.0,1.0,,,apartment,,central_heating,5.13,False,True,True,True,False,True,May19
74923646,Hessen,Darmstadt_Dieburg_Kreis,Pfungstadt,64319,530.0,730.0,200.0,,55.0,2.0,2000.0,well_kept,roof_storey,,central_heating,3.57,False,False,False,False,False,True,Oct19
82969196,Sachsen_Anhalt,Halle_Saale,Altstadt,6108,450.0,585.0,135.0,,58.5,2.0,2004.0,well_kept,apartment,,central_heating,3.08,False,True,True,False,False,False,May19
115667628,Bayern,Regensburg,Weichs,93059,610.0,730.0,120.0,,65.0,2.0,1994.0,well_kept,apartment,,central_heating,4.57,False,True,False,False,True,True,Feb20
115364612,Hessen,Frankfurt_am_Main,Unterliederbach,65929,1004.0,1264.0,260.0,,89.0,3.0,1992.0,mint_condition,apartment,,central_heating,5.24,False,True,True,True,False,False,Feb20
115649777,Sachsen,Mittelsachsen_Kreis,Döbeln,4720,314.5,494.5,180.0,,74.07,2.0,1900.0,refurbished,,,,0.98,False,False,False,True,False,False,Feb20
115616564,Nordrhein_Westfalen,Gelsenkirchen,Bulmke_Hüllen,45888,270.0,,70.0,50.0,35.59,1.0,1950.0,negotiable,apartment,,,2.07,False,False,False,False,False,False,Feb20
109138395,Nordrhein_Westfalen,Hagen,Mittelstadt,58095,280.0,405.0,125.0,50.0,50.0,2.0,,well_kept,ground_floor,,central_heating,3.45,False,True,False,True,True,False,May19
70354367,Baden_Württemberg,Ortenaukreis,Lahr/Schwarzwald,77933,1050.0,,200.0,,115.12,4.0,2012.0,,apartment,,central_heating,5.48,False,True,True,True,False,False,Sep18
106634035,Nordrhein_Westfalen,Krefeld,Cracau,47799,280.0,350.0,70.0,,29.0,1.0,1973.0,,,,electric_heating,3.03,False,False,False,False,False,False,Sep18
91169617,Sachsen,Leipzig,Grünau_Nord,4205,193.0,271.0,78.0,,34.51,1.0,1982.0,refurbished,,,central_heating,2.04,False,True,False,True,False,True,Feb20
113831043,Hessen,Wiesbaden,Kostheim,55246,600.0,765.0,165.0,,58.0,2.0,1999.0,well_kept,roof_storey,B,floor_heating,2.68,False,True,False,True,False,True,Oct19
113267985,Thüringen,Greiz_Kreis,Greiz,7973,310.0,,130.0,,65.0,3.0,,,roof_storey,D,central_heating,0.61,False,False,False,True,False,False,Oct19
112886623,Nordrhein_Westfalen,Gelsenkirchen,Buer,45894,413.17,515.17,102.0,,60.76,2.0,1928.0,,apartment,,central_heating,2.04,False,True,False,True,False,False,Oct19
106146865,Sachsen,Leipzig,Möckern,4159,532.0,721.0,189.0,,82.0,3.0,1996.0,first_time_use_after_refurbishment,apartment,,central_heating,4.76,False,True,True,True,False,True,Sep18
115126733,Nordrhein_Westfalen,Gelsenkirchen,Beckhausen,45897,324.0,468.0,101.0,43.0,53.02,2.5,1959.0,,apartment,F,,2.34,False,False,False,True,True,False,Feb20
107374643,Niedersachsen,Emsland_Kreis,Lingen_Ems,49808,339.0,,76.0,,57.26,3.0,1959.0,,roof_storey,,self_contained_central_heating,3.45,False,False,False,True,True,False,Sep18
107365841,Nordrhein_Westfalen,Höxter_Kreis,Höxter,37671,215.0,,110.0,,50.0,2.0,1900.0,,roof_storey,,central_heating,4.35,False,False,False,False,False,False,Sep18
113650852,Nordrhein_Westfalen,Aachen,Soers,52070,990.0,1240.0,250.0,,100.0,2.0,1947.0,well_kept,maisonette,,central_heating,1.48,False,False,False,False,False,False,Oct19
106978798,Hessen,Gießen_Kreis,Gießen,35390,850.0,1000.0,150.0,,83.0,2.5,1993.0,first_time_use_after_refurbishment,apartment,D,central_heating,2.38,False,False,True,True,False,False,Sep18
111298749,Baden_Württemberg,Ulm,Oststadt,89073,1150.0,1300.0,150.0,,126.0,4.0,,well_kept,apartment,,central_heating,5.71,False,False,False,True,False,True,May19
111413107,Hessen,Waldeck_Frankenberg_Kreis,Korbach,34497,386.0,614.0,228.0,90.0,77.07,4.0,1962.0,,,D,central_heating,2.18,False,False,False,True,False,False,May19
103738847,Thüringen,Gera,Bieblach_Ost,7552,156.0,235.0,34.0,45.0,34.43,1.0,1920.0,well_kept,apartment,,central_heating,4.17,False,True,False,True,False,False,Sep18
114720190,Nordrhein_Westfalen,Wesel_Kreis,Dinslaken,46535,550.0,750.0,200.0,,50.0,2.0,1972.0,modernized,apartment,,district_heating,2.43,False,True,True,True,True,False,Feb20
106838792,Nordrhein_Westfalen,Märkischer_Kreis,Werdohl,58791,245.0,,35.0,,49.0,2.0,1920.0,,apartment,F,self_contained_central_heating,2.0,False,False,False,True,False,False,Sep18
111247771,Baden_Württemberg,Mannheim,Neckarstadt_Ost_/_Wohlgelegen,68167,980.0,,150.0,,110.0,3.0,,first_time_use_after_refurbishment,apartment,,gas_heating,4.33,False,True,False,True,False,False,May19
106961086,Nordrhein_Westfalen,Gelsenkirchen,Schalke,45881,267.0,340.0,73.0,,49.0,2.5,1889.0,,roof_storey,E,central_heating,3.57,False,False,False,False,False,False,Sep18
107573642,Thüringen,Schmalkalden_Meiningen_Kreis,Oberhof,98559,310.0,395.0,85.0,,50.0,2.0,,,apartment,,,1.42,False,False,False,False,False,False,May19
103639814,Niedersachsen,Salzgitter,Lebenstedt,38228,381.0,625.0,244.0,,73.32,3.0,1972.0,fully_renovated,apartment,E,district_heating,1.0,False,True,False,True,False,False,Oct19
111305686,Hessen,Frankfurt_am_Main,Sachsenhausen_Nord,60594,1670.0,2030.0,360.0,,92.0,3.0,2014.0,mint_condition,,,central_heating,5.28,False,True,True,True,False,True,May19
106752315,Nordrhein_Westfalen,Dortmund,Rahm,44369,370.5,541.5,114.0,57.0,56.51,3.5,1959.0,well_kept,,,central_heating,4.48,False,True,False,True,False,False,Sep18
111383700,Niedersachsen,Hannover,Nordstadt,30167,720.0,800.0,80.0,,72.0,3.0,1956.0,first_time_use_after_refurbishment,other,,self_contained_central_heating,4.45,False,True,False,True,True,False,May19
110941311,Sachsen_Anhalt,Magdeburg,Neu_Olvenstedt,39130,235.86,317.99,82.13,34.15,39.31,1.0,1986.0,,apartment,A,central_heating,3.85,False,True,False,False,False,False,May19
113255472,Bayern,München,Altstadt,80331,2440.0,2640.0,200.0,,78.7,2.0,2019.0,first_time_use,apartment,,floor_heating,4.45,True,True,True,False,False,False,Oct19
113560199,Nordrhein_Westfalen,Gelsenkirchen,Bulmke_Hüllen,45888,240.0,310.0,70.0,,43.78,2.0,1952.0,,apartment,C,self_contained_central_heating,1.92,False,False,False,False,False,False,Oct19
115294792,Hamburg,Hamburg,Altona_Altstadt,22767,724.0,849.0,65.0,60.0,41.33,1.0,1980.0,modernized,apartment,D,central_heating,4.98,False,True,False,True,False,True,Feb20
92981204,Thüringen,Gera,Gera_Ost,7546,210.0,300.0,90.0,,38.2,1.0,,well_kept,apartment,,central_heating,1.89,False,False,False,True,True,True,May19
109747007,Bayern,Regensburg_Kreis,Schierling,84069,642.0,869.0,166.0,,75.57,3.0,2018.0,first_time_use,apartment,NO_INFORMATION,floor_heating,4.75,True,True,True,True,False,False,May19
111276653,Nordrhein_Westfalen,Wuppertal,Oberbarmen,42275,280.0,400.0,120.0,,37.0,2.0,1963.0,first_time_use_after_refurbishment,roof_storey,,central_heating,2.83,False,False,False,True,True,False,May19
106213879,Sachsen,Vogtlandkreis,Oelsnitz/Vogtland,8606,230.0,330.0,100.0,,45.0,2.0,,fully_renovated,apartment,G,central_heating,2.36,False,False,False,True,True,False,Oct19
115474375,Hamburg,Hamburg,HafenCity,20457,2000.0,2265.0,265.0,,93.71,3.0,2018.0,mint_condition,apartment,,floor_heating,,False,True,True,False,False,True,Feb20
103404562,Brandenburg,Spree_Neiße_Kreis,Spremberg,3130,204.25,282.83,78.59,,40.93,2.0,1961.0,modernized,raised_ground_floor,NO_INFORMATION,district_heating,2.08,False,False,False,True,False,False,Sep18
104102870,Sachsen,Chemnitz,Hilbersdorf,9131,281.5,378.0,96.5,,40.21,2.0,1900.0,first_time_use_after_refurbishment,raised_ground_floor,,floor_heating,0.0,False,False,False,True,True,False,May19
110188480,Sachsen,Zwickau,Mitte_Nord,8056,635.0,845.0,210.0,,90.7,3.0,1900.0,refurbished,ground_floor,,central_heating,0.7,False,True,False,True,False,False,Oct19
111630411,Sachsen,Sächsische_Schweiz_Osterzgebirge_Kreis,Pirna,1796,325.0,,70.0,70.0,59.0,2.0,1891.0,refurbished,apartment,,central_heating,0.93,False,False,False,False,False,False,Feb20
111078915,Bremen,Bremerhaven,Lehe,27568,250.0,340.0,90.0,,54.48,2.0,1926.0,,,,self_contained_central_heating,3.33,False,True,False,True,False,False,May19
115207484,Sachsen,Leipzig,Grünau_Nord,4205,194.0,263.01,69.01,,32.86,1.0,1983.0,refurbished,,,central_heating,2.88,False,False,True,True,False,True,Feb20
113349233,Baden_Württemberg,Mannheim,Käfertal,68309,970.0,1270.0,300.0,,103.0,5.0,1971.0,first_time_use_after_refurbishment,apartment,,district_heating,4.13,False,False,False,True,False,False,Oct19
103481364,Nordrhein_Westfalen,Essen,Südostviertel,45139,455.61,608.61,92.0,61.0,60.91,2.5,1910.0,,apartment,,central_heating,2.99,False,True,False,True,False,False,Sep18
114274903,Baden_Württemberg,Lörrach_Kreis,Lörrach,79539,900.0,,80.0,80.0,75.0,2.5,1951.0,fully_renovated,apartment,,self_contained_central_heating,0.66,False,True,False,True,False,True,Feb20
111230897,Baden_Württemberg,Schwäbisch_Hall_Kreis,Crailsheim,74564,690.0,840.0,150.0,,90.0,3.0,1990.0,modernized,apartment,,central_heating,3.8,False,True,True,True,False,False,May19
81924685,Nordrhein_Westfalen,Paderborn_Kreis,Paderborn,33098,660.0,840.0,120.0,60.0,90.0,4.0,1965.0,modernized,apartment,D,gas_heating,3.17,False,True,False,True,False,True,May19
111328925,Niedersachsen,Braunschweig,Nordstadt,38106,640.0,720.0,80.0,,74.0,3.0,,fully_renovated,apartment,,central_heating,0.74,False,False,False,False,False,False,May19
110946078,Sachsen,Zwickau,Nordvorstadt,8058,308.0,431.0,123.0,,61.6,2.0,1900.0,refurbished,,,central_heating,0.9,False,True,False,True,False,False,Feb20
99929348,Nordrhein_Westfalen,Dortmund,Lanstrop,44329,371.0,554.0,108.0,75.0,62.0,3.0,1965.0,well_kept,apartment,,central_heating,3.39,False,True,False,True,False,False,May19
93693978,Nordrhein_Westfalen,Essen,Ostviertel,45139,500.0,700.0,130.0,70.0,78.0,3.0,1965.0,well_kept,apartment,,central_heating,3.28,False,True,False,True,False,False,Sep18
115298520,Sachsen,Leipzig,Gohlis_Nord,4157,656.02,847.67,191.65,,73.71,3.0,1877.0,refurbished,,,,3.2,False,True,True,True,False,False,Feb20
113868441,Hamburg,Hamburg,Lohbrügge,21031,1039.72,1284.86,245.14,,84.53,3.0,2019.0,first_time_use,roof_storey,,floor_heating,4.76,True,True,True,True,False,True,Feb20
115636358,Bayern,Augsburg,Kriegshaber,86156,585.0,720.0,135.0,,49.0,2.0,1972.0,fully_renovated,apartment,,central_heating,4.39,False,False,False,False,False,True,Feb20
115610953,Berlin,Berlin,Köpenick_Köpenick,12555,1330.42,1636.27,255.85,,102.0,3.0,1870.0,first_time_use_after_refurbishment,maisonette,,district_heating,5.33,False,True,True,False,False,False,Feb20
111964078,Baden_Württemberg,Göppingen_Kreis,Geislingen_an_der_Steige,73312,785.0,,,,95.0,4.0,1995.0,,,,central_heating,5.5,False,False,False,False,False,False,Feb20
113664872,Bayern,Rosenheim,Westerndorf_St._Peter,83024,1250.0,1400.0,150.0,,80.0,3.0,2018.0,mint_condition,ground_floor,,floor_heating,3.69,True,False,False,False,False,False,Oct19
115171177,Hessen,Frankfurt_am_Main,Gallusviertel,60327,1050.0,1250.0,200.0,,82.45,1.0,2010.0,well_kept,ground_floor,NO_INFORMATION,central_heating,5.57,False,True,True,True,False,True,Feb20
114664206,Baden_Württemberg,Freudenstadt_Kreis,Freudenstadt,72250,1025.0,1165.0,140.0,,82.0,2.5,2019.0,first_time_use,apartment,,floor_heating,5.3,True,True,True,False,False,False,Feb20
110736073,Hessen,Wiesbaden,Dotzheim,65199,840.0,1130.0,230.0,,68.0,2.0,2019.0,first_time_use,ground_floor,,floor_heating,2.96,True,True,True,True,True,True,May19
111275958,Nordrhein_Westfalen,Köln,Klettenberg,50939,1050.0,,135.0,,70.0,2.0,,well_kept,ground_floor,,self_contained_central_heating,4.55,False,True,False,True,True,True,May19
102144497,Niedersachsen,Goslar_Kreis,Clausthal_Zellerfeld,38678,395.0,,,,52.0,2.0,1920.0,,apartment,D,gas_heating,5.26,False,False,False,False,False,True,Oct19
113798915,Nordrhein_Westfalen,Unna_Kreis,Lünen,44534,841.0,1091.0,250.0,,116.0,4.0,1965.0,mint_condition,apartment,,central_heating,2.93,False,True,False,True,True,False,Oct19
65691753,Sachsen_Anhalt,Magdeburg,Sudenburg,39112,450.0,550.0,100.0,,85.0,3.0,1900.0,fully_renovated,apartment,,self_contained_central_heating,1.79,False,False,False,False,False,False,Oct19
113405776,Niedersachsen,Hannover,Kirchrode,30559,807.0,1018.0,132.0,80.0,72.0,3.0,,first_time_use_after_refurbishment,ground_floor,,,3.4,False,True,True,True,False,False,Oct19
106893180,Hessen,Frankfurt_am_Main,Nordend_Ost,60385,700.0,850.0,150.0,,29.0,1.0,1973.0,well_kept,apartment,,central_heating,6.38,False,True,False,False,False,True,Sep18
115477975,Sachsen_Anhalt,Magdeburg,Altstadt,39104,537.0,667.0,130.0,,76.7,3.0,1883.0,fully_renovated,apartment,C,central_heating,1.59,False,False,False,False,False,False,Feb20
111374683,Baden_Württemberg,Schwäbisch_Hall_Kreis,Ilshofen,74532,450.0,590.0,140.0,,58.34,2.0,1983.0,well_kept,terraced_flat,,central_heating,3.44,False,True,False,True,True,True,May19
115273950,Sachsen,Görlitz_Kreis,Neugersdorf,2727,325.0,490.0,80.0,85.0,79.2,4.0,,,,,,1.71,False,True,False,False,False,False,Feb20
110786219,Nordrhein_Westfalen,Neuss_Rhein_Kreis,Neuss,41468,575.0,785.0,120.0,90.0,59.31,2.0,1967.0,,apartment,,central_heating,3.75,False,False,True,False,False,False,May19
105751636,Sachsen,Mittelsachsen_Kreis,Freiberg,9599,320.0,430.0,110.0,55.0,68.5,2.0,1900.0,well_kept,,,central_heating,1.69,False,False,False,False,False,False,Sep18
111281386,Nordrhein_Westfalen,Essen,Altenessen_Süd,45326,305.0,353.0,48.0,,42.0,2.5,1961.0,well_kept,roof_storey,,self_contained_central_heating,3.47,False,False,False,True,False,True,May19
83716697,Hessen,Marburg_Biedenkopf_Kreis,Marburg,35037,750.0,950.0,200.0,,83.0,2.0,1962.0,modernized,,,gas_heating,2.47,False,True,False,True,True,True,Oct19
79558493,Brandenburg,Potsdam_Mittelmark_Kreis,Kleinmachnow,14532,725.0,900.0,125.0,55.0,60.0,2.0,1999.0,well_kept,ground_floor,,central_heating,6.78,False,True,False,True,True,True,May19
114773998,Sachsen,Mittelsachsen_Kreis,Oberschöna,9600,274.5,376.5,102.0,,61.0,2.0,,fully_renovated,ground_floor,,gas_heating,1.4,False,False,False,False,True,True,Feb20
113689793,Bayern,Nürnberg,Sündersbühl,90439,930.0,,150.0,100.0,92.0,2.5,1968.0,well_kept,apartment,G,central_heating,3.08,False,True,False,True,False,True,Oct19
111057780,Hessen,Kassel,Bad_Wilhelmshöhe,34131,1290.0,,280.0,,109.02,3.0,2018.0,first_time_use,apartment,,floor_heating,2.66,True,True,True,True,False,True,May19
115666888,Baden_Württemberg,Heilbronn_Kreis,Untergruppenbach,74199,550.0,650.0,100.0,,45.0,2.0,2016.0,mint_condition,apartment,NO_INFORMATION,floor_heating,6.58,False,True,False,False,False,True,Feb20
67132423,Nordrhein_Westfalen,Wuppertal,Cronenberg,42349,320.0,,80.0,40.0,45.0,1.5,,well_kept,apartment,,central_heating,2.99,False,True,False,True,False,False,Sep18
113380761,Brandenburg,Potsdam,Stern,14480,1273.4,1660.96,387.56,,110.73,4.0,2014.0,mint_condition,terraced_flat,,floor_heating,7.67,False,True,True,True,True,True,Oct19
115660888,Hamburg,Hamburg,Tonndorf,22047,1169.91,1378.61,208.7,,83.48,3.0,,,apartment,,combined_heat_and_power_plant,4.61,False,True,True,True,False,True,Feb20
115649474,Hessen,Main_Kinzig_Kreis,Hanau,63457,690.0,899.0,209.0,,67.0,3.0,1968.0,first_time_use_after_refurbishment,apartment,D,central_heating,4.72,False,True,False,True,False,False,Feb20
88483355,Nordrhein_Westfalen,Mülheim_an_der_Ruhr,Saarn,45481,630.0,698.0,68.0,,67.32,2.0,1994.0,well_kept,other,,central_heating,2.63,False,True,False,True,False,False,Sep18
112768974,Hessen,Fulda_Kreis,Fulda,36039,325.0,,,,18.0,1.0,,,apartment,,,4.53,False,False,False,False,False,True,Feb20
108983534,Sachsen,Chemnitz,Schloßchemnitz,9113,691.37,897.75,144.47,61.91,103.19,4.0,1880.0,,,B,floor_heating,0.56,False,True,True,True,False,False,Feb20
108543106,Hessen,Darmstadt_Dieburg_Kreis,Groß_Zimmern,64846,850.0,,,,50.0,2.0,2017.0,mint_condition,,,floor_heating,3.66,False,True,True,False,True,True,May19
101708650,Niedersachsen,Hildesheim_Kreis,Hildesheim,31137,350.0,550.0,150.0,,44.0,1.0,1974.0,well_kept,apartment,,gas_heating,4.69,False,True,True,True,False,True,May19
115438171,Nordrhein_Westfalen,Gelsenkirchen,Erle,45891,417.0,647.0,130.0,100.0,81.0,3.0,1960.0,need_of_renovation,apartment,,oil_heating,2.08,False,True,True,True,False,False,Feb20
112634435,Sachsen,Leipzig,Böhlitz_Ehrenberg,4178,341.0,463.0,122.0,,50.79,2.0,1965.0,refurbished,apartment,C,central_heating,3.07,False,True,False,True,False,False,Oct19
90703690,Hessen,Hochtaunuskreis,Oberursel_Taunus,61440,850.0,1050.0,200.0,,80.0,3.0,1980.0,need_of_renovation,apartment,,central_heating,4.28,False,True,False,True,False,True,Feb20
45045151,Nordrhein_Westfalen,Düren_Kreis,Langerwehe,52379,270.0,370.0,100.0,,34.0,2.0,1993.0,fully_renovated,apartment,,central_heating,3.83,False,False,False,True,False,True,Oct19
111031420,Nordrhein_Westfalen,Herne,Wanne,44649,459.0,761.0,166.0,136.0,78.0,3.0,1983.0,well_kept,apartment,,district_heating,2.92,False,True,False,True,False,False,May19
113762272,Sachsen,Chemnitz,Zentrum,9111,257.0,357.0,100.0,,49.47,2.0,1954.0,well_kept,apartment,D,central_heating,0.55,False,True,False,False,True,True,Oct19
111397955,Nordrhein_Westfalen,Solingen,Wald,42719,318.08,,157.0,107.0,66.87,3.0,1959.0,well_kept,ground_floor,,central_heating,2.88,False,True,False,True,False,False,May19
106787513,Berlin,Berlin,Steglitz_Steglitz,12163,1515.6,,,,126.3,3.5,1900.0,refurbished,apartment,D,self_contained_central_heating,9.47,False,True,False,True,False,False,Sep18
110751092,Sachsen_Anhalt,Saalekreis,Braunsbedra,6242,354.0,531.0,88.5,88.5,59.0,2.0,1962.0,,other,,,0.0,False,True,True,False,False,False,May19
77126608,Bayern,München,Thalkirchen,81371,895.0,1195.0,300.0,,33.0,1.0,2006.0,refurbished,apartment,,gas_heating,7.69,False,True,True,True,False,True,May19
107575113,Bayern,München,Obergiesing,81549,840.0,990.0,150.0,,40.0,1.0,2018.0,,,,heat_pump,7.18,True,True,False,True,True,True,May19
113434511,Sachsen,Meißen_Kreis,Meißen,1662,140.0,200.0,60.0,,26.0,1.0,1973.0,well_kept,apartment,C,central_heating,1.37,False,False,False,True,False,True,Oct19
115660956,Bayern,Passau_Kreis,Ruhstorf_an_der_Rott,94099,755.0,898.0,143.0,,77.0,3.0,2020.0,,apartment,,central_heating,3.55,True,True,True,True,False,False,Feb20
115564756,Bayern,München,Untermenzing,80997,1023.0,1203.0,180.0,,56.0,2.0,1990.0,mint_condition,apartment,,central_heating,4.96,False,True,True,True,False,True,Feb20
92265317,Nordrhein_Westfalen,Rhein_Sieg_Kreis,Hennef_Sieg,53773,640.0,880.0,240.0,0.0,83.0,2.5,1958.0,modernized,ground_floor,,central_heating,3.74,False,True,False,True,True,False,Oct19
107332875,Hessen,Kassel,West,34119,300.0,,,100.0,33.57,1.0,1963.0,,,E,,3.75,False,True,True,True,False,False,Sep18
115700529,Nordrhein_Westfalen,Mülheim_an_der_Ruhr,Mitte,45468,470.0,610.0,140.0,60.0,66.0,3.0,,modernized,apartment,,central_heating,3.49,False,False,False,True,False,True,Feb20
110298994,Bayern,Fürth,Südstadt,90763,715.0,871.0,156.0,,62.2,2.5,2018.0,first_time_use_after_refurbishment,apartment,B,gas_heating,5.26,True,True,True,True,False,False,May19
54362284,Niedersachsen,Oldenburg_Oldenburg,Ohmstede,26125,1000.0,,70.0,,135.0,4.0,,,penthouse,,heat_pump,8.0,False,True,False,True,False,False,Sep18
115658900,Thüringen,Jena,Lichtenhain,7747,264.0,394.0,80.0,50.0,24.0,1.0,1980.0,refurbished,apartment,C,central_heating,3.72,False,True,True,True,False,True,Feb20
107080462,Berlin,Berlin,Prenzlauer_Berg_Prenzlauer_Berg,10405,2690.82,3139.29,448.48,224.24,149.49,4.0,1914.0,mint_condition,apartment,,central_heating,9.82,False,True,True,False,False,True,Sep18
104412340,Sachsen,Leipzig_Kreis,Pegau,4523,280.0,280.0,170.0,,48.0,2.0,,fully_renovated,other,,central_heating,3.51,False,False,False,True,True,False,Sep18
106934711,Nordrhein_Westfalen,Märkischer_Kreis,Lüdenscheid,58507,280.0,320.0,40.0,,28.0,1.0,1900.0,well_kept,roof_storey,,central_heating,3.23,False,False,False,False,False,False,Sep18
106874780,Hamburg,Hamburg,Eißendorf,21075,1058.0,1358.0,300.0,,92.0,4.0,1953.0,well_kept,terraced_flat,,central_heating,5.68,False,True,False,True,True,True,Sep18
111435539,Baden_Württemberg,Rems_Murr_Kreis,Backnang,71522,750.0,950.0,200.0,,80.0,3.0,,,apartment,,,5.7,False,True,False,True,False,True,Feb20
114937480,Sachsen,Chemnitz,Kaßberg,9112,220.0,326.0,53.0,53.0,52.7,2.0,,,,E,central_heating,0.72,False,False,False,False,False,False,Feb20
115391072,Nordrhein_Westfalen,Münster,Sentrup,48149,1440.0,1695.0,255.0,,110.0,3.5,,refurbished,apartment,NO_INFORMATION,oil_heating,4.46,False,False,False,False,False,False,Feb20
57764169,Nordrhein_Westfalen,Recklinghausen_Kreis,Marl,45770,480.0,,275.0,,92.0,4.5,1972.0,,,D,district_heating,1.69,False,True,True,True,False,False,May19
109880904,Nordrhein_Westfalen,Bielefeld,Sennestadt,33689,350.0,490.0,90.0,50.0,55.76,2.0,1970.0,well_kept,apartment,B,central_heating,3.56,False,True,False,True,False,False,May19
114532641,Nordrhein_Westfalen,Neuss_Rhein_Kreis,Neuss,41468,3750.0,,450.0,,185.0,4.0,2009.0,mint_condition,maisonette,,central_heating,4.07,False,True,True,True,True,False,Feb20
113801953,Nordrhein_Westfalen,Märkischer_Kreis,Kierspe,58566,575.0,815.0,240.0,,96.0,3.0,1995.0,,apartment,F,central_heating,2.23,False,False,False,True,False,False,Oct19
102954235,Sachsen_Anhalt,Saalekreis,Merseburg,6217,421.0,632.0,211.0,,84.42,2.0,1880.0,refurbished,ground_floor,E,central_heating,1.82,False,True,False,True,False,False,May19
112931914,Berlin,Berlin,Charlottenburg_Charlottenburg,10629,1288.0,1458.0,170.0,,56.0,2.0,2015.0,mint_condition,,NO_INFORMATION,floor_heating,6.83,False,True,True,True,False,True,Oct19
108186227,Sachsen,Mittelsachsen_Kreis,Burgstädt,9217,325.0,475.0,150.0,80.0,65.29,3.0,1996.0,well_kept,,,central_heating,1.96,False,False,False,True,False,False,Oct19
99098991,Sachsen,Mittelsachsen_Kreis,Freiberg,9599,330.0,455.0,125.0,,64.32,2.0,1990.0,,roof_storey,,,1.18,False,False,False,False,False,False,Oct19
113042482,Nordrhein_Westfalen,Mettmann_Kreis,Haan,42781,900.0,1155.0,255.0,,94.0,3.0,1913.0,well_kept,apartment,,gas_heating,3.74,False,True,False,True,False,True,Oct19
113537523,Hessen,Kassel,Rothenditmold,34127,362.78,524.08,97.39,63.91,60.87,2.0,1992.0,well_kept,,C,central_heating,3.26,False,True,False,True,False,False,Oct19
115368868,Sachsen,Dresden,Löbtau_Nord,1159,604.0,812.27,208.27,99.97,83.31,2.0,1920.0,first_time_use_after_refurbishment,apartment,,gas_heating,1.91,False,False,False,True,False,False,Feb20
113694486,Baden_Württemberg,Mannheim,Käfertal,68309,950.0,950.0,150.0,,76.0,4.0,,mint_condition,maisonette,,district_heating,4.13,False,True,False,False,False,True,Oct19
99858645,Thüringen,Suhl,Suhl_Mitte,98527,490.0,670.0,180.0,,75.2,3.0,1996.0,well_kept,apartment,,central_heating,4.35,False,True,False,False,False,False,Oct19
110947154,Sachsen,Chemnitz,Sonnenberg,9130,215.0,335.0,120.0,,45.0,2.5,,well_kept,apartment,NO_INFORMATION,central_heating,0.0,False,False,True,True,False,True,May19
114104301,Hessen,Limburg_Weilburg_Kreis,Limburg_an_der_Lahn,65549,475.0,620.0,145.0,,62.11,3.0,1955.0,well_kept,apartment,,gas_heating,4.55,False,False,False,True,True,False,Feb20
110679121,Rheinland_Pfalz,Donnersbergkreis,Eisenberg_Pfalz,67304,600.0,850.0,250.0,,98.16,4.0,1998.0,well_kept,roof_storey,,central_heating,3.08,False,False,False,False,False,False,May19
68747563,Sachsen_Anhalt,Stendal_Kreis,Stendal,39576,129.5,171.55,21.15,21.15,24.0,1.0,,,,,self_contained_central_heating,1.85,False,False,False,True,False,False,Sep18
110988413,Nordrhein_Westfalen,Münster,Gremmendorf_Ost,48167,560.0,645.0,85.0,,77.0,3.0,1960.0,well_kept,terraced_flat,,central_heating,5.83,False,True,False,True,True,True,May19
108894182,Nordrhein_Westfalen,Gelsenkirchen,Beckhausen,45897,390.0,559.0,117.0,52.0,63.84,3.5,1959.0,,apartment,D,,2.53,False,False,False,True,True,False,Oct19
111341332,Hessen,Main_Taunus_Kreis,Schwalbach_am_Taunus,65824,1150.0,1500.0,350.0,,116.0,4.5,1971.0,refurbished,other,E,gas_heating,4.23,False,True,False,True,True,True,May19
108657825,Bayern,Nürnberg,Glockenhof,90461,790.0,910.0,120.0,,71.0,3.0,1952.0,first_time_use,other,,central_heating,4.75,False,True,True,True,True,True,May19
113721355,Nordrhein_Westfalen,Oberhausen,Marienkirche,46047,335.38,487.38,152.0,43.0,49.32,2.0,1961.0,fully_renovated,apartment,,,2.95,False,True,True,False,False,False,Oct19
110785760,Brandenburg,Brandenburg_an_der_Havel,Neustadt,14776,240.0,355.0,115.0,,33.5,2.0,1901.0,refurbished,apartment,,central_heating,4.84,False,False,False,False,False,False,May19
113767623,Nordrhein_Westfalen,Märkischer_Kreis,Iserlohn,58642,585.0,745.0,80.0,80.0,85.0,3.0,1991.0,well_kept,ground_floor,C,central_heating,2.97,False,True,False,True,False,True,Oct19
57291232,Brandenburg,Ostprignitz_Ruppin_Kreis,Neuruppin,16816,410.0,535.0,60.0,65.0,57.09,2.0,1998.0,modernized,apartment,,central_heating,4.55,False,True,False,False,False,True,Sep18
91330497,Nordrhein_Westfalen,Minden_Lübbecke_Kreis,Minden,32427,350.0,495.0,145.0,,54.9,2.0,1954.0,,apartment,,self_contained_central_heating,5.08,False,False,False,True,True,False,May19
113631191,Hessen,Frankfurt_am_Main,Nordend_Ost,60385,900.0,1050.0,150.0,,63.0,2.0,1910.0,,apartment,,central_heating,5.39,False,False,False,False,False,False,Oct19
110597972,Sachsen_Anhalt,Saalekreis,Merseburg,6217,265.0,380.0,60.0,55.0,50.9,2.0,1965.0,,,A,,1.82,False,True,False,True,False,False,May19
113815555,Baden_Württemberg,Stuttgart,West,70197,1050.0,1300.0,150.0,,50.0,1.0,,mint_condition,ground_floor,,,5.99,False,True,False,True,True,True,Oct19
112280429,Mecklenburg_Vorpommern,Ludwigslust_Kreis,Boizenburg/Elbe,19258,385.0,485.0,50.0,50.0,55.0,2.0,,first_time_use_after_refurbishment,,,central_heating,1.92,False,False,False,False,False,True,Oct19
113481744,Nordrhein_Westfalen,Düren_Kreis,Jülich,52428,411.75,543.75,87.0,45.0,61.0,3.0,1955.0,,ground_floor,,central_heating,4.02,False,False,False,True,False,False,Oct19
94096437,Nordrhein_Westfalen,Duisburg,Dellviertel,47051,420.0,599.0,179.0,,60.0,3.0,1891.0,first_time_use_after_refurbishment,apartment,F,district_heating,1.69,False,False,False,False,False,False,Sep18
112447364,Sachsen_Anhalt,Magdeburg,Stadtfeld_Ost,39108,395.0,525.0,130.0,,64.0,3.0,,,raised_ground_floor,,central_heating,1.52,False,False,False,False,False,False,Oct19
115549887,Nordrhein_Westfalen,Steinfurt_Kreis,Rheine,48429,828.0,,180.0,,92.0,3.0,2019.0,first_time_use,maisonette,NO_INFORMATION,,3.75,True,True,False,False,False,False,Feb20
73556606,Sachsen,Leipzig,Neustadt_Neuschönefeld,4315,360.0,470.0,110.0,,55.0,2.0,1910.0,mint_condition,roof_storey,,central_heating,5.17,False,False,False,True,False,False,Sep18
106889966,Sachsen,Leipzig_Kreis,Böhlen,4564,280.86,369.8,46.81,42.13,46.81,1.0,1938.0,refurbished,apartment,G,central_heating,3.39,False,False,False,False,False,False,Sep18
112320077,Nordrhein_Westfalen,Düsseldorf,Benrath,40597,1295.0,1625.0,330.0,,120.0,3.5,1959.0,modernized,apartment,C,central_heating,4.6,False,True,False,False,False,True,Oct19
91414391,Sachsen,Leipzig_Kreis,Eulatal,4654,255.0,400.0,145.0,,57.0,3.0,1988.0,refurbished,apartment,,self_contained_central_heating,2.54,False,False,False,True,False,False,May19
86805568,Bayern,Rottal_Inn_Kreis,Arnstorf,94424,330.0,430.0,100.0,,40.7,2.0,2014.0,mint_condition,raised_ground_floor,NO_INFORMATION,central_heating,3.39,False,False,False,True,False,True,Feb20
105598136,Rheinland_Pfalz,Westerwaldkreis,Montabaur,56410,800.0,990.0,190.0,,94.11,3.0,2017.0,first_time_use_after_refurbishment,apartment,B,wood_pellet_heating,5.46,True,True,False,True,False,False,Sep18
74611067,Niedersachsen,Hildesheim_Kreis,Hildesheim,31139,480.0,610.0,80.0,80.0,75.0,3.0,,fully_renovated,ground_floor,,central_heating,5.45,False,True,False,True,False,False,May19
106871940,Hessen,Hochtaunuskreis,Usingen,61250,670.0,895.0,225.0,95.0,84.68,3.0,1967.0,,ground_floor,,,4.05,False,True,False,False,False,False,Sep18
110280864,Sachsen_Anhalt,Jerichower_Land_Kreis,Burg,39288,298.5,398.5,50.0,,48.98,2.0,,,ground_floor,,,1.46,False,False,False,False,False,False,Oct19
114893337,Sachsen_Anhalt,Dessau_Roßlau,Innerstädtischer_Bereich_Nord,6844,356.7,416.7,60.0,,61.5,3.0,1969.0,modernized,apartment,,district_heating,2.27,False,True,False,True,False,True,Feb20
112791899,Niedersachsen,Hannover_Kreis,Langenhagen,30855,730.0,900.0,170.0,,93.0,4.0,1969.0,modernized,ground_floor,,oil_heating,4.79,False,True,False,True,False,False,Oct19
107321269,Niedersachsen,Hannover,Davenstedt,30453,1150.0,1320.0,170.0,,100.0,3.0,,,penthouse,,combined_heat_and_power_plant,1.35,False,True,True,True,False,True,Sep18
106642319,Berlin,Berlin,Spandau_Spandau,13589,570.31,748.22,177.91,54.59,61.17,2.0,1964.0,refurbished,apartment,,district_heating,7.59,False,True,True,True,False,False,Sep18
112966220,Hessen,Fulda_Kreis,Fulda,36037,315.0,,,,18.0,1.0,2015.0,mint_condition,apartment,,central_heating,4.68,False,False,True,False,False,True,Feb20
112484952,Berlin,Berlin,Friedrichshain_Friedrichshain,10245,1200.0,1350.0,150.0,,63.0,2.0,2019.0,first_time_use,apartment,C,district_heating,7.54,True,True,True,True,True,True,Feb20
109809832,Baden_Württemberg,Mannheim,Innenstadt_/_Jungbusch,68161,470.0,610.0,90.0,50.0,56.0,1.0,1954.0,well_kept,apartment,D,central_heating,5.0,False,False,False,True,False,False,May19
111305211,Hessen,Gießen_Kreis,Gießen,35394,1190.0,1540.0,350.0,,97.0,3.5,2005.0,well_kept,apartment,,gas_heating,2.71,False,True,False,False,False,True,May19
75833556,Bayern,Weilheim_Schongau_Kreis,Altenstadt,86972,580.0,700.0,120.0,,64.0,2.0,,fully_renovated,maisonette,,gas_heating,3.29,False,False,False,False,False,False,Oct19
111408252,Sachsen,Chemnitz,Hilbersdorf,9131,525.0,715.0,190.0,,95.0,4.0,1996.0,well_kept,,,central_heating,-0.4,False,True,False,False,False,True,May19
94927818,Hessen,Frankfurt_am_Main,Griesheim,65933,930.0,1180.0,250.0,,74.0,3.0,1994.0,fully_renovated,roof_storey,,gas_heating,,False,False,False,True,True,True,Oct19
110281207,Nordrhein_Westfalen,Wuppertal,Oberbarmen,42277,260.0,350.0,90.0,,30.0,1.0,1925.0,well_kept,raised_ground_floor,,central_heating,2.83,False,True,False,True,False,True,May19
111263793,Hessen,Frankfurt_am_Main,Riedberg,60438,830.0,960.0,75.0,55.0,63.62,2.0,2010.0,,apartment,B,district_heating,,False,True,True,False,False,True,May19
107351928,Berlin,Berlin,Wilmersdorf_Wilmersdorf,10777,960.0,1180.0,220.0,70.0,71.43,3.0,1959.0,first_time_use_after_refurbishment,apartment,NO_INFORMATION,central_heating,8.57,False,True,True,True,False,False,Sep18
113289016,Rheinland_Pfalz,Kaiserslautern,Innenstadt,67655,350.0,490.0,140.0,70.0,51.0,2.0,1955.0,,apartment,F,central_heating,3.86,False,False,True,True,False,False,Oct19
109871066,Sachsen,Leipzig,Connewitz,4277,549.0,,,,20.0,1.0,2016.0,mint_condition,apartment,B,central_heating,3.87,False,False,True,False,False,False,Feb20
115005362,Niedersachsen,Celle_Kreis,Bergen,29303,590.0,740.0,150.0,,102.0,4.0,1985.0,,terraced_flat,D,central_heating,3.54,False,True,False,False,True,True,Feb20
109549197,Nordrhein_Westfalen,Bielefeld,Senne,33659,1450.0,,,,125.0,3.0,2016.0,mint_condition,apartment,,central_heating,3.08,False,True,True,True,True,True,May19
109990970,Nordrhein_Westfalen,Hagen,Haspe,58135,270.73,,145.0,65.0,54.58,2.0,1998.0,,,C,,2.64,False,True,False,True,False,False,May19
103479838,Nordrhein_Westfalen,Wesel_Kreis,Moers,47443,304.69,589.69,285.0,128.0,81.38,3.0,1991.0,well_kept,apartment,C,district_heating,2.83,False,True,False,True,False,False,May19
115694585,Bayern,Ingolstadt,Etting,85055,900.0,,150.0,,64.63,2.0,2020.0,first_time_use,roof_storey,,central_heating,2.27,True,False,False,True,False,True,Feb20
113411302,Nordrhein_Westfalen,Hagen,Haspe,58135,250.0,400.0,150.0,,52.73,2.0,1900.0,well_kept,other,,self_contained_central_heating,1.76,False,False,False,True,False,False,Oct19
113650783,Thüringen,Weimarer_Land_Kreis,Apolda,99510,420.0,,120.0,,65.0,3.0,1990.0,mint_condition,,B,central_heating,2.14,False,False,False,False,False,True,Oct19
86769794,Thüringen,Nordhausen_Kreis,Nordhausen,99734,324.36,414.36,90.0,30.0,54.06,2.0,,well_kept,raised_ground_floor,,central_heating,0.0,False,True,False,True,True,False,Sep18
111247599,Niedersachsen,Hannover,Waldhausen,30519,2150.0,,350.0,,186.0,5.0,1900.0,,ground_floor,,central_heating,3.84,False,True,False,False,True,True,May19
113265994,Sachsen_Anhalt,Mansfeld_Südharz_Kreis,Lutherstadt_Eisleben,6295,283.0,420.0,46.0,91.0,56.53,2.0,1971.0,well_kept,apartment,C,,2.56,False,True,False,True,False,False,Feb20
113671149,Nordrhein_Westfalen,Bonn,Oberkassel,53227,550.0,650.0,100.0,,45.0,1.0,1905.0,fully_renovated,other,,central_heating,3.41,False,False,False,False,False,True,Oct19
78356206,Hessen,Wetteraukreis,Echzell,61209,575.0,775.0,200.0,,76.0,2.0,1997.0,well_kept,apartment,,central_heating,3.08,False,False,False,True,True,False,Feb20
111104609,Nordrhein_Westfalen,Rheinisch_Bergischer_Kreis,Leichlingen_Rheinland,42799,510.0,655.0,145.0,,74.0,3.0,1974.0,well_kept,apartment,,gas_heating,3.95,False,True,False,True,False,False,May19
106877624,Sachsen_Anhalt,Altmarkkreis_Salzwedel,Gardelegen,39638,1955.0,2195.75,240.75,,160.5,4.0,,mint_condition,penthouse,,central_heating,3.92,False,True,False,True,False,False,May19
110237004,Sachsen,Dresden,Gorbitz_Nord/Neu_Omsewitz,1169,163.34,,62.42,,26.56,1.0,1988.0,,apartment,,central_heating,1.32,False,False,False,True,False,False,Oct19
87679988,Bayern,Nürnberg,"Altstadt,_St._Sebald",90403,775.0,775.0,0.0,,35.0,1.0,1960.0,,,G,,6.0,False,False,False,False,False,False,Feb20
115219765,Sachsen,Leipzig,Neustadt_Neuschönefeld,4315,368.0,498.0,130.0,,55.25,2.0,2006.0,fully_renovated,roof_storey,C,central_heating,4.81,False,False,True,True,False,False,Feb20
113452507,Hessen,Frankfurt_am_Main,Bahnhofsviertel,60329,1739.0,2046.0,307.0,,102.27,2.0,2019.0,first_time_use,apartment,,gas_heating,4.82,True,True,True,True,False,True,Oct19
115555609,Baden_Württemberg,Stuttgart,Birkach,70599,1265.0,1625.0,260.0,,115.0,4.5,1980.0,well_kept,maisonette,D,central_heating,4.38,False,True,False,True,False,True,Feb20
107297344,Sachsen,Leipzig,Volkmarsdorf,4315,350.0,450.0,100.0,,39.0,2.0,,first_time_use_after_refurbishment,roof_storey,,central_heating,4.84,False,False,False,True,True,True,Sep18
110821144,Sachsen,Sächsische_Schweiz_Osterzgebirge_Kreis,Pirna,1796,480.0,624.0,144.0,,57.4,2.0,,,apartment,,gas_heating,1.59,False,True,True,False,False,False,May19
111265945,Nordrhein_Westfalen,Krefeld,Fischeln,47807,239.2,432.45,128.0,65.25,46.0,2.0,1960.0,,apartment,,central_heating,3.17,False,True,False,True,False,False,May19
115263951,Niedersachsen,Hannover_Kreis,Pattensen,30982,690.0,855.0,150.0,,65.0,2.0,,first_time_use,ground_floor,,,4.17,False,True,True,True,False,False,Feb20
115648144,Nordrhein_Westfalen,Essen,Südostviertel,45138,425.5,555.46,113.96,16.0,62.69,3.0,1953.0,well_kept,apartment,,central_heating,3.53,False,True,False,True,False,False,Feb20
106858041,Nordrhein_Westfalen,Recklinghausen_Kreis,Dorsten,46284,740.78,993.14,252.36,,84.18,3.0,2018.0,first_time_use,apartment,A_PLUS,,3.04,True,True,True,False,False,False,Sep18
113353508,Bayern,Nürnberg,Glockenhof,90461,750.0,,100.0,,78.49,2.0,1910.0,well_kept,roof_storey,C,self_contained_central_heating,4.72,False,False,False,False,False,False,Oct19
110961734,Sachsen,Chemnitz,Kaßberg,9112,237.0,337.0,50.0,50.0,43.13,2.0,,refurbished,apartment,,central_heating,0.36,False,False,True,True,False,True,May19
110950876,Sachsen,Leipzig,Eutritzsch,4129,449.0,600.0,151.0,,65.0,3.0,,,terraced_flat,,central_heating,5.09,False,False,False,True,True,False,May19
57151606,Baden_Württemberg,Böblingen_Kreis,Herrenberg,71083,1380.0,,170.0,140.0,168.0,5.0,1996.0,mint_condition,maisonette,,electric_heating,6.34,False,True,False,True,False,True,May19
113236514,Baden_Württemberg,Göppingen_Kreis,Bad_Ditzenbach,73342,900.0,1080.0,180.0,,83.0,3.5,2015.0,well_kept,apartment,E,floor_heating,4.55,False,True,True,True,False,True,Oct19
65803526,Niedersachsen,Osterholz_Kreis,Grasberg,28879,600.0,,,,100.0,4.0,,mint_condition,,NO_INFORMATION,gas_heating,1.75,False,True,False,False,False,True,May19
106644108,Hessen,Marburg_Biedenkopf_Kreis,Marburg,35039,320.0,,30.0,,14.0,1.0,1968.0,,,,,2.41,False,False,False,False,False,False,Sep18
111557202,Sachsen_Anhalt,Halle_Saale,Dölau,6120,1500.0,1870.0,220.0,150.0,146.0,4.0,2019.0,first_time_use,apartment,A,,3.34,True,True,True,False,False,False,Feb20
94987215,Nordrhein_Westfalen,Dortmund,Wellinghofen,44265,575.0,740.0,165.0,,63.0,3.0,1964.0,refurbished,apartment,,central_heating,4.11,False,True,False,True,False,False,May19
104222647,Sachsen_Anhalt,Halle_Saale,Silberhöhe,6132,289.0,418.0,59.0,70.0,57.76,3.0,1983.0,,,,,4.08,False,True,False,True,False,False,Sep18
113451086,Nordrhein_Westfalen,Düsseldorf,Rath,40472,900.0,1140.0,240.0,,92.0,3.0,1936.0,,apartment,NO_INFORMATION,gas_heating,4.84,False,True,False,True,False,False,Oct19
109873839,Sachsen_Anhalt,Magdeburg,Sudenburg,39112,349.0,465.0,116.0,,58.0,2.0,1911.0,well_kept,apartment,NO_INFORMATION,central_heating,2.54,False,False,False,False,False,False,May19
111067404,Bayern,Mühldorf_am_Inn_Kreis,Ampfing,84539,620.0,760.0,140.0,,69.0,2.0,2019.0,first_time_use,apartment,,central_heating,3.74,True,True,True,True,False,False,May19
112790956,Nordrhein_Westfalen,Dortmund,Huckarde,44369,369.0,522.0,103.0,50.0,47.0,2.5,1965.0,,apartment,,central_heating,4.66,False,True,False,True,False,False,Oct19
106717950,Thüringen,Greiz_Kreis,Zeulenroda_Triebes,7937,250.0,,45.0,,45.0,2.0,,,roof_storey,,,0.99,False,False,False,True,True,False,Oct19
112961756,Sachsen,Chemnitz,Altendorf,9116,473.0,573.0,100.0,,86.0,3.0,,fully_renovated,apartment,,self_contained_central_heating,0.36,False,True,False,True,False,False,Oct19
106939038,Sachsen,Erzgebirgskreis,Lugau/Erzgebirge,9385,588.6,828.8,124.6,95.6,85.3,3.0,1955.0,,ground_floor,,,1.9,False,True,False,False,False,False,May19
105893192,Sachsen,Mittelsachsen_Kreis,Waldheim,4736,255.0,340.0,85.0,,51.0,1.0,1870.0,well_kept,roof_storey,,central_heating,0.0,False,True,False,False,False,False,Sep18
113781046,Baden_Württemberg,Esslingen_Kreis,Esslingen_am_Neckar,73730,850.0,960.0,110.0,,82.0,3.0,1995.0,,roof_storey,,,4.9,False,True,False,False,False,True,Oct19
114951574,Hessen,Offenbach_Kreis,Neu_Isenburg,63263,1200.0,1500.0,300.0,,80.0,2.0,2006.0,mint_condition,loft,,district_heating,4.93,False,True,True,True,False,True,Feb20
113827336,Niedersachsen,Holzminden_Kreis,Holzminden,37603,400.0,590.0,190.0,,82.0,4.0,,well_kept,apartment,,central_heating,2.08,False,True,False,True,False,False,Oct19
111258798,Bayern,Ingolstadt,Südwest,85051,555.0,,185.0,,32.0,2.0,1975.0,well_kept,apartment,D,central_heating,1.61,False,False,False,False,False,True,May19
105850462,Sachsen,Leipzig,Gohlis_Süd,4155,349.0,447.0,98.0,,53.67,1.0,1903.0,modernized,apartment,,gas_heating,4.35,False,False,False,True,False,False,Sep18
114993029,Sachsen,Leipzig,Mockau_Nord,4357,275.0,,59.0,54.0,45.4,2.0,1961.0,refurbished,apartment,,,2.58,False,False,False,True,False,False,Feb20
66250272,Niedersachsen,Braunschweig,Innenstadt,38100,555.0,740.0,120.0,65.0,69.0,2.0,1973.0,mint_condition,apartment,B,central_heating,1.0,False,False,True,False,False,True,May19
115639091,Nordrhein_Westfalen,Wuppertal,Elberfeld,42105,430.0,,70.0,,49.0,2.0,1867.0,fully_renovated,apartment,,self_contained_central_heating,3.26,False,False,False,False,False,False,Feb20
113806090,Sachsen,Dresden,Striesen_Süd,1309,880.0,1135.0,115.0,90.0,87.8,4.0,2013.0,mint_condition,apartment,NO_INFORMATION,floor_heating,2.25,False,True,True,True,False,False,Oct19
101687930,Nordrhein_Westfalen,Mülheim_an_der_Ruhr,Mitte,45468,584.0,,211.0,,94.0,3.0,,well_kept,apartment,,,2.82,False,True,False,True,False,False,Sep18
112533026,Hessen,Frankfurt_am_Main,Sachsenhausen_Süd,60598,1190.0,,350.0,,94.0,2.5,,refurbished,,,,4.67,False,True,True,True,True,True,Oct19
113835372,Baden_Württemberg,Stuttgart,Nord,70192,1490.0,1490.0,0.0,,48.0,2.0,1953.0,,apartment,,,5.65,False,True,False,False,False,False,Oct19
113860386,Nordrhein_Westfalen,Bonn,Friesdorf,53175,780.0,1105.0,215.0,110.0,85.8,3.0,1988.0,fully_renovated,apartment,,central_heating,3.63,False,True,False,True,False,False,Feb20
115337000,Nordrhein_Westfalen,Mülheim_an_der_Ruhr,Mitte,45468,761.0,934.0,173.0,,69.0,2.0,2019.0,first_time_use,apartment,,central_heating,3.24,True,True,True,True,False,False,Feb20
112550661,Nordrhein_Westfalen,Rheinisch_Bergischer_Kreis,Rösrath,51503,1295.0,1695.0,420.0,,130.0,5.0,2014.0,,roof_storey,,floor_heating,3.65,False,True,True,True,True,False,Oct19
96289290,Sachsen_Anhalt,Halle_Saale,Südstadt,6128,372.0,,79.0,79.0,71.57,4.0,1975.0,refurbished,,C,district_heating,1.98,False,True,False,False,False,False,Oct19
107290809,Mecklenburg_Vorpommern,Uecker_Randow_Kreis,Pasewalk,17309,300.5,442.72,142.22,,60.1,3.0,1978.0,refurbished,apartment,,central_heating,0.0,False,True,False,True,False,False,May19
115078337,Nordrhein_Westfalen,Bielefeld,Sennestadt,33689,420.0,570.0,150.0,,57.0,2.0,1965.0,well_kept,apartment,,central_heating,3.98,False,True,True,True,True,False,Feb20
108685985,Baden_Württemberg,Tübingen_Kreis,Tübingen,72070,1300.0,1570.0,270.0,,134.0,4.0,1975.0,well_kept,apartment,,central_heating,3.69,False,True,False,True,True,True,Oct19
112071702,Sachsen,Zwickau,Niederplanitz,8062,260.0,390.0,130.0,,58.65,2.0,1890.0,,apartment,F,central_heating,0.19,False,True,False,True,False,False,Oct19
111225510,Baden_Württemberg,Rhein_Neckar_Kreis,Leimen,69181,630.0,830.0,200.0,,58.5,2.0,,,ground_floor,,,4.4,False,True,False,True,False,False,May19
106236331,Nordrhein_Westfalen,Duisburg,Baerl,47199,820.0,1012.0,102.0,90.0,90.0,3.5,1998.0,well_kept,maisonette,,floor_heating,2.86,False,True,False,False,False,True,Sep18
106845600,Nordrhein_Westfalen,Herne,Wanne,44649,453.62,685.62,132.0,685.62,86.0,3.0,,,,,district_heating,3.45,False,True,False,False,False,False,Sep18
109289424,Mecklenburg_Vorpommern,Mecklenburg_Strelitz_Kreis,Neustrelitz,17235,292.2,407.2,55.0,60.0,48.7,2.0,1975.0,,other,,,3.64,False,True,False,True,False,False,May19
113398525,Bayern,Nürnberg,Schoppershof,90491,357.52,455.52,98.0,,46.2,2.0,1955.0,,apartment,,,4.25,False,False,False,False,False,False,Oct19
111289302,Sachsen,Leipzig,Grünau_Mitte,4209,227.0,303.0,36.0,40.0,36.06,1.0,1979.0,well_kept,apartment,,district_heating,4.12,False,True,False,True,False,False,May19
115523361,Sachsen_Anhalt,Magdeburg,Altstadt,39104,494.54,698.39,153.56,50.29,66.83,2.0,1986.0,well_kept,apartment,B,central_heating,1.59,False,True,True,True,False,False,Feb20
115666827,Hessen,Marburg_Biedenkopf_Kreis,Marburg,35037,345.0,440.0,95.0,35.0,23.0,1.0,,,roof_storey,E,central_heating,1.49,False,False,False,False,False,True,Feb20
114619540,Nordrhein_Westfalen,Hochsauerlandkreis,Brilon,59929,650.0,730.0,80.0,,120.0,3.5,,,maisonette,,,3.09,False,True,False,False,False,True,Feb20
65954592,Rheinland_Pfalz,Mainz,Weisenau,55130,760.0,970.0,210.0,,85.0,3.5,1979.0,fully_renovated,raised_ground_floor,,central_heating,1.1,False,True,True,True,False,False,May19
82842077,Sachsen_Anhalt,Anhalt_Bitterfeld_Kreis,Köthen_Anhalt,6366,265.0,395.0,130.0,,53.0,2.0,,,roof_storey,E,central_heating,1.85,False,False,False,True,True,False,Sep18
112144343,Nordrhein_Westfalen,Soest_Kreis,Lippstadt,59557,350.0,470.0,120.0,,55.1,3.0,,,apartment,,central_heating,3.46,False,True,False,True,False,False,Feb20
115582322,Hessen,Wiesbaden,"Rheingauviertel,_Hollerborn",65183,1110.0,1330.0,160.0,70.0,103.33,4.0,,first_time_use_after_refurbishment,,,central_heating,2.14,False,False,False,False,False,False,Feb20
110849343,Nordrhein_Westfalen,Köln,Rath/Heumar,51107,900.0,1150.0,250.0,,90.0,2.0,,modernized,other,,central_heating,4.4,False,True,False,True,False,True,May19
114061418,Sachsen,Zwickau,Marienthal_Ost,8056,180.0,250.0,,,33.0,1.0,,,,,central_heating,0.93,False,False,False,True,False,False,Feb20
110344824,Nordrhein_Westfalen,Unna_Kreis,Unna,59423,229.21,369.21,90.0,50.0,40.93,1.0,,,,,central_heating,3.17,False,True,False,False,False,False,May19
110901894,Brandenburg,Oder_Spree_Kreis,Schöneiche_bei_Berlin,15566,475.0,695.0,180.0,,52.0,2.0,1996.0,well_kept,,,central_heating,5.0,False,True,False,True,False,True,May19
86292200,Hessen,Frankfurt_am_Main,Bornheim,60385,1200.0,1500.0,300.0,,72.0,2.0,,fully_renovated,apartment,,combined_heat_and_power_plant,5.69,False,False,True,True,False,True,Oct19
110179432,Baden_Württemberg,Heilbronn_Kreis,Neckarsulm,74172,1750.0,1750.0,0.0,0.0,60.0,2.5,,mint_condition,,,,8.31,False,True,False,False,False,False,May19
106756563,Mecklenburg_Vorpommern,Schwerin,Mueßer_Holz,19063,227.0,316.0,42.0,46.0,30.98,1.0,1983.0,negotiable,apartment,,district_heating,3.77,False,False,True,True,False,False,Sep18
109970685,Sachsen,Vogtlandkreis,Klingenthal,8248,375.0,535.0,80.0,80.0,75.0,3.0,1936.0,fully_renovated,ground_floor,,oil_heating,3.48,False,False,False,True,True,True,May19
78775819,Sachsen,Zwickau,Mitte_Nord,8056,310.0,445.0,135.0,,55.29,2.0,1900.0,,roof_storey,,central_heating,1.82,False,False,False,True,False,False,Sep18
113860665,Sachsen_Anhalt,Harz_Kreis,Halberstadt,38820,345.0,486.0,141.0,,70.3,3.0,1980.0,refurbished,apartment,B,central_heating,0.37,False,True,False,True,False,False,Oct19
103929331,Sachsen,Mittelsachsen_Kreis,Hartha,4746,239.0,339.0,100.0,,61.0,2.0,,negotiable,maisonette,,central_heating,0.0,False,False,False,True,True,False,Sep18
107078957,Brandenburg,Prignitz_Kreis,Wittenberge,19322,265.0,362.5,97.5,,52.74,2.0,1995.0,,apartment,,gas_heating,0.0,False,False,False,False,False,False,Sep18
107100251,Berlin,Berlin,Wedding_Wedding,10437,1090.0,1300.0,210.0,,63.2,2.0,2018.0,first_time_use,apartment,,floor_heating,11.12,True,True,True,True,False,False,Sep18
111270624,Niedersachsen,Göttingen_Kreis,Göttingen,37077,690.0,810.0,,,90.0,5.0,,,roof_storey,,,4.96,False,False,False,True,True,False,May19
88576317,Thüringen,Greiz_Kreis,Greiz,7973,400.0,,190.0,,91.0,4.0,,,,,central_heating,0.0,False,False,False,True,False,False,May19
64386836,Bayern,München,Laim,80687,1320.0,1595.0,195.0,80.0,88.0,3.0,1965.0,,ground_floor,D,central_heating,5.4,False,True,False,True,False,False,Feb20
115636279,Baden_Württemberg,Pforzheim,Südweststadt,75172,340.0,341.0,,,17.0,1.0,,,apartment,,,4.18,False,False,False,True,True,True,Feb20
109863227,Brandenburg,Havelland_Kreis,Brieselang,14656,520.0,827.0,102.0,175.0,72.89,3.0,1994.0,,apartment,,central_heating,4.63,False,True,False,True,False,False,May19
110142536,Sachsen_Anhalt,Magdeburg,Werder,39114,2200.0,2675.0,350.0,,160.27,4.0,2019.0,first_time_use,,,central_heating,3.55,True,True,True,True,False,False,May19
29718867,Sachsen,Plauen,Obere_Aue,8527,245.5,368.5,123.0,,61.38,2.0,,well_kept,apartment,,central_heating,2.21,False,False,True,True,False,True,Oct19
115526828,Hessen,Main_Kinzig_Kreis,Bad_Orb,63619,550.0,700.0,150.0,,67.0,2.0,1990.0,fully_renovated,apartment,,central_heating,4.32,False,True,True,True,False,True,Feb20
113256033,Sachsen,Chemnitz,Kaßberg,9112,300.0,425.0,125.0,,55.18,2.0,1900.0,well_kept,,D,central_heating,0.54,False,False,True,True,False,True,Oct19
99676868,Bayern,München_Kreis,Unterschleißheim,85716,1250.0,1420.0,80.0,90.0,85.61,3.0,2012.0,mint_condition,apartment,,floor_heating,5.83,False,True,False,True,True,True,Oct19
114950293,Berlin,Berlin,Tiergarten_Tiergarten,10551,480.0,570.0,55.0,35.0,29.0,1.0,1904.0,modernized,,,district_heating,7.78,False,False,False,False,False,True,Feb20
114320828,Nordrhein_Westfalen,Ennepe_Ruhr_Kreis,Hattingen,45525,510.0,,225.0,,89.26,3.5,1978.0,well_kept,apartment,D,central_heating,2.35,False,True,False,True,False,False,Feb20
113736569,Hamburg,Hamburg,St._Georg,20099,2000.0,,315.0,,81.0,3.0,1900.0,modernized,apartment,,central_heating,4.59,False,True,True,False,False,True,Oct19
115521729,Baden_Württemberg,Mannheim,Innenstadt_/_Jungbusch,68161,950.0,1200.0,250.0,,87.0,3.0,1906.0,first_time_use_after_refurbishment,apartment,,district_heating,4.47,False,True,False,False,False,False,Feb20
114971771,Bayern,Freising_Kreis,Gammelsdorf,85408,930.0,1180.0,250.0,,110.0,3.0,1900.0,refurbished,apartment,F,central_heating,3.86,False,False,False,False,True,False,Feb20
113357856,Schleswig_Holstein,Segeberg_Kreis,Kaltenkirchen,24568,1188.0,1507.0,263.0,55.0,122.52,3.0,2019.0,first_time_use,terraced_flat,,combined_heat_and_power_plant,3.88,True,True,True,True,True,True,Oct19
111181927,Thüringen,Nordhausen_Kreis,Nordhausen,99734,580.0,760.0,180.0,,99.0,2.5,1994.0,,,D,central_heating,0.17,False,False,True,False,False,False,May19
113792292,Berlin,Berlin,Neukölln_Neukölln,12043,1200.0,1350.0,150.0,,60.0,2.0,2017.0,first_time_use_after_refurbishment,apartment,B,central_heating,10.1,False,True,True,True,False,True,Oct19
113775179,Hessen,Frankfurt_am_Main,Bockenheim,60486,1900.0,2270.0,370.0,,112.6,4.0,,,apartment,,,5.07,False,True,True,True,False,True,Oct19
113744703,Rheinland_Pfalz,Mainz,Hartenberg/Münchfeld,55122,520.0,680.0,160.0,,51.16,2.0,1960.0,well_kept,ground_floor,D,central_heating,3.8,False,False,False,True,False,True,Oct19
111034437,Sachsen,Chemnitz,Kaßberg,9112,450.0,614.0,164.0,,81.17,3.0,1997.0,,,B,central_heating,0.54,False,True,False,False,False,False,Oct19
104620986,Sachsen_Anhalt,Halle_Saale,Silberhöhe,6128,237.35,,65.0,75.0,57.89,3.0,1983.0,well_kept,apartment,C,central_heating,4.08,False,True,False,True,False,False,May19
113395110,Sachsen,Chemnitz,Hilbersdorf,9131,250.0,390.0,140.0,,71.61,3.0,1920.0,well_kept,apartment,,central_heating,-0.2,False,True,False,False,True,False,Oct19
112827622,Hessen,Fulda_Kreis,Fulda,36043,527.0,627.0,100.0,,36.0,2.0,1968.0,modernized,ground_floor,,,4.74,False,False,False,False,False,True,Feb20
88680696,Nordrhein_Westfalen,Duisburg,Dellviertel,47051,300.0,455.0,95.0,60.0,47.26,2.0,1984.0,well_kept,apartment,C,district_heating,1.69,False,True,False,True,False,False,Oct19
113806294,Hessen,Offenbach_Kreis,Hainburg,63512,640.0,875.0,235.0,,82.0,3.0,1976.0,well_kept,terraced_flat,,oil_heating,4.41,False,True,False,True,False,False,Feb20
114259317,Sachsen_Anhalt,Wittenberg_Kreis,Lutherstadt_Wittenberg,6886,355.0,,86.0,57.0,56.76,2.0,,fully_renovated,apartment,,central_heating,0.47,False,True,False,False,False,False,Feb20
115486838,Bayern,München,Laim,80687,1050.0,,100.0,,51.4,2.0,2020.0,first_time_use_after_refurbishment,apartment,C,gas_heating,5.42,True,False,False,True,False,False,Feb20
111087761,Berlin,Berlin,Weißensee_Weißensee,13088,2200.0,2200.0,,,105.0,2.0,,,roof_storey,,,9.32,False,True,False,False,True,True,May19
111555240,Brandenburg,Spree_Neiße_Kreis,Forst_Lausitz,3149,225.0,312.0,87.0,,40.03,1.5,1906.0,negotiable,apartment,D,central_heating,3.2,False,False,False,False,False,False,Oct19
105851122,Thüringen,Erfurt,Erfurt_Altstadt,99084,590.0,740.0,150.0,,69.4,2.0,1640.0,refurbished,apartment,,district_heating,3.7,False,False,False,False,False,False,Sep18
113704587,Sachsen_Anhalt,Dessau_Roßlau,Innerstädtischer_Bereich_Mitte,6844,405.0,,130.0,,62.7,2.0,1996.0,well_kept,,,central_heating,3.0,False,True,False,True,True,False,Oct19
110749975,Hessen,Limburg_Weilburg_Kreis,Limburg_an_der_Lahn,65549,378.0,,135.0,,63.0,1.0,1970.0,well_kept,loft,E,central_heating,2.9,False,False,False,False,True,True,May19
111216042,Nordrhein_Westfalen,Neuss_Rhein_Kreis,Neuss,41472,600.0,840.0,240.0,,87.0,3.0,1972.0,well_kept,apartment,D,central_heating,4.0,False,True,True,True,False,False,May19
96100548,Nordrhein_Westfalen,Solingen,Solingen_Mitte,42651,528.0,819.0,141.0,150.0,74.0,3.0,1971.0,refurbished,,,central_heating,1.54,False,True,True,False,False,False,Sep18
113385016,Sachsen,Bautzen_Kreis,Bischofswerda,1877,315.0,463.0,89.0,59.0,59.43,2.0,1850.0,refurbished,roof_storey,,,2.56,False,False,False,False,False,False,Oct19
113669303,Mecklenburg_Vorpommern,Stralsund,Knieperteich,18435,932.0,1127.0,195.0,,89.0,3.0,2019.0,,,A,,0.45,True,True,False,False,False,False,Oct19
107579473,Baden_Württemberg,Heilbronn_Kreis,Bad_Rappenau,74906,620.0,850.0,230.0,,100.0,2.0,,well_kept,maisonette,C,central_heating,7.69,False,False,False,False,False,True,Feb20
110578657,Schleswig_Holstein,Herzogtum_Lauenburg_Kreis,Geesthacht,21502,684.0,884.0,200.0,,72.0,4.0,1972.0,first_time_use_after_refurbishment,apartment,,central_heating,5.19,False,True,False,True,False,True,May19
110551011,Hessen,Wiesbaden,Sonnenberg,65191,495.0,645.0,150.0,,35.0,1.0,1975.0,fully_renovated,ground_floor,,oil_heating,2.52,False,True,True,True,True,True,May19
79790595,Bayern,Bayreuth,Altstadt/Glocken/Geigenreuth,95444,298.0,419.0,121.0,,22.0,1.0,2012.0,,ground_floor,,central_heating,4.01,False,False,True,False,True,True,May19
115202855,Niedersachsen,Harburg_Kreis,Tostedt,21255,590.0,,180.0,,83.0,3.0,1972.0,well_kept,apartment,NO_INFORMATION,central_heating,3.5,False,True,False,True,False,True,Feb20
113285593,Berlin,Berlin,Neukölln_Neukölln,12045,810.0,970.0,160.0,,60.0,2.0,1900.0,,apartment,,self_contained_central_heating,10.1,False,True,False,False,False,False,Oct19
110667799,Bayern,Dillingen_an_der_Donau_Kreis,Dillingen_an_der_Donau,89407,1000.0,1180.0,180.0,,115.0,4.5,1960.0,,,A_PLUS,,4.23,False,True,False,False,False,True,May19
84749865,Sachsen,Zwickau_Kreis,Mülsen,8132,208.0,313.0,105.0,,52.24,2.0,,well_kept,apartment,,central_heating,-0.2,False,False,False,True,True,False,Oct19
109953625,Sachsen,Dresden,Löbtau_Süd,1159,505.0,640.0,135.0,,53.0,2.0,1905.0,well_kept,apartment,,central_heating,2.72,False,True,False,True,False,True,May19
111656451,Nordrhein_Westfalen,Soest_Kreis,Soest,59494,595.0,875.0,280.0,,115.0,3.0,1912.0,,,,,2.88,False,False,False,False,False,True,Oct19
106236084,Hessen,Frankfurt_am_Main,Nordend_West,60318,1490.0,1490.0,0.0,,50.0,2.0,1970.0,,,,,5.56,False,True,False,False,False,False,Oct19
107430302,Sachsen_Anhalt,Anhalt_Bitterfeld_Kreis,Köthen_Anhalt,6366,245.0,355.0,110.0,,46.52,1.0,,modernized,apartment,,central_heating,0.89,False,False,False,True,False,False,Oct19
115228811,Sachsen,Leipzig,Lößnig,4279,350.0,465.0,55.0,60.0,53.9,2.0,1925.0,,roof_storey,,central_heating,2.5,False,False,False,False,False,False,Feb20
114952982,Nordrhein_Westfalen,Düsseldorf,Friedrichstadt,40215,950.0,1055.0,105.0,,42.55,1.0,2019.0,first_time_use,apartment,NO_INFORMATION,floor_heating,4.91,True,True,True,True,False,True,Feb20
110962108,Nordrhein_Westfalen,Gelsenkirchen,Bulmke_Hüllen,45888,336.0,426.0,90.0,,60.0,2.0,1954.0,fully_renovated,apartment,,self_contained_central_heating,2.87,False,False,False,True,False,False,May19
111355244,Niedersachsen,Osterode_am_Harz_Kreis,Bad_Grund_Harz,37539,240.0,300.0,60.0,,58.0,3.0,1939.0,,,E,self_contained_central_heating,1.38,False,False,False,False,False,False,Oct19
111200638,Sachsen,Leipzig,Altlindenau,4177,380.0,505.0,125.0,,53.09,2.0,1887.0,refurbished,apartment,,central_heating,5.42,False,False,True,True,True,True,May19
110412579,Sachsen_Anhalt,Halle_Saale,Nördliche_Neustadt,6122,325.0,472.73,59.09,88.64,59.09,3.0,,refurbished,,,central_heating,0.92,False,True,False,True,False,False,Oct19
87409199,Sachsen,Zwickau,Mitte_West,8056,360.0,437.0,77.0,,77.0,3.0,1900.0,refurbished,,,self_contained_central_heating,0.54,False,False,False,True,True,False,Oct19
106679009,Thüringen,Gera,Gera_Ost,7545,226.0,328.0,102.0,,42.6,2.0,1955.0,fully_renovated,apartment,,central_heating,3.85,False,False,False,False,False,False,Sep18
80852247,Sachsen_Anhalt,Magdeburg,Neue_Neustadt,39124,475.0,635.0,160.0,,73.0,3.0,,well_kept,raised_ground_floor,,gas_heating,1.46,False,True,False,True,False,False,Feb20
115198539,Rheinland_Pfalz,Birkenfeld_Kreis,Idar_Oberstein,55743,280.0,400.0,120.0,,52.0,2.0,,refurbished,ground_floor,,oil_heating,2.46,False,True,False,True,False,True,Feb20
112332717,Sachsen,Leipzig,Anger_Crottendorf,4318,340.0,450.0,50.0,60.0,46.0,2.0,1910.0,refurbished,ground_floor,,central_heating,4.29,False,True,False,True,False,False,Feb20
92800860,Sachsen_Anhalt,Magdeburg,Fermersleben,39122,320.0,,78.0,157.0,57.46,2.0,1930.0,well_kept,apartment,,central_heating,1.75,False,True,False,True,False,False,Sep18
112319666,Sachsen,Bautzen_Kreis,Bautzen,2625,395.0,545.0,150.0,,75.0,2.0,1908.0,,apartment,,central_heating,1.93,False,False,False,False,False,False,Oct19
111332294,Nordrhein_Westfalen,Unna_Kreis,Bergkamen,59192,325.0,645.0,170.0,150.0,72.0,3.5,1972.0,,apartment,,,3.14,False,True,False,True,False,False,May19
114319614,Nordrhein_Westfalen,Essen,Dellwig,45357,558.32,757.32,128.0,71.0,71.58,2.0,1927.0,,apartment,B,central_heating,3.37,False,False,False,True,False,False,Feb20
111356062,Sachsen_Anhalt,Dessau_Roßlau,Süd,6849,122.9,142.9,20.0,,24.58,1.0,1972.0,first_time_use_after_refurbishment,,D,district_heating,1.42,False,False,False,False,False,False,May19
113008046,Niedersachsen,Salzgitter,Lobmachtersen,38259,850.0,,,,150.0,5.0,1995.0,well_kept,terraced_flat,,gas_heating,,False,True,False,False,False,True,Oct19
105930423,Bayern,Augsburg,Pfersee,86157,1050.0,1110.0,60.0,,71.35,3.0,1920.0,first_time_use_after_refurbishment,ground_floor,D,central_heating,5.38,False,False,False,True,True,False,Sep18
111262443,Nordrhein_Westfalen,Köln,Heimersdorf,50767,750.0,920.0,170.0,,75.0,2.0,1964.0,well_kept,roof_storey,D,district_heating,4.92,False,False,False,False,False,True,May19
113861066,Nordrhein_Westfalen,Hagen,Altenhagen,58097,245.0,375.0,130.0,45.0,49.31,2.0,1938.0,well_kept,ground_floor,F,central_heating,1.4,False,True,False,True,False,False,Oct19
83047273,Nordrhein_Westfalen,Minden_Lübbecke_Kreis,Minden,32423,399.0,509.0,110.0,40.0,57.79,2.0,1951.0,,apartment,,self_contained_central_heating,5.08,False,True,False,True,True,False,May19
113447716,Nordrhein_Westfalen,Dortmund,Aplerbecker_Mark,44287,335.0,495.0,80.0,80.0,67.0,2.0,1970.0,well_kept,half_basement,,central_heating,2.92,False,False,False,False,True,False,Oct19
106113380,Sachsen,Leipzig,Lindenthal,4158,330.0,430.0,100.0,,49.7,1.0,1996.0,well_kept,apartment,,,3.13,False,True,False,True,False,True,Sep18
115707412,Berlin,Berlin,Friedenau_Schöneberg,14197,1270.0,1495.0,225.0,,87.78,3.0,1911.0,refurbished,apartment,,gas_heating,6.01,False,True,False,True,False,True,Feb20
113645281,Sachsen,Leipzig,Leutzsch,4179,440.0,560.0,120.0,,55.0,2.0,,refurbished,apartment,,central_heating,3.71,False,True,False,True,True,True,Oct19
112214800,Mecklenburg_Vorpommern,Nordvorpommern_Kreis,Ribnitz_Damgarten,18311,360.0,479.0,119.0,,42.5,2.0,,well_kept,apartment,,central_heating,2.85,False,False,True,False,False,False,Feb20
106019896,Sachsen,Leipzig,Grünau_Siedlung,4207,251.52,360.0,57.09,51.39,48.37,2.0,1980.0,refurbished,,,central_heating,2.13,False,True,False,False,False,False,Sep18
111082464,Sachsen,Chemnitz,Hilbersdorf,9131,525.0,715.0,190.0,,95.0,4.0,1910.0,refurbished,,,central_heating,-0.4,False,True,False,True,False,False,May19
113854934,Rheinland_Pfalz,Mainz,Hechtsheim,55129,850.0,1080.0,,,75.0,3.0,,,apartment,,,3.77,False,True,False,False,False,True,Oct19
104118012,Nordrhein_Westfalen,Düsseldorf,Flingern_Süd,40233,644.0,770.47,126.47,,45.99,2.0,2018.0,first_time_use,apartment,,floor_heating,5.26,True,True,True,True,False,False,Sep18
113473790,Hessen,Wiesbaden,Igstadt,65207,650.0,850.0,200.0,,68.0,2.0,1906.0,modernized,roof_storey,,central_heating,1.16,False,True,False,True,False,True,Oct19
107309011,Nordrhein_Westfalen,Dortmund,Innenstadt,44147,391.38,,180.0,69.0,75.0,3.0,1984.0,well_kept,apartment,,central_heating,4.17,False,True,False,True,False,False,Sep18
108639373,Sachsen_Anhalt,Dessau_Roßlau,Alten,6847,187.0,243.0,56.0,21.0,33.54,1.0,1970.0,modernized,,C,district_heating,-1.89,False,True,False,False,False,False,May19
108230577,Sachsen,Chemnitz,Kaßberg,9112,440.0,600.0,160.0,,80.0,3.0,,refurbished,raised_ground_floor,,central_heating,0.36,False,False,False,True,True,False,May19
111206388,Sachsen,Dresden,Johannstadt_Nord,1307,995.0,,189.0,,75.1,3.0,2018.0,first_time_use,roof_storey,,,2.9,True,True,True,True,True,True,May19
75647516,Hessen,Main_Kinzig_Kreis,Gelnhausen,63571,760.0,960.0,200.0,,102.0,3.0,1952.0,well_kept,apartment,,district_heating,4.05,False,True,False,True,False,True,Feb20
109166221,Sachsen,Zwickau_Kreis,Werdau,8412,249.87,429.27,179.4,,78.0,4.0,1983.0,,apartment,NO_INFORMATION,district_heating,0.0,False,False,False,True,False,False,May19
113610418,Hamburg,Hamburg,Altona_Nord,22765,1440.0,1831.9,200.61,96.29,100.31,4.0,2019.0,,apartment,,,5.2,True,False,True,False,False,False,Oct19
111242023,Bayern,München,Maxvorstadt,80335,1990.0,2280.0,290.0,,80.0,3.0,2008.0,mint_condition,,,floor_heating,7.09,False,True,True,True,False,True,May19
112911209,Berlin,Berlin,Pankow_Pankow,13189,1380.0,1620.0,145.0,95.0,102.0,3.0,,first_time_use,apartment,,combined_heat_and_power_plant,7.15,False,True,True,False,False,False,Oct19
115270042,Nordrhein_Westfalen,Düsseldorf,Himmelgeist,40589,1300.0,1550.0,250.0,,115.0,3.0,,,maisonette,D,central_heating,4.05,False,True,False,True,False,False,Feb20
115661712,Nordrhein_Westfalen,Dortmund,Lütgendortmund,44388,300.0,540.0,240.0,,32.0,1.0,1993.0,well_kept,apartment,,central_heating,3.1,False,True,False,True,False,True,Feb20
115003275,Mecklenburg_Vorpommern,Schwerin,Neu_Zippendorf,19063,285.7,428.55,142.85,,57.14,2.5,1977.0,refurbished,apartment,C,district_heating,2.58,False,False,False,False,False,False,Feb20
109378435,Sachsen,Plauen,Neundorfer_Vorstadt,8523,265.0,409.0,144.0,,63.73,2.0,,fully_renovated,other,,central_heating,2.04,False,True,False,True,False,False,May19
112336690,Hessen,Werra_Meißner_Kreis,Witzenhausen,37213,445.0,,215.0,,69.31,3.0,,first_time_use_after_refurbishment,apartment,,central_heating,0.82,False,True,False,True,False,False,Oct19
115452680,Sachsen,Chemnitz,Sonnenberg,9130,195.0,307.0,112.0,,50.9,2.0,1910.0,,ground_floor,,,0.62,False,True,False,True,False,False,Feb20
82180756,Sachsen,Chemnitz,Sonnenberg,9130,325.0,480.0,155.0,,65.0,3.0,1906.0,mint_condition,apartment,,,0.0,False,True,False,True,True,True,Feb20
115353163,Thüringen,Ilm_Kreis,Langewiesen,98704,350.0,,60.0,80.0,69.0,2.0,1900.0,refurbished,,,central_heating,2.92,False,False,False,False,False,False,Feb20
111319658,Bayern,Neu_Ulm_Kreis,Senden,89250,1000.0,1250.0,,,96.0,4.0,,,apartment,,,4.67,False,True,False,True,True,True,May19
111098601,Sachsen,Mittelsachsen_Kreis,Königshain_Wiederau,9306,348.0,508.0,160.0,,80.0,4.0,,first_time_use_after_refurbishment,apartment,,gas_heating,0.91,False,True,False,True,True,False,May19
106514628,Rheinland_Pfalz,Mainz,Altstadt,55116,940.0,1120.0,180.0,,104.0,4.0,1958.0,fully_renovated,raised_ground_floor,,self_contained_central_heating,3.64,False,False,True,True,False,False,Sep18
103871722,Nordrhein_Westfalen,Gelsenkirchen,Buer,45894,395.6,555.6,160.0,,61.91,2.5,1965.0,first_time_use_after_refurbishment,apartment,,,3.23,False,False,True,True,False,False,Sep18
108119197,Sachsen,Leipzig_Kreis,Kohren_Sahlis,4655,305.0,425.0,120.0,,57.5,3.0,1960.0,first_time_use_after_refurbishment,apartment,,central_heating,2.28,False,False,False,False,False,False,Oct19
114978177,Baden_Württemberg,Bodenseekreis,Friedrichshafen,88048,1390.0,,280.0,,115.69,4.5,2016.0,mint_condition,ground_floor,NO_INFORMATION,floor_heating,2.1,False,True,True,True,True,True,Feb20
88884072,Niedersachsen,Osnabrück,Westerberg,49076,1200.0,1390.0,190.0,,132.0,5.0,1972.0,fully_renovated,ground_floor,D,central_heating,,False,True,False,True,True,False,Oct19
113771846,Berlin,Berlin,Charlottenburg_Charlottenburg,14059,472.5,599.89,127.39,,50.0,2.0,1906.0,modernized,apartment,,district_heating,6.83,False,False,False,True,False,True,Oct19
93822511,Baden_Württemberg,Böblingen_Kreis,Sindelfingen,71069,600.0,720.0,120.0,,38.0,1.0,,mint_condition,ground_floor,,,5.62,False,False,False,False,False,False,Feb20
114992431,Baden_Württemberg,Bodenseekreis,Überlingen,88662,1100.0,,200.0,0.0,103.0,3.0,2010.0,,other,,district_heating,1.83,False,True,False,True,False,False,Feb20
